shape_id,shape_pt_lat,shape_pt_lon,shape_pt_sequence,shape_dist_traveled
"WG1",32.60243,-85.48759,1,0.0000
"WG1",32.6028,-85.48762,2,0.0257
"WG1",32.60289,-85.48767,3,0.0325
"WG1",32.60322,-85.48793,4,0.0599
"WG1",32.60338,-85.48814,5,0.0764
"WG1",32.60351,-85.48841,6,0.0945
"WG1",32.60359,-85.48869,7,0.1118
"WG1",32.60361,-85.48884,8,0.1206
"WG1",32.60361,-85.489,9,0.1299
"WG1",32.60357,-85.48922,10,0.1431
"WG1",32.6035,-85.48945,11,0.1573
"WG1",32.60322,-85.49,12,0.1948
"WG1",32.60318,-85.49018,13,0.2056
"WG1",32.60318,-85.4904,14,0.2184
"WG1",32.6051,-85.49042,15,0.3512
"WG1",32.60543,-85.49041,16,0.3741
"WG1",32.60572,-85.49038,17,0.3942
"WG1",32.60636,-85.49038,18,0.4385
"WG1",32.60635,-85.49219,19,0.5439
"WG1",32.60636,-85.49327,20,0.6069
"WG1",32.60635,-85.49353,21,0.6220
"WG1",32.60632,-85.49369,22,0.6316
"WG1",32.60623,-85.49403,23,0.6524
"WG1",32.60608,-85.4944,24,0.6763
"WG1",32.60617,-85.49446,25,0.6834
"WG1",32.60627,-85.49456,26,0.6925
"WG1",32.60632,-85.4947,27,0.7013
"WG1",32.60633,-85.49495,28,0.7159
"WG1",32.60633750376302,-85.49529517309881,29,0.7360
"WG1",32.60634,-85.49541,30,0.7427
"WG1",32.606323508988424,-85.49642007445917,31,0.8016
"WG1",32.6063,-85.49786,32,0.8855
"WG1",32.606251818159095,-85.49875939436357,33,0.9380
"WG1",32.60624,-85.49898,34,0.9509
"WG1",32.6077,-85.49894,35,1.0519
"WG1",32.608055262649856,-85.49893748040674,36,1.0765
"WG1",32.60911,-85.49893,37,1.1495
"WG1",32.60916,-85.49743,38,1.2369
"WG1",32.60916,-85.49675,39,1.2765
"WG1",32.6091525638346,-85.49588740481364,40,1.3268
"WG1",32.60915,-85.49559,41,1.3441
"WG1",32.60912,-85.49483,42,1.3885
"WG1",32.60912,-85.49333,43,1.4759
"WG1",32.60908490795869,-85.49209476014572,44,1.5479
"WG1",32.60907,-85.49157,45,1.5785
"WG1",32.60906,-85.4903,46,1.6525
"WG1",32.60837,-85.49027,47,1.7002
"WG1",32.60748,-85.49037,48,1.7621
"WG1",32.60572,-85.49038,49,1.8838
"WG1",32.60543,-85.49041,50,1.9040
"WG1",32.6051,-85.49042,51,1.9268
"WG1",32.60318,-85.4904,52,2.0596
"WG1",32.6014,-85.49046,53,2.1828
"WG1",32.60105,-85.49046,54,2.2070
"WG1",32.60097,-85.48939,55,2.2696
"WG1",32.60104,-85.48867,56,2.3118
"WG1",32.6011,-85.48845,57,2.3253
"WG1",32.60121,-85.48823,58,2.3402
"WG1",32.60136,-85.48805,59,2.3550
"WG1",32.60155,-85.48791,60,2.3704
"WG1",32.60179,-85.48776,61,2.3892
"WG1",32.60205,-85.48766,62,2.4081
"WG1",32.60224,-85.48761,63,2.4216
"WG1",32.60242,-85.48759,64,2.4341
"ORW1",32.60242,-85.48759,1,0.0000
"ORW1",32.60271,-85.4876,2,0.0201
"ORW1",32.60293,-85.4877,3,0.0364
"ORW1",32.60322,-85.48793,4,0.0605
"ORW1",32.60338,-85.48814,5,0.0770
"ORW1",32.60351,-85.48841,6,0.0951
"ORW1",32.60359,-85.48869,7,0.1123
"ORW1",32.60361,-85.48884,8,0.1212
"ORW1",32.60361,-85.489,9,0.1305
"ORW1",32.60357,-85.48922,10,0.1436
"ORW1",32.6035,-85.48945,11,0.1579
"ORW1",32.60322,-85.49,12,0.1953
"ORW1",32.60318,-85.49018,13,0.2062
"ORW1",32.60318,-85.4904,14,0.2190
"ORW1",32.6051,-85.49042,15,0.3518
"ORW1",32.60543,-85.49041,16,0.3746
"ORW1",32.60572,-85.49038,17,0.3948
"ORW1",32.60636,-85.49038,18,0.4390
"ORW1",32.60635,-85.49219,19,0.5445
"ORW1",32.60636,-85.49327,20,0.6074
"ORW1",32.60635,-85.49353,21,0.6226
"ORW1",32.60632,-85.49369,22,0.6322
"ORW1",32.60623,-85.49403,23,0.6529
"ORW1",32.60608,-85.4944,24,0.6769
"ORW1",32.60594,-85.49463,25,0.6934
"ORW1",32.6058,-85.49481,26,0.7077
"ORW1",32.60569,-85.49492,27,0.7176
"ORW1",32.60554,-85.49505,28,0.7305
"ORW1",32.60539,-85.49516,29,0.7427
"ORW1",32.60502,-85.49539,30,0.7715
"ORW1",32.60476,-85.49549,31,0.7904
"ORW1",32.60455,-85.49553,32,0.8052
"ORW1",32.60433,-85.49553,33,0.8204
"ORW1",32.60409,-85.49551,34,0.8370
"ORW1",32.60405,-85.49584,35,0.8564
"ORW1",32.60402,-85.49634,36,0.8857
"ORW1",32.60402,-85.49653,37,0.8967
"ORW1",32.604,-85.49668,38,0.9056
"ORW1",32.60397,-85.49895,39,1.0379
"ORW1",32.603,-85.4989,40,1.1050
"ORW1",32.60298,-85.50082,41,1.2169
"ORW1",32.60482682595838,-85.50086617064896,42,1.3447
"ORW1",32.60498,-85.50087,43,1.3553
"ORW1",32.60548,-85.50092,44,1.3900
"ORW1",32.60602882978399,-85.50092857546537,45,1.4280
"ORW1",32.60612,-85.50093,46,1.4343
"ORW1",32.6062,-85.49992,47,1.4934
"ORW1",32.60623714158692,-85.49915488330956,48,1.5380
"ORW1",32.6063,-85.49786,49,1.6136
"ORW1",32.60632097674255,-85.49657517451864,50,1.6885
"ORW1",32.60634,-85.49541,51,1.7564
"ORW1",32.60632484604478,-85.49487203458958,52,1.7878
"ORW1",32.60632,-85.4947,53,1.7978
"ORW1",32.60627,-85.49456,54,1.8067
"ORW1",32.60617,-85.49446,55,1.8157
"ORW1",32.60608,-85.4944,56,1.8228
"ORW1",32.60594,-85.49463,57,1.8394
"ORW1",32.6058,-85.49481,58,1.8536
"ORW1",32.60569,-85.49492,59,1.8636
"ORW1",32.60554,-85.49505,60,1.8764
"ORW1",32.60531,-85.49522,61,1.8952
"ORW1",32.60507,-85.49536,62,1.9137
"ORW1",32.60494,-85.49508,63,1.9323
"ORW1",32.60488,-85.49486,64,1.9458
"ORW1",32.60488,-85.49401,65,1.9953
"ORW1",32.60478,-85.49397,66,2.0026
"ORW1",32.60473,-85.49373,67,2.0170
"ORW1",32.6048,-85.4936,68,2.0260
"ORW1",32.60488,-85.49193,69,2.1235
"ORW1",32.60481,-85.49135,70,2.1576
"ORW1",32.60481,-85.49042,71,2.2118
"ORW1",32.60401,-85.4904,72,2.2672
"ORW1",32.60318,-85.4904,73,2.3246
"ORW1",32.60246,-85.49043,74,2.3744
"ORW1",32.60105,-85.49046,75,2.4719
"ORW1",32.60097,-85.48939,76,2.5345
"ORW1",32.60104,-85.48867,77,2.5768
"ORW1",32.6011,-85.48845,78,2.5903
"ORW1",32.60121,-85.48823,79,2.6052
"ORW1",32.60136,-85.48805,80,2.6199
"ORW1",32.60178,-85.48776,81,2.6535
"ORW1",32.60201,-85.48766,82,2.6705
"ORW1",32.60223,-85.48761,83,2.6860
"ORW1",32.60242,-85.4876,84,2.6991
"MN1",32.60114,-85.4884,1,0.0000
"MN1",32.60122,-85.48824,2,0.0108
"MN1",32.60129,-85.48815,3,0.0180
"MN1",32.60137,-85.48807,4,0.0252
"MN1",32.60155,-85.48792,5,0.0404
"MN1",32.60179,-85.48776,6,0.0595
"MN1",32.60205,-85.48766,7,0.0784
"MN1",32.60224,-85.48761,8,0.0918
"MN1",32.60248,-85.48758,9,0.1085
"MN1",32.60261,-85.48758,10,0.1175
"MN1",32.6028,-85.48762,11,0.1309
"MN1",32.60289,-85.48767,12,0.1377
"MN1",32.60322,-85.48793,13,0.1651
"MN1",32.60338,-85.48814,14,0.1816
"MN1",32.60351,-85.48841,15,0.1998
"MN1",32.60359,-85.48869,16,0.2170
"MN1",32.60361,-85.48884,17,0.2258
"MN1",32.60361,-85.489,18,0.2352
"MN1",32.60357,-85.48922,19,0.2483
"MN1",32.6035,-85.48945,20,0.2625
"MN1",32.60322,-85.49,21,0.3000
"MN1",32.60318,-85.49018,22,0.3108
"MN1",32.60318,-85.4904,23,0.3236
"MN1",32.6051,-85.49042,24,0.4565
"MN1",32.60543,-85.49041,25,0.4793
"MN1",32.60572,-85.49038,26,0.4994
"MN1",32.60636,-85.49038,27,0.5437
"MN1",32.6064,-85.48999,28,0.5666
"MN1",32.60645,-85.48976,29,0.5804
"MN1",32.60647,-85.48951,30,0.5951
"MN1",32.6065,-85.48783,31,0.6930
"MN1",32.6065,-85.48705,32,0.7384
"MN1",32.6065,-85.48683,33,0.7512
"MN1",32.6065,-85.48672,34,0.7576
"MN1",32.60641,-85.48646,35,0.7740
"MN1",32.60639,-85.48628,36,0.7846
"MN1",32.60642,-85.48611,37,0.7947
"MN1",32.60649,-85.48597,38,0.8042
"MN1",32.60651,-85.4858,39,0.8142
"MN1",32.60651,-85.48555,40,0.8288
"MN1",32.60652,-85.48504,41,0.8585
"MN1",32.60652,-85.4837,42,0.9366
"MN1",32.606534152908516,-85.48276590803782,43,0.9910
"MN1",32.60655,-85.48172,44,1.0520
"MN1",32.60768,-85.48174,45,1.1301
"MN1",32.6091,-85.48174,46,1.2284
"MN1",32.60908,-85.47987,47,1.3373
"MN1",32.60904,-85.47298,48,1.7388
"MN1",32.608577166612264,-85.47298492375944,49,1.7708
"MN1",32.6081,-85.47299,50,1.8038
"MN1",32.60741,-85.47302,51,1.8516
"MN1",32.60656,-85.47312,52,1.9107
"MN1",32.606555139788554,-85.47384579157568,53,1.9530
"MN1",32.60653,-85.4776,54,2.1717
"MN1",32.60654,-85.4799,55,2.3057
"MN1",32.60508,-85.47991,56,2.4067
"MN1",32.60422,-85.47993,57,2.4662
"MN1",32.60424,-85.48062,58,2.5065
"MN1",32.60419,-85.4813,59,2.5462
"MN1",32.60416,-85.48171,60,2.5702
"MN1",32.60655,-85.48172,61,2.7355
"MN1",32.60652,-85.4837,62,2.8509
"MN1",32.60652,-85.48504,63,2.9290
"MN1",32.60652,-85.48602,64,2.9861
"MN1",32.60647,-85.48951,65,3.1895
"MN1",32.60645,-85.48976,66,3.2041
"MN1",32.6064,-85.48999,67,3.2180
"MN1",32.60636,-85.49038,68,3.2409
"MN1",32.60572,-85.49038,69,3.2851
"MN1",32.60543,-85.49041,70,3.3053
"MN1",32.6051,-85.49042,71,3.3281
"MN1",32.60318,-85.4904,72,3.4609
"MN1",32.60179,-85.49045,73,3.5571
"MN1",32.60105,-85.49046,74,3.6083
"MN1",32.60097,-85.48939,75,3.6709
"MN1",32.60104,-85.48867,76,3.7131
"MN1",32.60114,-85.4884,77,3.7303
"Wire",32.60113,-85.48839,1,0.0000
"Wire",32.60121,-85.48823,2,0.0108
"Wire",32.60136,-85.48805,3,0.0256
"Wire",32.60155,-85.48791,4,0.0411
"Wire",32.60179,-85.48776,5,0.0598
"Wire",32.60205,-85.48766,6,0.0787
"Wire",32.60224,-85.48761,7,0.0922
"Wire",32.60248,-85.48758,8,0.1089
"Wire",32.60261,-85.48758,9,0.1179
"Wire",32.6028,-85.48762,10,0.1312
"Wire",32.60289,-85.48767,11,0.1381
"Wire",32.60322,-85.48793,12,0.1655
"Wire",32.60338,-85.48814,13,0.1820
"Wire",32.60351,-85.48841,14,0.2001
"Wire",32.60359,-85.48869,15,0.2173
"Wire",32.60361,-85.48884,16,0.2262
"Wire",32.60361,-85.489,17,0.2355
"Wire",32.60357,-85.48922,18,0.2486
"Wire",32.6035,-85.48945,19,0.2629
"Wire",32.60322,-85.49,20,0.3003
"Wire",32.60318,-85.49018,21,0.3112
"Wire",32.60318,-85.4904,22,0.3240
"Wire",32.60114,-85.49046,23,0.4651
"Wire",32.59919,-85.49042,24,0.6001
"Wire",32.59904098510742,-85.49042,25,0.6104
"Wire",32.59788,-85.49042,26,0.6907
"Wire",32.59751,-85.49037,27,0.7164
"Wire",32.59741,-85.49041,28,0.7237
"Wire",32.5972,-85.49201,29,0.8181
"Wire",32.59719,-85.49285,30,0.8670
"Wire",32.5973,-85.49367,31,0.9154
"Wire",32.59757,-85.49456,32,0.9706
"Wire",32.59784,-85.49514,33,1.0092
"Wire",32.59829,-85.49594,34,1.0652
"Wire",32.59918,-85.49728,35,1.1647
"Wire",32.59826,-85.49813,36,1.2453
"Wire",32.59738,-85.499,37,1.3245
"Wire",32.59648,-85.50009,38,1.4135
"Wire",32.59573,-85.50093,39,1.4848
"Wire",32.59346,-85.50363,40,1.7071
"Wire",32.59241,-85.50561,41,1.8434
"Wire",32.59208,-85.50639,42,1.8943
"Wire",32.59162,-85.5071,43,1.9465
"Wire",32.59022,-85.50876,44,2.0834
"Wire",32.58925,-85.50997,45,2.1807
"Wire",32.58916420859738,-85.51009283769011,46,2.1900
"Wire",32.58881,-85.5106,47,2.2284
"Wire",32.58841,-85.5111,48,2.2686
"Wire",32.58792,-85.51185,49,2.3239
"Wire",32.58738,-85.51259,50,2.3809
"Wire",32.58676873088895,-85.5134593605135,51,2.4469
"Wire",32.58513,-85.51579,52,2.6239
"Wire",32.5843,-85.51702,53,2.7157
"Wire",32.58353,-85.51803,54,2.7951
"Wire",32.58277,-85.51891,55,2.8685
"Wire",32.581744095622554,-85.52005382442083,56,2.9659
"Wire",32.58103,-85.52085,57,3.0337
"Wire",32.57997938391924,-85.52196294076352,58,3.1311
"Wire",32.57985,-85.5221,59,3.1431
"Wire",32.57923,-85.52283,60,3.2035
"Wire",32.57824,-85.52386,61,3.2946
"Wire",32.57799,-85.52411,62,3.3172
"Wire",32.57787,-85.52433,63,3.3324
"Wire",32.57783,-85.52444,64,3.3394
"Wire",32.57778,-85.52454,65,3.3462
"Wire",32.57768,-85.52461,66,3.3542
"Wire",32.57755,-85.52458,67,3.3634
"Wire",32.57751,-85.5244,68,3.3743
"Wire",32.57762,-85.52428,69,3.3846
"Wire",32.57777,-85.52422,70,3.3955
"Wire",32.57785,-85.52417,71,3.4018
"Wire",32.57848,-85.52355,72,3.4584
"Wire",32.57907921847767,-85.52290746452394,73,3.5143
"Wire",32.57931,-85.52266,74,3.5358
"Wire",32.580877303470174,-85.52100797742332,75,3.6808
"Wire",32.58153,-85.52032,76,3.7412
"Wire",32.58204,-85.51972,77,3.7908
"Wire",32.58247,-85.51925,78,3.8313
"Wire",32.58322,-85.51839,79,3.9034
"Wire",32.58335615732907,-85.51822705762258,80,3.9168
"Wire",32.58383,-85.51766,81,3.9633
"Wire",32.58409,-85.51738,82,3.9876
"Wire",32.58473,-85.51639,83,4.0603
"Wire",32.58534,-85.51548,84,4.1281
"Wire",32.585402382900156,-85.51539533749265,85,4.1347
"Wire",32.58576,-85.51491,86,4.1722
"Wire",32.58643,-85.51393,87,4.2458
"Wire",32.5867781685228,-85.51348028232474,88,4.2814
"Wire",32.58691,-85.51331,89,4.2949
"Wire",32.58736,-85.51267,90,4.3435
"Wire",32.58772,-85.51212,91,4.3840
"Wire",32.58854,-85.51098,92,4.4714
"Wire",32.58894545951125,-85.5104440477725,93,4.5134
"Wire",32.58941,-85.50983,94,4.5615
"Wire",32.59053,-85.50844,95,4.6736
"Wire",32.59137,-85.50746,96,4.7550
"Wire",32.59187,-85.5068,97,4.8068
"Wire",32.59215,-85.50632,98,4.8408
"Wire",32.59251,-85.50544,99,4.8978
"Wire",32.59283,-85.50475,100,4.9437
"Wire",32.59306,-85.50433,101,4.9729
"Wire",32.5933,-85.50393,102,5.0015
"Wire",32.59373,-85.50334,103,5.0470
"Wire",32.59644,-85.5001,104,5.3130
"Wire",32.59614,-85.4997,105,5.3442
"Wire",32.59598,-85.49954,106,5.3587
"Wire",32.59577,-85.49943,107,5.3746
"Wire",32.59557,-85.49938,108,5.3887
"Wire",32.59473,-85.49933,109,5.4469
"Wire",32.59424,-85.4992,110,5.4816
"Wire",32.59389,-85.499,111,5.5085
"Wire",32.5936,-85.49872,112,5.5344
"Wire",32.59332,-85.4983,113,5.5656
"Wire",32.59312,-85.49792,114,5.5917
"Wire",32.59304,-85.49774,115,5.6036
"Wire",32.593,-85.49751,116,5.6172
"Wire",32.5928,-85.49559,117,5.7300
"Wire",32.59267,-85.49441,118,5.7993
"Wire",32.59239,-85.491,119,5.9990
"Wire",32.59233,-85.49031,120,6.0394
"Wire",32.59312,-85.49034,121,6.0941
"Wire",32.59499,-85.49026,122,6.2235
"Wire",32.59565,-85.4902,123,6.2693
"Wire",32.59624,-85.49021,124,6.3101
"Wire",32.59784,-85.4904,125,6.4214
"Wire",32.59938,-85.4904,126,6.5279
"Wire",32.60105,-85.49043,127,6.6434
"Wire",32.60097,-85.48939,128,6.7043
"Wire",32.60104,-85.48867,129,6.7465
"Wire",32.6011,-85.48845,130,6.7600
"MN2",32.60114,-85.48841,1,0.0000
"MN2",32.60123,-85.48824,2,0.0117
"MN2",32.60129,-85.48816,3,0.0179
"MN2",32.60137,-85.48807,4,0.0256
"MN2",32.60155,-85.48791,5,0.0411
"MN2",32.60179,-85.48776,6,0.0599
"MN2",32.60205,-85.48766,7,0.0788
"MN2",32.60224,-85.48761,8,0.0922
"MN2",32.60248,-85.48758,9,0.1089
"MN2",32.60261,-85.48758,10,0.1179
"MN2",32.6028,-85.48762,11,0.1313
"MN2",32.60289,-85.48767,12,0.1382
"MN2",32.60322,-85.48793,13,0.1656
"MN2",32.60338,-85.48814,14,0.1821
"MN2",32.60351,-85.48841,15,0.2002
"MN2",32.60359,-85.48869,16,0.2174
"MN2",32.60361,-85.48884,17,0.2262
"MN2",32.60361,-85.489,18,0.2356
"MN2",32.60357,-85.48922,19,0.2487
"MN2",32.6035,-85.48945,20,0.2629
"MN2",32.60322,-85.49,21,0.3004
"MN2",32.60318,-85.49018,22,0.3112
"MN2",32.60318,-85.4904,23,0.3241
"MN2",32.6051,-85.49042,24,0.4569
"MN2",32.60543,-85.49041,25,0.4797
"MN2",32.60572,-85.49038,26,0.4998
"MN2",32.60636,-85.49038,27,0.5441
"MN2",32.6064,-85.48999,28,0.5670
"MN2",32.60645,-85.48976,29,0.5808
"MN2",32.60647,-85.48951,30,0.5955
"MN2",32.60648,-85.4875,31,0.7126
"MN2",32.60649,-85.48704,32,0.7394
"MN2",32.60649,-85.48681,33,0.7528
"MN2",32.60647,-85.48659,34,0.7657
"MN2",32.60639,-85.48642,35,0.7770
"MN2",32.60639,-85.48622,36,0.7887
"MN2",32.60642,-85.48611,37,0.7954
"MN2",32.60649,-85.48596,38,0.8054
"MN2",32.60652,-85.48504,39,0.8591
"MN2",32.60652,-85.4837,40,0.9372
"MN2",32.606534152908516,-85.48276590803782,41,0.9916
"MN2",32.60655,-85.48172,42,1.0525
"MN2",32.60776,-85.48175,43,1.1363
"MN2",32.60908,-85.48173,44,1.2276
"MN2",32.60908,-85.47987,45,1.3360
"MN2",32.60904,-85.47298,46,1.7374
"MN2",32.608577166612264,-85.47298492375944,47,1.7694
"MN2",32.6081,-85.47299,48,1.8024
"MN2",32.60741,-85.47302,49,1.8502
"MN2",32.60656,-85.47312,50,1.9093
"MN2",32.606555139788554,-85.47384579157568,51,1.9516
"MN2",32.60653,-85.4776,52,2.1703
"MN2",32.60654,-85.4799,53,2.3044
"MN2",32.60508,-85.47991,54,2.4054
"MN2",32.60422,-85.47993,55,2.4648
"MN2",32.60424,-85.48062,56,2.5051
"MN2",32.60419,-85.4813,57,2.5449
"MN2",32.60416,-85.48171,58,2.5688
"MN2",32.60655,-85.48172,59,2.7342
"MN2",32.60652,-85.4837,60,2.8495
"MN2",32.60652,-85.48504,61,2.9276
"MN2",32.60651,-85.486,62,2.9836
"MN2",32.60650871417032,-85.4861137959267,63,2.9902
"MN2",32.60649,-85.48777,64,3.0867
"MN2",32.60647,-85.48951,65,3.1881
"MN2",32.60645,-85.48976,66,3.2027
"MN2",32.6064,-85.48999,67,3.2166
"MN2",32.60636,-85.49038,68,3.2395
"MN2",32.60572,-85.49038,69,3.2837
"MN2",32.60543,-85.49041,70,3.3039
"MN2",32.6051,-85.49042,71,3.3267
"MN2",32.60318,-85.4904,72,3.4595
"MN2",32.60179,-85.49045,73,3.5557
"MN2",32.60105,-85.49046,74,3.6069
"MN2",32.60097,-85.48939,75,3.6695
"MN2",32.60102,-85.48892,76,3.6971
"MN2",32.60105,-85.48866,77,3.7124
"MN2",32.60109,-85.48853,78,3.7205
"MN2",32.60113,-85.48841,79,3.7280
"MN3",32.60114,-85.4884,1,0.0000
"MN3",32.60121,-85.48825,2,0.0100
"MN3",32.60136,-85.48807,3,0.0247
"MN3",32.60155,-85.48791,4,0.0409
"MN3",32.60179,-85.48776,5,0.0596
"MN3",32.60205,-85.48766,6,0.0785
"MN3",32.60224,-85.48761,7,0.0920
"MN3",32.60248,-85.48758,8,0.1087
"MN3",32.60261,-85.48758,9,0.1177
"MN3",32.6028,-85.48762,10,0.1310
"MN3",32.60289,-85.48767,11,0.1379
"MN3",32.60322,-85.48793,12,0.1653
"MN3",32.60338,-85.48814,13,0.1818
"MN3",32.60351,-85.48841,14,0.1999
"MN3",32.60359,-85.48869,15,0.2171
"MN3",32.60361,-85.48884,16,0.2260
"MN3",32.60361,-85.489,17,0.2353
"MN3",32.60357,-85.48922,18,0.2484
"MN3",32.6035,-85.48945,19,0.2627
"MN3",32.60322,-85.49,20,0.3001
"MN3",32.60318,-85.49018,21,0.3110
"MN3",32.60318,-85.4904,22,0.3238
"MN3",32.6051,-85.49042,23,0.4566
"MN3",32.60543,-85.49041,24,0.4794
"MN3",32.60572,-85.49038,25,0.4996
"MN3",32.60636,-85.49038,26,0.5438
"MN3",32.6064,-85.48999,27,0.5667
"MN3",32.60645,-85.48976,28,0.5806
"MN3",32.60647,-85.48951,29,0.5952
"MN3",32.60648,-85.48784,30,0.6925
"MN3",32.60648,-85.48663,31,0.7630
"MN3",32.60642,-85.48648,32,0.7727
"MN3",32.60639,-85.48633,33,0.7817
"MN3",32.6064,-85.48618,34,0.7905
"MN3",32.6064507277821,-85.48603796221012,35,0.7994
"MN3",32.6065,-85.4859,36,0.8082
"MN3",32.60652,-85.48504,37,0.8583
"MN3",32.60652,-85.4837,38,0.9364
"MN3",32.606534152908516,-85.48276590803782,39,0.9908
"MN3",32.60655,-85.48172,40,1.0518
"MN3",32.60793,-85.48173,41,1.1472
"MN3",32.60908,-85.48173,42,1.2268
"MN3",32.60908,-85.47987,43,1.3352
"MN3",32.60904,-85.47298,44,1.7366
"MN3",32.608577166612264,-85.47298492375944,45,1.7686
"MN3",32.6081,-85.47299,46,1.8016
"MN3",32.60741,-85.47302,47,1.8494
"MN3",32.60656,-85.47312,48,1.9085
"MN3",32.606555139788554,-85.47384579157568,49,1.9508
"MN3",32.60653,-85.4776,50,2.1695
"MN3",32.60654,-85.4799,51,2.3036
"MN3",32.60508,-85.47991,52,2.4046
"MN3",32.60422,-85.47993,53,2.4641
"MN3",32.60424,-85.48062,54,2.5043
"MN3",32.60419,-85.4813,55,2.5441
"MN3",32.60416,-85.48171,56,2.5680
"MN3",32.60655,-85.48172,57,2.7334
"MN3",32.60652,-85.4837,58,2.8487
"MN3",32.60652,-85.48504,59,2.9268
"MN3",32.60651,-85.48604,60,2.9851
"MN3",32.60647,-85.48951,61,3.1873
"MN3",32.60645,-85.48976,62,3.2019
"MN3",32.6064,-85.48999,63,3.2158
"MN3",32.60636,-85.49038,64,3.2387
"MN3",32.60572,-85.49038,65,3.2829
"MN3",32.60543,-85.49041,66,3.3031
"MN3",32.6051,-85.49042,67,3.3259
"MN3",32.60318,-85.4904,68,3.4587
"MN3",32.60179,-85.49045,69,3.5549
"MN3",32.60105,-85.49046,70,3.6061
"MN3",32.60098,-85.48938,71,3.6692
"MN3",32.60105,-85.48867,72,3.7109
"MN3",32.60109,-85.48853,73,3.7195
"MN3",32.60114,-85.48841,74,3.7273
"MN4",32.60114,-85.48839,1,0.0000
"MN4",32.60122,-85.48825,2,0.0099
"MN4",32.60136,-85.48805,3,0.0250
"MN4",32.60155,-85.48791,4,0.0405
"MN4",32.60179,-85.48776,5,0.0592
"MN4",32.60205,-85.48766,6,0.0781
"MN4",32.60224,-85.48761,7,0.0916
"MN4",32.60248,-85.48758,8,0.1083
"MN4",32.60261,-85.48758,9,0.1173
"MN4",32.6028,-85.48762,10,0.1306
"MN4",32.60289,-85.48767,11,0.1375
"MN4",32.60322,-85.48793,12,0.1649
"MN4",32.60338,-85.48814,13,0.1814
"MN4",32.60351,-85.48841,14,0.1995
"MN4",32.60359,-85.48869,15,0.2168
"MN4",32.60361,-85.48884,16,0.2256
"MN4",32.60361,-85.489,17,0.2349
"MN4",32.60357,-85.48922,18,0.2480
"MN4",32.6035,-85.48945,19,0.2623
"MN4",32.60322,-85.49,20,0.2997
"MN4",32.60318,-85.49018,21,0.3106
"MN4",32.60318,-85.4904,22,0.3234
"MN4",32.6051,-85.49042,23,0.4562
"MN4",32.60543,-85.49041,24,0.4791
"MN4",32.60572,-85.49038,25,0.4992
"MN4",32.60636,-85.49038,26,0.5435
"MN4",32.6064,-85.48999,27,0.5664
"MN4",32.60645,-85.48976,28,0.5802
"MN4",32.60647,-85.48951,29,0.5948
"MN4",32.60649,-85.48661,30,0.7638
"MN4",32.60643,-85.48651,31,0.7710
"MN4",32.60639,-85.4864,32,0.7779
"MN4",32.60639,-85.48618,33,0.7908
"MN4",32.60648,-85.486,34,0.8030
"MN4",32.6065,-85.4858,35,0.8147
"MN4",32.60652,-85.48504,36,0.8590
"MN4",32.60652,-85.4837,37,0.9371
"MN4",32.606534152908516,-85.48276590803782,38,0.9915
"MN4",32.60655,-85.48172,39,1.0525
"MN4",32.6082,-85.48174,40,1.1666
"MN4",32.60909,-85.48174,41,1.2282
"MN4",32.60908,-85.47987,42,1.3371
"MN4",32.60904,-85.47298,43,1.7386
"MN4",32.608577166612264,-85.47298492375944,44,1.7706
"MN4",32.6081,-85.47299,45,1.8036
"MN4",32.60741,-85.47302,46,1.8514
"MN4",32.60656,-85.47312,47,1.9105
"MN4",32.606555139788554,-85.47384579157568,48,1.9528
"MN4",32.60653,-85.4776,49,2.1715
"MN4",32.60654,-85.4799,50,2.3055
"MN4",32.60508,-85.47991,51,2.4065
"MN4",32.60422,-85.47993,52,2.4660
"MN4",32.60424,-85.48062,53,2.5063
"MN4",32.60419,-85.4813,54,2.5460
"MN4",32.60416,-85.48171,55,2.5700
"MN4",32.60655,-85.48172,56,2.7353
"MN4",32.60652,-85.4837,57,2.8507
"MN4",32.60652,-85.48504,58,2.9288
"MN4",32.60653,-85.48604,59,2.9871
"MN4",32.60647,-85.48951,60,3.1893
"MN4",32.60645,-85.48976,61,3.2040
"MN4",32.6064,-85.48999,62,3.2178
"MN4",32.60636,-85.49038,63,3.2407
"MN4",32.60572,-85.49038,64,3.2850
"MN4",32.60543,-85.49041,65,3.3051
"MN4",32.6051,-85.49042,66,3.3279
"MN4",32.60318,-85.4904,67,3.4607
"MN4",32.60179,-85.49045,68,3.5569
"MN4",32.60105,-85.49046,69,3.6081
"MN4",32.60097,-85.48939,70,3.6707
"MN4",32.60104,-85.48867,71,3.7129
"MN4",32.60114,-85.48839,72,3.7307
"WG2",32.60243,-85.48759,1,0.0000
"WG2",32.60259,-85.48759,2,0.0111
"WG2",32.60279,-85.48763,3,0.0251
"WG2",32.60289,-85.48767,4,0.0324
"WG2",32.60322,-85.48793,5,0.0598
"WG2",32.60338,-85.48814,6,0.0763
"WG2",32.60351,-85.48841,7,0.0944
"WG2",32.60359,-85.48869,8,0.1116
"WG2",32.60361,-85.48884,9,0.1205
"WG2",32.60361,-85.489,10,0.1298
"WG2",32.60357,-85.48922,11,0.1429
"WG2",32.6035,-85.48945,12,0.1572
"WG2",32.60322,-85.49,13,0.1946
"WG2",32.60318,-85.49018,14,0.2055
"WG2",32.60318,-85.4904,15,0.2183
"WG2",32.6051,-85.49042,16,0.3511
"WG2",32.60543,-85.49041,17,0.3739
"WG2",32.60572,-85.49038,18,0.3941
"WG2",32.60636,-85.49038,19,0.4383
"WG2",32.60635,-85.49219,20,0.5438
"WG2",32.60636,-85.49327,21,0.6067
"WG2",32.60635,-85.49353,22,0.6219
"WG2",32.60632,-85.49369,23,0.6315
"WG2",32.60623,-85.49403,24,0.6522
"WG2",32.60608,-85.4944,25,0.6762
"WG2",32.60617,-85.49446,26,0.6833
"WG2",32.60627,-85.49456,27,0.6923
"WG2",32.60632,-85.4947,28,0.7012
"WG2",32.60633,-85.49495,29,0.7158
"WG2",32.60633750376302,-85.49529517309881,30,0.7359
"WG2",32.60634,-85.49541,31,0.7426
"WG2",32.606323508988424,-85.49642007445917,32,0.8015
"WG2",32.6063,-85.49786,33,0.8854
"WG2",32.606251818159095,-85.49875939436357,34,0.9379
"WG2",32.60624,-85.49898,35,0.9508
"WG2",32.6077,-85.49894,36,1.0518
"WG2",32.608055262649856,-85.49893748040674,37,1.0764
"WG2",32.60911,-85.49893,38,1.1493
"WG2",32.60916,-85.49743,39,1.2368
"WG2",32.60916,-85.49675,40,1.2764
"WG2",32.6091525638346,-85.49588740481364,41,1.3267
"WG2",32.60915,-85.49559,42,1.3440
"WG2",32.60912,-85.49483,43,1.3883
"WG2",32.60912,-85.49333,44,1.4757
"WG2",32.60908490795869,-85.49209476014572,45,1.5478
"WG2",32.60907,-85.49157,46,1.5784
"WG2",32.60906,-85.4903,47,1.6524
"WG2",32.60837,-85.49027,48,1.7001
"WG2",32.60748,-85.49037,49,1.7619
"WG2",32.60572,-85.49038,50,1.8837
"WG2",32.60543,-85.49041,51,1.9038
"WG2",32.6051,-85.49042,52,1.9267
"WG2",32.60318,-85.4904,53,2.0595
"WG2",32.6014,-85.49046,54,2.1826
"WG2",32.60105,-85.49046,55,2.2069
"WG2",32.60097,-85.48939,56,2.2695
"WG2",32.60104,-85.48867,57,2.3117
"WG2",32.6011,-85.48845,58,2.3252
"WG2",32.60121,-85.48823,59,2.3401
"WG2",32.60136,-85.48805,60,2.3548
"WG2",32.60155,-85.48791,61,2.3703
"WG2",32.60179,-85.48776,62,2.3891
"WG2",32.60205,-85.48766,63,2.4080
"WG2",32.60224,-85.48761,64,2.4214
"WG2",32.60242,-85.48759,65,2.4339
"WG3",32.60243,-85.48759,1,0.0000
"WG3",32.6028,-85.48762,2,0.0257
"WG3",32.60289,-85.48767,3,0.0325
"WG3",32.60322,-85.48793,4,0.0599
"WG3",32.60338,-85.48814,5,0.0764
"WG3",32.60351,-85.48841,6,0.0945
"WG3",32.60359,-85.48869,7,0.1118
"WG3",32.60361,-85.48884,8,0.1206
"WG3",32.60361,-85.489,9,0.1299
"WG3",32.60357,-85.48922,10,0.1431
"WG3",32.6035,-85.48945,11,0.1573
"WG3",32.60322,-85.49,12,0.1948
"WG3",32.60318,-85.49018,13,0.2056
"WG3",32.60318,-85.4904,14,0.2184
"WG3",32.6051,-85.49042,15,0.3512
"WG3",32.60543,-85.49041,16,0.3741
"WG3",32.60572,-85.49038,17,0.3942
"WG3",32.60636,-85.49038,18,0.4385
"WG3",32.60635,-85.49219,19,0.5439
"WG3",32.60636,-85.49327,20,0.6069
"WG3",32.60635,-85.49353,21,0.6220
"WG3",32.60632,-85.49369,22,0.6316
"WG3",32.60623,-85.49403,23,0.6524
"WG3",32.60608,-85.4944,24,0.6763
"WG3",32.60617,-85.49446,25,0.6834
"WG3",32.60627,-85.49456,26,0.6925
"WG3",32.60632,-85.4947,27,0.7013
"WG3",32.60633,-85.49495,28,0.7159
"WG3",32.60633750376302,-85.49529517309881,29,0.7360
"WG3",32.60634,-85.49541,30,0.7427
"WG3",32.606323508988424,-85.49642007445917,31,0.8016
"WG3",32.6063,-85.49786,32,0.8855
"WG3",32.606251818159095,-85.49875939436357,33,0.9380
"WG3",32.60624,-85.49898,34,0.9509
"WG3",32.6077,-85.49894,35,1.0519
"WG3",32.608055262649856,-85.49893748040674,36,1.0765
"WG3",32.60911,-85.49893,37,1.1495
"WG3",32.60916,-85.49743,38,1.2369
"WG3",32.60916,-85.49675,39,1.2765
"WG3",32.6091525638346,-85.49588740481364,40,1.3268
"WG3",32.60915,-85.49559,41,1.3441
"WG3",32.60912,-85.49483,42,1.3885
"WG3",32.60912,-85.49333,43,1.4759
"WG3",32.60908490795869,-85.49209476014572,44,1.5479
"WG3",32.60907,-85.49157,45,1.5785
"WG3",32.60906,-85.4903,46,1.6525
"WG3",32.60837,-85.49027,47,1.7002
"WG3",32.60748,-85.49037,48,1.7621
"WG3",32.60572,-85.49038,49,1.8838
"WG3",32.60543,-85.49041,50,1.9040
"WG3",32.6051,-85.49042,51,1.9268
"WG3",32.60318,-85.4904,52,2.0596
"WG3",32.6014,-85.49046,53,2.1828
"WG3",32.60105,-85.49046,54,2.2070
"WG3",32.60097,-85.48939,55,2.2696
"WG3",32.60104,-85.48867,56,2.3118
"WG3",32.6011,-85.48845,57,2.3253
"WG3",32.60121,-85.48823,58,2.3402
"WG3",32.60136,-85.48805,59,2.3550
"WG3",32.60155,-85.48791,60,2.3704
"WG3",32.60179,-85.48776,61,2.3892
"WG3",32.60205,-85.48766,62,2.4081
"WG3",32.60224,-85.48761,63,2.4216
"WG3",32.60242,-85.48759,64,2.4341
"CL1",32.60186,-85.48773,1,0.0000
"CL1",32.602,-85.48766,2,0.0105
"CL1",32.60209,-85.48764,3,0.0168
"CL1",32.60225,-85.4876,4,0.0282
"CL1",32.6026,-85.48759,5,0.0524
"CL1",32.60284,-85.48765,6,0.0693
"CL1",32.60301,-85.48775,7,0.0825
"CL1",32.60323,-85.48794,8,0.1013
"CL1",32.6033,-85.48802,9,0.1080
"CL1",32.60352,-85.48843,10,0.1363
"CL1",32.60357,-85.48854,11,0.1436
"CL1",32.6036,-85.48869,12,0.1526
"CL1",32.60362,-85.48891,13,0.1655
"CL1",32.60359,-85.48918,14,0.1814
"CL1",32.60354,-85.48936,15,0.1924
"CL1",32.60344,-85.48959,16,0.2075
"CL1",32.60328,-85.48988,17,0.2277
"CL1",32.60322,-85.49004,18,0.2379
"CL1",32.60319,-85.49019,19,0.2469
"CL1",32.60317,-85.49042,20,0.2603
"CL1",32.60222,-85.49045,21,0.3261
"CL1",32.60145,-85.49047,22,0.3794
"CL1",32.60113,-85.49046,23,0.4015
"CL1",32.60004,-85.49045,24,0.4769
"CL1",32.59904276801078,-85.49044132841749,25,0.5459
"CL1",32.59889,-85.49044,26,0.5564
"CL1",32.59773,-85.49041,27,0.6367
"CL1",32.59653,-85.49023,28,0.7204
"CL1",32.59595,-85.4902,29,0.7605
"CL1",32.59567,-85.49021,30,0.7799
"CL1",32.59548,-85.49021,31,0.7930
"CL1",32.59453,-85.4903,32,0.8590
"CL1",32.59346,-85.49034,33,0.9330
"CL1",32.59233,-85.49031,34,1.0112
"CL1",32.59138,-85.49024,35,1.0770
"CL1",32.59047,-85.49021,36,1.1400
"CL1",32.58925,-85.49018,37,1.2244
"CL1",32.58822860090109,-85.49015528873147,38,1.2951
"CL1",32.58801,-85.49015,39,1.3102
"CL1",32.58675,-85.49009,40,1.3974
"CL1",32.58644,-85.49003,41,1.4191
"CL1",32.58634,-85.48999,42,1.4264
"CL1",32.58602,-85.48986,43,1.4498
"CL1",32.5858,-85.48976,44,1.4661
"CL1",32.58567,-85.48968,45,1.4763
"CL1",32.58532,-85.48943,46,1.5045
"CL1",32.58474,-85.48899,47,1.5521
"CL1",32.5843,-85.48862,48,1.5894
"CL1",32.58463,-85.48889,49,1.6172
"CL1",32.58423,-85.48856,50,1.6509
"CL1",32.58413,-85.48849,51,1.6589
"CL1",32.58383,-85.48834,52,1.6814
"CL1",32.58372,-85.48832,53,1.6891
"CL1",32.58362,-85.48829,54,1.6962
"CL1",32.58337,-85.48826,55,1.7136
"CL1",32.58248,-85.48827,56,1.7752
"CL1",32.58106,-85.48827,57,1.8734
"CL1",32.58009,-85.48826,58,1.9405
"CL1",32.57998,-85.48888,59,1.9774
"CL1",32.57986,-85.48937,60,2.0072
"CL1",32.5796,-85.49018,61,2.0577
"CL1",32.57939,-85.4907,62,2.0913
"CL1",32.57906,-85.49141,63,2.1386
"CL1",32.57877,-85.49192,64,2.1744
"CL1",32.57841,-85.49246,65,2.2146
"CL1",32.57826,-85.49266,66,2.2302
"CL1",32.57748,-85.49365,67,2.3092
"CL1",32.57729,-85.49394,68,2.3306
"CL1",32.57714,-85.49423,69,2.3504
"CL1",32.57703,-85.49453,70,2.3695
"CL1",32.57693,-85.49498,71,2.3966
"CL1",32.5769,-85.49531,72,2.4160
"CL1",32.57689,-85.49557,73,2.4311
"CL1",32.57692,-85.496,74,2.4563
"CL1",32.57697,-85.49624,75,2.4707
"CL1",32.57704,-85.49651,76,2.4872
"CL1",32.57714,-85.49675,77,2.5028
"CL1",32.57751,-85.4975,78,2.5534
"CL1",32.57767,-85.49781,79,2.5746
"CL1",32.57808,-85.49759,80,2.6057
"CL1",32.57876,-85.49713,81,2.6599
"CL1",32.57917,-85.49682,82,2.6935
"CL1",32.57952,-85.49652,83,2.7234
"CL1",32.58023,-85.49588,84,2.7850
"CL1",32.58078,-85.4953,85,2.8359
"CL1",32.58114,-85.4949,86,2.8700
"CL1",32.58136,-85.49462,87,2.8924
"CL1",32.58171,-85.49415,88,2.9289
"CL1",32.58221,-85.49339,89,2.9851
"CL1",32.58196,-85.49309,90,3.0097
"CL1",32.58168,-85.49355,91,3.0428
"CL1",32.58111,-85.49363,92,3.0825
"CL1",32.58097,-85.49364,93,3.0922
"CL1",32.58081,-85.49353,94,3.1050
"CL1",32.58072,-85.49348,95,3.1118
"CL1",32.58057,-85.49336,96,3.1244
"CL1",32.58067,-85.49319,97,3.1364
"CL1",32.58096,-85.49342,98,3.1606
"CL1",32.58106,-85.4935,99,3.1689
"CL1",32.5811,-85.4936,100,3.1754
"CL1",32.58162,-85.49359,101,3.2113
"CL1",32.58172,-85.49348,102,3.2208
"CL1",32.58196,-85.49308,103,3.2494
"CL1",32.58222,-85.49334,104,3.2729
"CL1",32.58252,-85.4929,105,3.3059
"CL1",32.58287,-85.49232,106,3.3475
"CL1",32.5832,-85.49175,107,3.3878
"CL1",32.5834,-85.4914,108,3.4124
"CL1",32.58361,-85.49104,109,3.4380
"CL1",32.58389,-85.49056,110,3.4720
"CL1",32.58424,-85.48997,111,3.5140
"CL1",32.58459,-85.48935,112,3.5575
"CL1",32.5846,-85.48918,113,3.5675
"CL1",32.58459,-85.48901,114,3.5774
"CL1",32.58453,-85.48879,115,3.5909
"CL1",32.58444,-85.48873,116,3.5980
"CL1",32.58435,-85.48865,117,3.6058
"CL1",32.58422,-85.48855,118,3.6165
"CL1",32.58402,-85.48843,119,3.6320
"CL1",32.58375,-85.48832,120,3.6518
"CL1",32.58359,-85.48829,121,3.6630
"CL1",32.58344,-85.48827,122,3.6734
"CL1",32.58336,-85.48837,123,3.6814
"CL1",32.58326,-85.48862,124,3.6976
"CL1",32.58299,-85.4889,125,3.7224
"CL1",32.5828,-85.48908,126,3.7392
"CL1",32.58267,-85.48918,127,3.7499
"CL1",32.58254,-85.48956,128,3.7738
"CL1",32.58251,-85.48979,129,3.7874
"CL1",32.58269,-85.49072,130,3.8430
"CL1",32.58273,-85.49089,131,3.8533
"CL1",32.58273,-85.49107,132,3.8638
"CL1",32.58267,-85.49117,133,3.8709
"CL1",32.58271,-85.49132,134,3.8801
"CL1",32.58291,-85.49131,135,3.8939
"CL1",32.58305,-85.49136,136,3.9040
"CL1",32.58332,-85.49155,137,3.9258
"CL1",32.58397,-85.49043,138,4.0050
"CL1",32.5849,-85.48881,139,4.1193
"CL1",32.58526,-85.4882,140,4.1627
"CL1",32.58565,-85.48759,141,4.2073
"CL1",32.58607,-85.48703,142,4.2510
"CL1",32.58651,-85.48653,143,4.2931
"CL1",32.58695,-85.4861,144,4.3326
"CL1",32.58759,-85.48557,145,4.3865
"CL1",32.58813,-85.48521,146,4.4294
"CL1",32.58884,-85.48481,147,4.4837
"CL1",32.58884,-85.48531,148,4.5129
"CL1",32.5889,-85.48604,149,4.5556
"CL1",32.58891,-85.48626,150,4.5685
"CL1",32.58889968493153,-85.48663134246473,151,4.5901
"CL1",32.58888,-85.48734,152,4.6315
"CL1",32.58883,-85.48893,153,4.7242
"CL1",32.5888071953271,-85.48981938224321,154,4.7760
"CL1",32.5888,-85.4901,155,4.7924
"CL1",32.58971,-85.49019,156,4.8556
"CL1",32.59098,-85.49022,157,4.9434
"CL1",32.59213,-85.49029,158,5.0231
"CL1",32.59233,-85.49031,159,5.0370
"CL1",32.59311,-85.49034,160,5.0909
"CL1",32.59351,-85.49034,161,5.1186
"CL1",32.59468,-85.49028,162,5.1996
"CL1",32.59548,-85.49021,163,5.2551
"CL1",32.59595,-85.4902,164,5.2876
"CL1",32.5962,-85.49022,165,5.3050
"CL1",32.59653,-85.49023,166,5.3278
"CL1",32.59742,-85.49038,167,5.3900
"CL1",32.59785,-85.49042,168,5.4198
"CL1",32.59921,-85.49044,169,5.5139
"CL1",32.60033,-85.49045,170,5.5914
"CL1",32.60104,-85.49046,171,5.6405
"CL1",32.60104,-85.49033,172,5.6480
"CL1",32.60103,-85.49022,173,5.6545
"CL1",32.60101,-85.4899,174,5.6732
"CL1",32.60099,-85.48958,175,5.6919
"CL1",32.60099,-85.48925,176,5.7111
"CL1",32.60101,-85.48893,177,5.7298
"CL1",32.60107,-85.48859,178,5.7501
"CL1",32.60116,-85.48836,179,5.7648
"CL1",32.60126,-85.4882,180,5.7764
"CL1",32.60134,-85.4881,181,5.7845
"CL1",32.60161,-85.48787,182,5.8075
"CL1",32.60186,-85.48773,183,5.8266
"CL2",32.60187,-85.48773,1,0.0000
"CL2",32.60198,-85.48767,2,0.0084
"CL2",32.60228,-85.4876,3,0.0295
"CL2",32.6026,-85.48759,4,0.0517
"CL2",32.60284,-85.48765,5,0.0686
"CL2",32.60301,-85.48775,6,0.0818
"CL2",32.60323,-85.48794,7,0.1006
"CL2",32.6033,-85.48802,8,0.1073
"CL2",32.60347,-85.48832,9,0.1284
"CL2",32.60357,-85.48854,10,0.1429
"CL2",32.60361,-85.48881,11,0.1589
"CL2",32.60362,-85.48898,12,0.1688
"CL2",32.60359,-85.48918,13,0.1807
"CL2",32.60354,-85.48936,14,0.1917
"CL2",32.60328,-85.48988,15,0.2270
"CL2",32.60322,-85.49004,16,0.2372
"CL2",32.60318,-85.49035,17,0.2554
"CL2",32.60196,-85.49046,18,0.3401
"CL2",32.60069,-85.49046,19,0.4279
"CL2",32.59926,-85.49044,20,0.5268
"CL2",32.59904393448039,-85.49043695682367,21,0.5418
"CL2",32.59784,-85.49042,22,0.6251
"CL2",32.5964,-85.49023,23,0.7253
"CL2",32.59587,-85.4902,24,0.7620
"CL2",32.59548,-85.49021,25,0.7890
"CL2",32.59492,-85.49026,26,0.8278
"CL2",32.59453,-85.4903,27,0.8549
"CL2",32.59343,-85.49034,28,0.9310
"CL2",32.59233,-85.49031,29,1.0071
"CL2",32.59195,-85.49028,30,1.0335
"CL2",32.59127,-85.49023,31,1.0806
"CL2",32.59048,-85.49021,32,1.1352
"CL2",32.58901,-85.49017,33,1.2370
"CL2",32.588229041083345,-85.49014889300226,34,1.2910
"CL2",32.58753,-85.49013,35,1.3393
"CL2",32.58675,-85.49009,36,1.3934
"CL2",32.58644,-85.49003,37,1.4151
"CL2",32.58608,-85.48989,38,1.4413
"CL2",32.58567,-85.48968,39,1.4722
"CL2",32.58489,-85.4891,40,1.5358
"CL2",32.58467,-85.48891,41,1.5547
"CL2",32.58444,-85.48873,42,1.5737
"CL2",32.58413,-85.48849,43,1.5993
"CL2",32.58383,-85.48834,44,1.6218
"CL2",32.58373,-85.48831,45,1.6290
"CL2",32.58349,-85.48827,46,1.6457
"CL2",32.582,-85.48827,47,1.7488
"CL2",32.58047,-85.48826,48,1.8546
"CL2",32.58009,-85.48826,49,1.8809
"CL2",32.57994,-85.48905,50,1.9281
"CL2",32.579852921211675,-85.48935477575914,51,1.9469
"CL2",32.57974,-85.48975,52,1.9712
"CL2",32.57959,-85.49021,53,1.9999
"CL2",32.57939,-85.4907,54,2.0317
"CL2",32.57913,-85.49127,55,2.0695
"CL2",32.57877,-85.49192,56,2.1148
"CL2",32.57825,-85.49267,57,2.1714
"CL2",32.57744,-85.4937,58,2.2535
"CL2",32.57721,-85.49408,59,2.2808
"CL2",32.57703,-85.49453,60,2.3098
"CL2",32.57695,-85.49489,61,2.3315
"CL2",32.5769,-85.49531,62,2.3563
"CL2",32.57689,-85.49562,63,2.3743
"CL2",32.57692,-85.496,64,2.3966
"CL2",32.577,-85.49636,65,2.4183
"CL2",32.5771,-85.49665,66,2.4366
"CL2",32.57722,-85.49691,67,2.4538
"CL2",32.57735,-85.49718,68,2.4720
"CL2",32.57744,-85.49738,69,2.4852
"CL2",32.5776,-85.49751,70,2.4986
"CL2",32.57769,-85.49756,71,2.5055
"CL2",32.57785,-85.49759,72,2.5167
"CL2",32.57801,-85.49759,73,2.5277
"CL2",32.57824,-85.49748,74,2.5449
"CL2",32.57899,-85.49696,75,2.6050
"CL2",32.57956,-85.49649,76,2.6530
"CL2",32.58016,-85.49594,77,2.7054
"CL2",32.58049,-85.49561,78,2.7353
"CL2",32.58114,-85.4949,79,2.7964
"CL2",32.58171,-85.49415,80,2.8552
"CL2",32.58223,-85.49336,81,2.9137
"CL2",32.58206,-85.49318,82,2.9294
"CL2",32.58196,-85.49308,83,2.9385
"CL2",32.58168,-85.49355,84,2.9720
"CL2",32.5816,-85.4936,85,2.9783
"CL2",32.5815,-85.4936,86,2.9852
"CL2",32.5816,-85.4936,87,2.9921
"CL2",32.58106,-85.49363,88,3.0295
"CL2",32.58095,-85.49364,89,3.0371
"CL2",32.58067,-85.49344,90,3.0597
"CL2",32.58058,-85.49338,91,3.0669
"CL2",32.58065,-85.49322,92,3.0774
"CL2",32.58085,-85.49333,93,3.0926
"CL2",32.58107,-85.49351,94,3.1111
"CL2",32.58111,-85.49362,95,3.1181
"CL2",32.5812,-85.49362,96,3.1243
"CL2",32.58131,-85.49362,97,3.1319
"CL2",32.58142,-85.49361,98,3.1396
"CL2",32.58152,-85.4936,99,3.1465
"CL2",32.58165,-85.49358,100,3.1556
"CL2",32.58171,-85.49349,101,3.1623
"CL2",32.58177,-85.4934,102,3.1690
"CL2",32.58182,-85.49331,103,3.1752
"CL2",32.58188,-85.49321,104,3.1824
"CL2",32.58193,-85.49312,105,3.1887
"CL2",32.58205,-85.49317,106,3.1975
"CL2",32.58213,-85.49325,107,3.2047
"CL2",32.58222,-85.49335,108,3.2132
"CL2",32.58263,-85.49272,109,3.2596
"CL2",32.58289,-85.49228,110,3.2910
"CL2",32.58291152051244,-85.49135326307767,111,3.3120
"CL2",32.58318,-85.49178,112,3.3263
"CL2",32.58345,-85.49133,113,3.3585
"CL2",32.58373,-85.49084,114,3.3930
"CL2",32.58397,-85.49043,115,3.4221
"CL2",32.58411,-85.4902,116,3.4387
"CL2",32.58421,-85.49003,117,3.4508
"CL2",32.58431,-85.48985,118,3.4633
"CL2",32.5845,-85.48951,119,3.4871
"CL2",32.58458,-85.48937,120,3.4970
"CL2",32.5846,-85.48918,121,3.5081
"CL2",32.58459,-85.48903,122,3.5169
"CL2",32.58453,-85.48879,123,3.5315
"CL2",32.58413,-85.48849,124,3.5642
"CL2",32.58393,-85.48839,125,3.5792
"CL2",32.58373,-85.48831,126,3.5938
"CL2",32.58352,-85.48827,127,3.6085
"CL2",32.58337,-85.48826,128,3.6189
"CL2",32.58334,-85.48844,129,3.6296
"CL2",32.58328,-85.48859,130,3.6393
"CL2",32.58322,-85.48868,131,3.6460
"CL2",32.58286,-85.48902,132,3.6778
"CL2",32.58265,-85.48919,133,3.6954
"CL2",32.58251,-85.48965,134,3.7239
"CL2",32.58251,-85.48979,135,3.7321
"CL2",32.58262,-85.49035,136,3.7656
"CL2",32.58273,-85.49089,137,3.7980
"CL2",32.58273,-85.49105,138,3.8073
"CL2",32.58261,-85.49124,139,3.8211
"CL2",32.58271,-85.49132,140,3.8295
"CL2",32.58283,-85.49131,141,3.8378
"CL2",32.58296,-85.49132,142,3.8468
"CL2",32.58305,-85.49136,143,3.8534
"CL2",32.58332,-85.49155,144,3.8752
"CL2",32.58358,-85.49109,145,3.9074
"CL2",32.58401,-85.49036,146,3.9594
"CL2",32.58417,-85.4901,147,3.9781
"CL2",32.5845,-85.48951,148,4.0194
"CL2",32.58501,-85.48862,149,4.0821
"CL2",32.58531,-85.48813,150,4.1174
"CL2",32.58566,-85.48758,151,4.1576
"CL2",32.58609,-85.487,152,4.2026
"CL2",32.58661,-85.48642,153,4.2520
"CL2",32.58695,-85.4861,154,4.2820
"CL2",32.58717,-85.48591,155,4.3008
"CL2",32.58752,-85.48562,156,4.3303
"CL2",32.58784,-85.4854,157,4.3559
"CL2",32.58813,-85.48521,158,4.3788
"CL2",32.58849,-85.485,159,4.4066
"CL2",32.58884,-85.48481,160,4.4332
"CL2",32.58884,-85.48531,161,4.4623
"CL2",32.5889,-85.48605,162,4.5057
"CL2",32.58891,-85.48626,163,4.5179
"CL2",32.588897838400534,-85.48663092878368,164,4.5396
"CL2",32.58889,-85.48687,165,4.5535
"CL2",32.58887,-85.48763,166,4.5978
"CL2",32.58885,-85.48844,167,4.6450
"CL2",32.58883,-85.48893,168,4.6736
"CL2",32.58882,-85.4896,169,4.7127
"CL2",32.58880990409608,-85.48981706193425,170,4.7254
"CL2",32.5888,-85.49003,171,4.7378
"CL2",32.5888,-85.49017,172,4.7460
"CL2",32.59,-85.4902,173,4.8290
"CL2",32.59127,-85.49023,174,4.9168
"CL2",32.59215,-85.49029,175,4.9778
"CL2",32.59233,-85.49031,176,4.9903
"CL2",32.59311,-85.49034,177,5.0443
"CL2",32.59409,-85.49032,178,5.1121
"CL2",32.59453,-85.4903,179,5.1425
"CL2",32.59548,-85.49021,180,5.2085
"CL2",32.59583,-85.4902,181,5.2327
"CL2",32.59653,-85.49023,182,5.2811
"CL2",32.59697,-85.4903,183,5.3118
"CL2",32.59763,-85.4904,184,5.3579
"CL2",32.59799,-85.49043,185,5.3828
"CL2",32.59907,-85.49044,186,5.4575
"CL2",32.60018,-85.49045,187,5.5343
"CL2",32.60104,-85.49046,188,5.5938
"CL2",32.60103,-85.49017,189,5.6107
"CL2",32.60101,-85.48988,190,5.6277
"CL2",32.60099,-85.48959,191,5.6446
"CL2",32.60099,-85.48928,192,5.6627
"CL2",32.60101,-85.48895,193,5.6820
"CL2",32.60105,-85.48866,194,5.6991
"CL2",32.60109,-85.48852,195,5.7077
"CL2",32.60118,-85.48832,196,5.7209
"CL2",32.60126,-85.4882,197,5.7298
"CL2",32.60144,-85.48801,198,5.7465
"CL2",32.60161,-85.48787,199,5.7608
"CL2",32.60186,-85.48772,200,5.7802
"CL3",32.60186,-85.48773,1,0.0000
"CL3",32.60198,-85.48767,2,0.0090
"CL3",32.60218,-85.48762,3,0.0231
"CL3",32.60229,-85.4876,4,0.0308
"CL3",32.60257,-85.48759,5,0.0502
"CL3",32.60267,-85.4876,6,0.0572
"CL3",32.60284,-85.48765,7,0.0693
"CL3",32.60301,-85.48775,8,0.0824
"CL3",32.60323,-85.48794,9,0.1012
"CL3",32.60337,-85.48814,10,0.1164
"CL3",32.60352,-85.48843,11,0.1362
"CL3",32.60357,-85.48854,12,0.1435
"CL3",32.6036,-85.48867,13,0.1513
"CL3",32.60362,-85.48891,14,0.1654
"CL3",32.60361,-85.48904,15,0.1730
"CL3",32.60356,-85.48929,16,0.1880
"CL3",32.60345,-85.48956,17,0.2054
"CL3",32.60328,-85.48988,18,0.2275
"CL3",32.60322,-85.49004,19,0.2377
"CL3",32.60319,-85.49019,20,0.2467
"CL3",32.60317,-85.49042,21,0.2602
"CL3",32.6028,-85.49043,22,0.2858
"CL3",32.60187,-85.49046,23,0.3501
"CL3",32.60117,-85.49046,24,0.3985
"CL3",32.60028,-85.49045,25,0.4601
"CL3",32.59938,-85.49044,26,0.5223
"CL3",32.59904334628641,-85.49043621737401,27,0.5456
"CL3",32.59849,-85.49043,28,0.5839
"CL3",32.59792,-85.49042,29,0.6233
"CL3",32.59763,-85.4904,30,0.6434
"CL3",32.59722,-85.49034,31,0.6720
"CL3",32.59652,-85.49023,32,0.7209
"CL3",32.59595,-85.4902,33,0.7603
"CL3",32.59576,-85.4902,34,0.7735
"CL3",32.59548,-85.49021,35,0.7928
"CL3",32.59486,-85.49027,36,0.8359
"CL3",32.59389,-85.49033,37,0.9031
"CL3",32.59332,-85.49034,38,0.9425
"CL3",32.59284,-85.49033,39,0.9757
"CL3",32.59233,-85.49031,40,1.0110
"CL3",32.59173,-85.49026,41,1.0526
"CL3",32.59127,-85.49023,42,1.0845
"CL3",32.59057,-85.49021,43,1.1329
"CL3",32.58934,-85.49018,44,1.2180
"CL3",32.588228629719595,-85.49015332711328,45,1.2949
"CL3",32.58809,-85.49015,46,1.3045
"CL3",32.58683,-85.4901,47,1.3917
"CL3",32.58644,-85.49003,48,1.4190
"CL3",32.58602,-85.48986,49,1.4497
"CL3",32.5858,-85.48976,50,1.4659
"CL3",32.58553,-85.48958,51,1.4874
"CL3",32.58514,-85.48929,52,1.5192
"CL3",32.58477,-85.48901,53,1.5496
"CL3",32.58447,-85.48874,54,1.5756
"CL3",32.58413,-85.48849,55,1.6033
"CL3",32.58379,-85.48833,56,1.6286
"CL3",32.58352,-85.48827,57,1.6476
"CL3",32.58302,-85.48827,58,1.6822
"CL3",32.58215,-85.48827,59,1.7423
"CL3",32.58122,-85.48827,60,1.8067
"CL3",32.58029,-85.48826,61,1.8710
"CL3",32.58009,-85.48826,62,1.8848
"CL3",32.57998,-85.48887,63,1.9212
"CL3",32.57986,-85.48937,64,1.9515
"CL3",32.57975,-85.48972,65,1.9733
"CL3",32.57959,-85.49021,66,2.0039
"CL3",32.57944,-85.49058,67,2.0278
"CL3",32.57908,-85.49136,68,2.0797
"CL3",32.57877,-85.49192,69,2.1187
"CL3",32.57861,-85.49217,70,2.1370
"CL3",32.57826,-85.49266,71,2.1744
"CL3",32.57801,-85.49298,72,2.1999
"CL3",32.57736,-85.49383,73,2.2668
"CL3",32.57714,-85.49423,74,2.2946
"CL3",32.57705,-85.49448,75,2.3105
"CL3",32.57695,-85.49489,76,2.3354
"CL3",32.57691,-85.4952,77,2.3536
"CL3",32.57689,-85.49557,78,2.3752
"CL3",32.57692,-85.49599,79,2.3998
"CL3",32.577,-85.49636,80,2.4221
"CL3",32.57712,-85.4967,81,2.4436
"CL3",32.57724,-85.49698,82,2.4619
"CL3",32.57744,-85.49737,83,2.4885
"CL3",32.5776,-85.49751,84,2.5022
"CL3",32.5777,-85.49757,85,2.5100
"CL3",32.57785,-85.49759,86,2.5204
"CL3",32.57805,-85.49759,87,2.5343
"CL3",32.57854,-85.49728,88,2.5727
"CL3",32.57883,-85.49708,89,2.5959
"CL3",32.57919,-85.49681,90,2.6253
"CL3",32.57989,-85.4962,91,2.6854
"CL3",32.58049,-85.49561,92,2.7393
"CL3",32.58114,-85.4949,93,2.8004
"CL3",32.58171,-85.49415,94,2.8593
"CL3",32.58223,-85.49336,95,2.9177
"CL3",32.58202,-85.49315,96,2.9367
"CL3",32.58186,-85.49325,97,2.9492
"CL3",32.58173,-85.49346,98,2.9644
"CL3",32.58167,-85.49356,99,2.9715
"CL3",32.58157,-85.4936,100,2.9788
"CL3",32.58133,-85.49362,101,2.9955
"CL3",32.58106,-85.49364,102,3.0142
"CL3",32.58097,-85.49364,103,3.0204
"CL3",32.58086,-85.49358,104,3.0288
"CL3",32.58071,-85.49347,105,3.0410
"CL3",32.58057,-85.49337,106,3.0523
"CL3",32.58067,-85.49319,107,3.0649
"CL3",32.58094,-85.4934,108,3.0872
"CL3",32.58106,-85.49349,109,3.0970
"CL3",32.5811,-85.4936,110,3.1040
"CL3",32.58119,-85.49363,111,3.1105
"CL3",32.58131,-85.49362,112,3.1188
"CL3",32.58144,-85.49361,113,3.1278
"CL3",32.58159,-85.4936,114,3.1382
"CL3",32.58169,-85.49353,115,3.1462
"CL3",32.58175,-85.49344,116,3.1529
"CL3",32.5818,-85.49335,117,3.1592
"CL3",32.58185,-85.49326,118,3.1655
"CL3",32.5819,-85.49317,119,3.1718
"CL3",32.58196,-85.49308,120,3.1784
"CL3",32.58204,-85.49316,121,3.1857
"CL3",32.58214,-85.49326,122,3.1947
"CL3",32.58221,-85.49333,123,3.2011
"CL3",32.5823,-85.49325,124,3.2088
"CL3",32.58235,-85.49316,125,3.2151
"CL3",32.58242,-85.49305,126,3.2232
"CL3",32.58251,-85.49291,127,3.2334
"CL3",32.58261,-85.49275,128,3.2450
"CL3",32.58271,-85.49259,129,3.2566
"CL3",32.58281,-85.49243,130,3.2683
"CL3",32.58291,-85.49224,131,3.2813
"CL3",32.58290982239913,-85.49135231968137,132,3.2987
"CL3",32.58317,-85.49181,133,3.3122
"CL3",32.58352,-85.4912,134,3.3552
"CL3",32.58391,-85.49054,135,3.4022
"CL3",32.58428,-85.4899,136,3.4474
"CL3",32.58446,-85.48957,137,3.4703
"CL3",32.58458,-85.48937,138,3.4846
"CL3",32.5846,-85.48917,139,3.4964
"CL3",32.58458,-85.48899,140,3.5069
"CL3",32.58453,-85.48879,141,3.5191
"CL3",32.58421,-85.48855,142,3.5453
"CL3",32.58409,-85.48847,143,3.5548
"CL3",32.58394,-85.48839,144,3.5662
"CL3",32.58378,-85.48833,145,3.5778
"CL3",32.58359,-85.48829,146,3.5911
"CL3",32.58335,-85.48826,147,3.6078
"CL3",32.58336,-85.48838,148,3.6148
"CL3",32.58325,-85.48863,149,3.6313
"CL3",32.58309,-85.48881,150,3.6465
"CL3",32.58296,-85.48893,151,3.6579
"CL3",32.5828,-85.48908,152,3.6720
"CL3",32.58265,-85.48919,153,3.6842
"CL3",32.58253,-85.48959,154,3.7090
"CL3",32.58251,-85.48979,155,3.7207
"CL3",32.5826,-85.49026,156,3.7488
"CL3",32.58273,-85.49089,157,3.7866
"CL3",32.58273,-85.49105,158,3.7959
"CL3",32.58261,-85.49124,159,3.8098
"CL3",32.58271,-85.49132,160,3.8181
"CL3",32.58287,-85.49131,161,3.8292
"CL3",32.58296,-85.49132,162,3.8355
"CL3",32.58305,-85.49136,163,3.8421
"CL3",32.58324,-85.49149,164,3.8573
"CL3",32.58332,-85.49155,165,3.8638
"CL3",32.5838,-85.49071,166,3.9230
"CL3",32.58423,-85.48999,167,3.9744
"CL3",32.58465,-85.48923,168,4.0274
"CL3",32.58514,-85.4884,169,4.0864
"CL3",32.58566,-85.48758,170,4.1463
"CL3",32.58607,-85.48703,171,4.1891
"CL3",32.58624,-85.48683,172,4.2056
"CL3",32.58663,-85.4864,173,4.2424
"CL3",32.58692,-85.48613,174,4.2679
"CL3",32.58724,-85.48584,175,4.2958
"CL3",32.58772,-85.48548,176,4.3351
"CL3",32.58813,-85.48521,177,4.3675
"CL3",32.58869,-85.4849,178,4.4102
"CL3",32.58884,-85.48481,179,4.4219
"CL3",32.58884,-85.48531,180,4.4510
"CL3",32.58887,-85.48573,181,4.4756
"CL3",32.58891,-85.48626,182,4.5066
"CL3",32.5889,-85.48656,183,4.5241
"CL3",32.58887,-85.4874,184,4.5731
"CL3",32.58884,-85.48854,185,4.6395
"CL3",32.58881,-85.48987,186,4.7171
"CL3",32.5888,-85.49017,187,4.7346
"CL3",32.59008,-85.4902,188,4.8231
"CL3",32.59127,-85.49023,189,4.9055
"CL3",32.59233,-85.49031,190,4.9789
"CL3",32.59317,-85.49034,191,5.0371
"CL3",32.59432,-85.49031,192,5.1166
"CL3",32.59548,-85.49021,193,5.1971
"CL3",32.59596,-85.4902,194,5.2303
"CL3",32.59653,-85.49023,195,5.2698
"CL3",32.5972,-85.49034,196,5.3165
"CL3",32.59785,-85.49042,197,5.3617
"CL3",32.59854,-85.49043,198,5.4095
"CL3",32.59972,-85.49045,199,5.4911
"CL3",32.60106,-85.49046,200,5.5838
"CL3",32.60103,-85.49018,201,5.6002
"CL3",32.60099,-85.48962,202,5.6330
"CL3",32.60098,-85.4894,203,5.6458
"CL3",32.601,-85.48905,204,5.6663
"CL3",32.60102,-85.48885,205,5.6780
"CL3",32.60106,-85.48864,206,5.6906
"CL3",32.60112,-85.48844,207,5.7029
"CL3",32.60118,-85.48832,208,5.7111
"CL3",32.60126,-85.48819,209,5.7204
"CL3",32.60141,-85.48803,210,5.7344
"CL3",32.60161,-85.48787,211,5.7511
"CL3",32.60186,-85.48773,212,5.7702
"CL4",32.60186,-85.48773,1,0.0000
"CL4",32.60202,-85.48766,2,0.0118
"CL4",32.60225,-85.48761,3,0.0280
"CL4",32.6026,-85.48759,4,0.0522
"CL4",32.60284,-85.48765,5,0.0692
"CL4",32.60301,-85.48775,6,0.0823
"CL4",32.60323,-85.48794,7,0.1011
"CL4",32.60337,-85.48814,8,0.1163
"CL4",32.60352,-85.48843,9,0.1361
"CL4",32.60357,-85.48854,10,0.1434
"CL4",32.6036,-85.48867,11,0.1512
"CL4",32.60362,-85.48891,12,0.1653
"CL4",32.60361,-85.48904,13,0.1729
"CL4",32.60356,-85.48929,14,0.1879
"CL4",32.60345,-85.48956,15,0.2053
"CL4",32.60328,-85.48988,16,0.2274
"CL4",32.60322,-85.49004,17,0.2376
"CL4",32.60319,-85.49019,18,0.2466
"CL4",32.60317,-85.49042,19,0.2601
"CL4",32.60296,-85.49042,20,0.2746
"CL4",32.60202,-85.49046,21,0.3396
"CL4",32.60145,-85.49047,22,0.3791
"CL4",32.6009,-85.49046,23,0.4171
"CL4",32.60038,-85.49046,24,0.4531
"CL4",32.59927,-85.49044,25,0.5299
"CL4",32.5990427205766,-85.49043810600482,26,0.5456
"CL4",32.59807,-85.49043,27,0.6129
"CL4",32.59763,-85.4904,28,0.6434
"CL4",32.59691,-85.49029,29,0.6936
"CL4",32.59653,-85.49023,30,0.7201
"CL4",32.59595,-85.4902,31,0.7603
"CL4",32.59566,-85.49021,32,0.7803
"CL4",32.59433,-85.49031,33,0.8725
"CL4",32.59359,-85.49034,34,0.9237
"CL4",32.593,-85.49034,35,0.9645
"CL4",32.59233,-85.49031,36,1.0109
"CL4",32.59167,-85.49026,37,1.0567
"CL4",32.59127,-85.49023,38,1.0844
"CL4",32.59026,-85.49021,39,1.1542
"CL4",32.58885,-85.49017,40,1.2518
"CL4",32.588229077185495,-85.49015238516839,41,1.2948
"CL4",32.58744,-85.49013,42,1.3494
"CL4",32.58675,-85.49009,43,1.3972
"CL4",32.58644,-85.49003,44,1.4189
"CL4",32.5861,-85.4899,45,1.4436
"CL4",32.58592,-85.48982,46,1.4569
"CL4",32.58567,-85.48968,47,1.4760
"CL4",32.58505,-85.48923,48,1.5263
"CL4",32.58484,-85.48906,49,1.5439
"CL4",32.58464,-85.48889,50,1.5609
"CL4",32.58437,-85.48867,51,1.5835
"CL4",32.58413,-85.48849,52,1.6032
"CL4",32.58391,-85.48838,53,1.6197
"CL4",32.58373,-85.48831,54,1.6328
"CL4",32.58362,-85.48829,55,1.6405
"CL4",32.58332,-85.48826,56,1.6613
"CL4",32.58255,-85.48827,57,1.7146
"CL4",32.58178,-85.48827,58,1.7678
"CL4",32.58101,-85.48827,59,1.8211
"CL4",32.58009,-85.48826,60,1.8847
"CL4",32.57998,-85.48886,61,1.9205
"CL4",32.57986,-85.48937,62,1.9514
"CL4",32.57961,-85.49015,63,2.0000
"CL4",32.57933,-85.49085,64,2.0452
"CL4",32.57903,-85.49146,65,2.0864
"CL4",32.57877,-85.49192,66,2.1186
"CL4",32.57829,-85.49263,67,2.1717
"CL4",32.57744,-85.4937,68,2.2574
"CL4",32.57733,-85.49386,69,2.2694
"CL4",32.57714,-85.49423,70,2.2947
"CL4",32.57703,-85.49453,71,2.3138
"CL4",32.57695,-85.49489,72,2.3355
"CL4",32.57691,-85.49514,73,2.3503
"CL4",32.57689,-85.49557,74,2.3754
"CL4",32.57692,-85.496,75,2.4006
"CL4",32.577,-85.49636,76,2.4223
"CL4",32.57711,-85.49669,77,2.4429
"CL4",32.57724,-85.49698,78,2.4621
"CL4",32.57744,-85.49738,79,2.4892
"CL4",32.57765,-85.49754,80,2.5065
"CL4",32.5778,-85.49759,81,2.5172
"CL4",32.57808,-85.49759,82,2.5366
"CL4",32.57838,-85.49739,83,2.5604
"CL4",32.57883,-85.49708,84,2.5964
"CL4",32.57914,-85.49684,85,2.6220
"CL4",32.57999,-85.4961,86,2.6949
"CL4",32.58049,-85.49561,87,2.7398
"CL4",32.58092,-85.49514,88,2.7802
"CL4",32.58114,-85.4949,89,2.8009
"CL4",32.58147,-85.49448,90,2.8343
"CL4",32.58187,-85.49392,91,2.8771
"CL4",32.58223,-85.49336,92,2.9182
"CL4",32.58204,-85.49316,93,2.9358
"CL4",32.58196,-85.49308,94,2.9430
"CL4",32.58182,-85.49331,95,2.9595
"CL4",32.58175,-85.49343,96,2.9680
"CL4",32.58168,-85.49355,97,2.9765
"CL4",32.58149,-85.4936,98,2.9900
"CL4",32.58133,-85.49362,99,3.0011
"CL4",32.58121,-85.49362,100,3.0094
"CL4",32.58133,-85.49362,101,3.0177
"CL4",32.58111,-85.49363,102,3.0330
"CL4",32.58099,-85.49364,103,3.0413
"CL4",32.58086,-85.49357,104,3.0512
"CL4",32.58069,-85.49345,105,3.0648
"CL4",32.58061,-85.4934,106,3.0711
"CL4",32.58065,-85.49323,107,3.0814
"CL4",32.58096,-85.49342,108,3.1055
"CL4",32.58104,-85.49348,109,3.1121
"CL4",32.5811,-85.4936,110,3.1202
"CL4",32.58121,-85.49362,111,3.1279
"CL4",32.58135,-85.49361,112,3.1376
"CL4",32.58149,-85.4936,113,3.1473
"CL4",32.58163,-85.49359,114,3.1570
"CL4",32.58177,-85.49339,115,3.1722
"CL4",32.58183,-85.4933,116,3.1788
"CL4",32.58193,-85.49313,117,3.1909
"CL4",32.5821,-85.49322,118,3.2038
"CL4",32.58222,-85.49334,119,3.2147
"CL4",32.58233,-85.49319,120,3.2262
"CL4",32.58242,-85.49305,121,3.2365
"CL4",32.58265,-85.49269,122,3.2628
"CL4",32.58288,-85.4923,123,3.2906
"CL4",32.58312,-85.49189,124,3.3197
"CL4",32.5836,-85.49106,125,3.3784
"CL4",32.58409,-85.49024,126,3.4369
"CL4",32.58416,-85.49011,127,3.4459
"CL4",32.58456,-85.48941,128,3.4952
"CL4",32.5846,-85.48918,129,3.5089
"CL4",32.58458,-85.48899,130,3.5201
"CL4",32.58453,-85.48879,131,3.5322
"CL4",32.58438,-85.48868,132,3.5444
"CL4",32.58423,-85.48856,133,3.5570
"CL4",32.58407,-85.48846,134,3.5695
"CL4",32.58396,-85.4884,135,3.5778
"CL4",32.58379,-85.48833,136,3.5903
"CL4",32.58359,-85.48828,137,3.6044
"CL4",32.58337,-85.48826,138,3.6197
"CL4",32.58335,-85.48843,139,3.6297
"CL4",32.58327,-85.4886,140,3.6410
"CL4",32.5831,-85.4888,141,3.6576
"CL4",32.58271,-85.48915,142,3.6914
"CL4",32.58255,-85.48952,143,3.7157
"CL4",32.58251,-85.48965,144,3.7237
"CL4",32.58251,-85.48979,145,3.7319
"CL4",32.58254,-85.48995,146,3.7414
"CL4",32.58267,-85.49059,147,3.7798
"CL4",32.58273,-85.49089,148,3.7978
"CL4",32.58273,-85.49105,149,3.8071
"CL4",32.58261,-85.49124,150,3.8209
"CL4",32.58271,-85.49132,151,3.8293
"CL4",32.58291,-85.49131,152,3.8431
"CL4",32.58308,-85.49138,153,3.8556
"CL4",32.58332,-85.49155,154,3.8749
"CL4",32.58375,-85.49081,155,3.9273
"CL4",32.58417,-85.4901,156,3.9779
"CL4",32.58466,-85.48923,157,4.0388
"CL4",32.58508,-85.4885,158,4.0904
"CL4",32.58551,-85.48779,159,4.1413
"CL4",32.58581,-85.48737,160,4.1734
"CL4",32.58605,-85.48705,161,4.1984
"CL4",32.58667,-85.48636,162,4.2572
"CL4",32.58695,-85.4861,163,4.2818
"CL4",32.5874,-85.48572,164,4.3200
"CL4",32.58779,-85.48543,165,4.3518
"CL4",32.58833,-85.4851,166,4.3938
"CL4",32.58884,-85.48481,167,4.4329
"CL4",32.58884,-85.48531,168,4.4621
"CL4",32.58888,-85.48583,169,4.4925
"CL4",32.58891,-85.48626,170,4.5177
"CL4",32.5889,-85.48664,171,4.5398
"CL4",32.58887,-85.48751,172,4.5906
"CL4",32.58885,-85.48834,173,4.6390
"CL4",32.58883,-85.48916,174,4.6868
"CL4",32.588813909936064,-85.48981969262158,175,4.7252
"CL4",32.58881,-85.48998,176,4.7346
"CL4",32.5888,-85.49017,177,4.7457
"CL4",32.59086,-85.49022,178,4.8882
"CL4",32.59127,-85.49023,179,4.9166
"CL4",32.59233,-85.49031,180,4.9900
"CL4",32.59311,-85.49034,181,5.0440
"CL4",32.59398,-85.49032,182,5.1042
"CL4",32.59453,-85.4903,183,5.1423
"CL4",32.59548,-85.49021,184,5.2082
"CL4",32.59587,-85.4902,185,5.2352
"CL4",32.59653,-85.49023,186,5.2808
"CL4",32.59695,-85.49029,187,5.3101
"CL4",32.59763,-85.4904,188,5.3576
"CL4",32.59785,-85.49042,189,5.3728
"CL4",32.59822,-85.49043,190,5.3984
"CL4",32.59961,-85.49045,191,5.4946
"CL4",32.60107,-85.49046,192,5.5956
"CL4",32.60099,-85.48959,193,5.6466
"CL4",32.60098,-85.48939,194,5.6583
"CL4",32.60101,-85.48896,195,5.6834
"CL4",32.60106,-85.4886,196,5.7047
"CL4",32.60116,-85.48836,197,5.7203
"CL4",32.60124,-85.48821,198,5.7306
"CL4",32.60134,-85.4881,199,5.7400
"CL4",32.60147,-85.48798,200,5.7514
"CL4",32.60162,-85.48787,201,5.7636
"CL4",32.60186,-85.48773,202,5.7821
"EG1",32.60118,-85.48322,1,0.0000
"EG1",32.60129,-85.48246,2,0.0449
"EG1",32.60137,-85.48177,3,0.0855
"EG1",32.60166,-85.48176,4,0.1056
"EG1",32.60206,-85.48175,5,0.1333
"EG1",32.60265,-85.48175,6,0.1741
"EG1",32.60345,-85.48175,7,0.2294
"EG1",32.60391,-85.48175,8,0.2612
"EG1",32.60401,-85.4817,9,0.2687
"EG1",32.60411,-85.48169,10,0.2757
"EG1",32.60417,-85.48157,11,0.2838
"EG1",32.60419,-85.48129,12,0.3002
"EG1",32.60421,-85.48092,13,0.3218
"EG1",32.60422,-85.48054,14,0.3439
"EG1",32.60421,-85.48016,15,0.3661
"EG1",32.6042,-85.47978,16,0.3882
"EG1",32.60419,-85.4794,17,0.4104
"EG1",32.6042,-85.47902,18,0.4326
"EG1",32.6042,-85.47861,19,0.4564
"EG1",32.60421,-85.4782,20,0.4803
"EG1",32.60421,-85.47778,21,0.5048
"EG1",32.60422,-85.47737,22,0.5287
"EG1",32.60422,-85.47695,23,0.5532
"EG1",32.60422,-85.47654,24,0.5771
"EG1",32.60421,-85.47612,25,0.6016
"EG1",32.60422,-85.47592,26,0.6132
"EG1",32.60422,-85.47571,27,0.6255
"EG1",32.60422,-85.47556,28,0.6342
"EG1",32.60422,-85.47525,29,0.6523
"EG1",32.60422,-85.47457,30,0.6919
"EG1",32.60422,-85.47389,31,0.7315
"EG1",32.60422,-85.47321,32,0.7712
"EG1",32.60423,-85.4728,33,0.7951
"EG1",32.60425,-85.47235,34,0.8213
"EG1",32.60426,-85.47181,35,0.8528
"EG1",32.60429,-85.47123,36,0.8866
"EG1",32.60429,-85.47063,37,0.9216
"EG1",32.60431,-85.47002,38,0.9572
"EG1",32.60432,-85.46942,39,0.9922
"EG1",32.60435,-85.46838,40,1.0528
"EG1",32.60439103108766,-85.46627100209436,41,1.1757
"EG1",32.6044,-85.46581,42,1.2026
"EG1",32.60446,-85.46501,43,1.2494
"EG1",32.60803,-85.4649,44,1.4964
"EG1",32.60901,-85.46488,45,1.5642
"EG1",32.60899,-85.46257,46,1.6988
"EG1",32.60898,-85.46218,47,1.7215
"EG1",32.60894,-85.46207,48,1.7285
"EG1",32.60893,-85.46182,49,1.7431
"EG1",32.60891,-85.4599,50,1.8550
"EG1",32.6089,-85.45752,51,1.9937
"EG1",32.60888,-85.45481,52,2.1516
"EG1",32.60887,-85.45421,53,2.1865
"EG1",32.60886,-85.45192,54,2.3200
"EG1",32.60891,-85.45175,55,2.3305
"EG1",32.60891,-85.45061,56,2.3969
"EG1",32.6089,-85.44997,57,2.4342
"EG1",32.6089,-85.44926,58,2.4756
"EG1",32.60889,-85.44865,59,2.5111
"EG1",32.60889,-85.44818,60,2.5385
"EG1",32.60883,-85.44803,61,2.5482
"EG1",32.60873,-85.44786,62,2.5603
"EG1",32.6085,-85.44768,63,2.5793
"EG1",32.60801,-85.44769,64,2.6132
"EG1",32.60767,-85.44769,65,2.6367
"EG1",32.60748,-85.44771,66,2.6499
"EG1",32.60736,-85.44781,67,2.6601
"EG1",32.60733,-85.44798,68,2.6702
"EG1",32.60738,-85.44808,69,2.6770
"EG1",32.60748,-85.44806,70,2.6840
"EG1",32.60773,-85.44798,71,2.7019
"EG1",32.60805,-85.44796,72,2.7240
"EG1",32.60853,-85.44805,73,2.7577
"EG1",32.60861,-85.44826,74,2.7711
"EG1",32.60862,-85.44847,75,2.7833
"EG1",32.60862,-85.44892,76,2.8096
"EG1",32.60865,-85.44904,77,2.8169
"EG1",32.60874,-85.4491,78,2.8240
"EG1",32.60887,-85.44905,79,2.8335
"EG1",32.60886,-85.44879,80,2.8486
"EG1",32.60888,-85.44763,81,2.9162
"EG1",32.60888,-85.44664,82,2.9739
"EG1",32.60888,-85.44554,83,3.0380
"EG1",32.60888,-85.44411,84,3.1213
"EG1",32.60888,-85.44365,85,3.1481
"EG1",32.60911,-85.44366,86,3.1640
"EG1",32.60938,-85.44364,87,3.1828
"EG1",32.60957,-85.44361,88,3.1960
"EG1",32.60987,-85.44352,89,3.2174
"EG1",32.61001,-85.44346,90,3.2277
"EG1",32.61029,-85.44328,91,3.2497
"EG1",32.61056,-85.44305,92,3.2727
"EG1",32.61041,-85.44284,93,3.2888
"EG1",32.60998,-85.44224,94,3.3347
"EG1",32.60936,-85.44137,95,3.4011
"EG1",32.60926,-85.44119,96,3.4136
"EG1",32.60924,-85.44108,97,3.4202
"EG1",32.60924,-85.44097,98,3.4266
"EG1",32.6093,-85.44076,99,3.4395
"EG1",32.60947,-85.44056,100,3.4561
"EG1",32.60979,-85.44023,101,3.4854
"EG1",32.60991,-85.44012,102,3.4959
"EG1",32.61002,-85.44013,103,3.5035
"EG1",32.61007,-85.44024,104,3.5108
"EG1",32.60984,-85.44045,105,3.5309
"EG1",32.60974,-85.44033,106,3.5407
"EG1",32.60937,-85.44068,107,3.5734
"EG1",32.6093,-85.44076,108,3.5801
"EG1",32.60926,-85.44087,109,3.5871
"EG1",32.60924,-85.44108,110,3.5994
"EG1",32.60926,-85.44119,111,3.6060
"EG1",32.60939,-85.44142,112,3.6221
"EG1",32.60985,-85.44206,113,3.6712
"EG1",32.61051,-85.44297,114,3.7411
"EG1",32.6103,-85.44327,115,3.7639
"EG1",32.61016,-85.44336,116,3.7749
"EG1",32.60987,-85.44352,117,3.7970
"EG1",32.60949,-85.44362,118,3.8239
"EG1",32.60931,-85.44365,119,3.8365
"EG1",32.609,-85.44366,120,3.8579
"EG1",32.60888,-85.44366,121,3.8662
"EG1",32.60889,-85.44433,122,3.9053
"EG1",32.60889,-85.44498,123,3.9432
"EG1",32.60888,-85.44564,124,3.9816
"EG1",32.60888,-85.44629,125,4.0195
"EG1",32.60888,-85.44695,126,4.0579
"EG1",32.60888,-85.4476,127,4.0958
"EG1",32.6089,-85.45021,128,4.2479
"EG1",32.60891,-85.45126,129,4.3091
"EG1",32.60891,-85.45175,130,4.3376
"EG1",32.60897,-85.45192,131,4.3484
"EG1",32.60898,-85.45307,132,4.4154
"EG1",32.609,-85.45555,133,4.5599
"EG1",32.60902,-85.45795,134,4.6997
"EG1",32.60904,-85.46034,135,4.8390
"EG1",32.60905,-85.46177,136,4.9223
"EG1",32.60904,-85.46209,137,4.9410
"EG1",32.60898,-85.46218,138,4.9477
"EG1",32.60899,-85.46272,139,4.9792
"EG1",32.60901,-85.46488,140,5.1050
"EG1",32.60848,-85.46489,141,5.1417
"EG1",32.60703,-85.46491,142,5.2420
"EG1",32.60487,-85.46491,143,5.3914
"EG1",32.60447,-85.46491,144,5.4191
"EG1",32.60442,-85.46548,145,5.4525
"EG1",32.60439,-85.46614,146,5.4910
"EG1",32.60437,-85.46726,147,5.5563
"EG1",32.60432,-85.46964,148,5.6950
"EG1",32.60429,-85.47118,149,5.7847
"EG1",32.60425,-85.47227,150,5.8483
"EG1",32.60422,-85.47313,151,5.8985
"EG1",32.60422,-85.47437,152,5.9707
"EG1",32.60422,-85.47703,153,6.1257
"EG1",32.6042,-85.47957,154,6.2737
"EG1",32.60423,-85.48057,155,6.3320
"EG1",32.60417,-85.48157,156,6.3905
"EG1",32.60414,-85.48169,157,6.3978
"EG1",32.60412,-85.4818,158,6.4043
"EG1",32.604,-85.4818,159,6.4126
"EG1",32.60391,-85.48175,160,6.4195
"EG1",32.60368,-85.48175,161,6.4354
"EG1",32.60247,-85.48175,162,6.5191
"EG1",32.60103,-85.48176,163,6.6187
"EG1",32.59987,-85.48174,164,6.6989
"EG1",32.59896,-85.48173,165,6.7619
"EG1",32.5988,-85.48188,166,6.7760
"EG1",32.59872,-85.48201,167,6.7854
"EG1",32.59871,-85.48225,168,6.7994
"EG1",32.59867,-85.48247,169,6.8125
"EG1",32.59856,-85.48275,170,6.8305
"EG1",32.59835,-85.48309,171,6.8551
"EG1",32.5982,-85.48341,172,6.8764
"EG1",32.59815,-85.48384,173,6.9017
"EG1",32.5985,-85.48386,174,6.9259
"EG1",32.59973,-85.48387,175,7.0110
"EG1",32.60049,-85.48387,176,7.0636
"EG1",32.60078,-85.48387,177,7.0837
"EG1",32.60106,-85.48387,178,7.1030
"EG1",32.60118,-85.48324,179,7.1407
"EG2",32.60118,-85.48322,1,0.0000
"EG2",32.6013,-85.48237,2,0.0502
"EG2",32.60137,-85.48177,3,0.0855
"EG2",32.60185,-85.48176,4,0.1187
"EG2",32.60281,-85.48174,5,0.1851
"EG2",32.60386,-85.48175,6,0.2578
"EG2",32.60401,-85.4817,7,0.2685
"EG2",32.60414,-85.48169,8,0.2776
"EG2",32.60417,-85.48157,9,0.2849
"EG2",32.6042,-85.48112,10,0.3112
"EG2",32.60422,-85.48053,11,0.3456
"EG2",32.6042,-85.47991,12,0.3817
"EG2",32.6042,-85.4791,13,0.4289
"EG2",32.60421,-85.47825,14,0.4785
"EG2",32.60422,-85.4774,15,0.5280
"EG2",32.60422,-85.47655,16,0.5775
"EG2",32.60422,-85.4757,17,0.6270
"EG2",32.60422,-85.47485,18,0.6766
"EG2",32.60422,-85.474,19,0.7261
"EG2",32.60422,-85.47314,20,0.7762
"EG2",32.60425,-85.47229,21,0.8258
"EG2",32.60428,-85.47144,22,0.8754
"EG2",32.60429,-85.47059,23,0.9249
"EG2",32.60432,-85.46974,24,0.9745
"EG2",32.60434,-85.46889,25,1.0240
"EG2",32.60436,-85.46804,26,1.0736
"EG2",32.60437,-85.46719,27,1.1231
"EG2",32.60438,-85.46633,28,1.1732
"EG2",32.60442,-85.46548,29,1.2228
"EG2",32.60447,-85.46491,30,1.2562
"EG2",32.60508,-85.46491,31,1.2984
"EG2",32.60639,-85.46491,32,1.3890
"EG2",32.60774,-85.4649,33,1.4824
"EG2",32.60901,-85.46488,34,1.5703
"EG2",32.60901,-85.4647,35,1.5808
"EG2",32.609,-85.4638,36,1.6332
"EG2",32.609,-85.46283,37,1.6897
"EG2",32.60899,-85.46238,38,1.7159
"EG2",32.60898,-85.46218,39,1.7276
"EG2",32.60894,-85.46207,40,1.7346
"EG2",32.60893,-85.46182,41,1.7492
"EG2",32.60892,-85.46057,42,1.8220
"EG2",32.6089,-85.45749,43,2.0015
"EG2",32.60889,-85.4564,44,2.0650
"EG2",32.60888,-85.45462,45,2.1687
"EG2",32.60886,-85.4523,46,2.3039
"EG2",32.60886,-85.45192,47,2.3261
"EG2",32.60891,-85.45175,48,2.3365
"EG2",32.60889,-85.44857,49,2.5218
"EG2",32.60889,-85.44818,50,2.5446
"EG2",32.60881,-85.44799,51,2.5569
"EG2",32.60873,-85.44786,52,2.5663
"EG2",32.6085,-85.44768,53,2.5854
"EG2",32.60831,-85.44768,54,2.5985
"EG2",32.60767,-85.44769,55,2.6428
"EG2",32.60748,-85.44771,56,2.6560
"EG2",32.60739,-85.44779,57,2.6638
"EG2",32.60733,-85.44795,58,2.6740
"EG2",32.60741,-85.44808,59,2.6834
"EG2",32.60765,-85.44798,60,2.7009
"EG2",32.60805,-85.44799,61,2.7286
"EG2",32.6085,-85.44805,62,2.7599
"EG2",32.6086,-85.4482,63,2.7711
"EG2",32.60864,-85.44845,64,2.7859
"EG2",32.60865,-85.44873,65,2.8022
"EG2",32.60865,-85.44897,66,2.8162
"EG2",32.60866,-85.4491,67,2.8238
"EG2",32.60878,-85.4491,68,2.8321
"EG2",32.6089,-85.44906,69,2.8408
"EG2",32.6089,-85.44893,70,2.8483
"EG2",32.6089,-85.44881,71,2.8553
"EG2",32.60889,-85.44868,72,2.8629
"EG2",32.60888,-85.44771,73,2.9195
"EG2",32.60888,-85.44729,74,2.9439
"EG2",32.60888,-85.44677,75,2.9742
"EG2",32.60888,-85.44626,76,3.0039
"EG2",32.60888,-85.44575,77,3.0337
"EG2",32.60888,-85.44523,78,3.0640
"EG2",32.60889,-85.44472,79,3.0937
"EG2",32.60888,-85.4442,80,3.1240
"EG2",32.60888,-85.44369,81,3.1537
"EG2",32.60911,-85.44366,82,3.1697
"EG2",32.6094,-85.44364,83,3.1898
"EG2",32.60957,-85.44361,84,3.2017
"EG2",32.60989,-85.44351,85,3.2246
"EG2",32.61014,-85.44338,86,3.2435
"EG2",32.61039,-85.4432,87,3.2637
"EG2",32.61055,-85.44304,88,3.2782
"EG2",32.61042,-85.44285,89,3.2924
"EG2",32.61023,-85.44258,90,3.3129
"EG2",32.60995,-85.44219,91,3.3428
"EG2",32.60967,-85.4418,92,3.3726
"EG2",32.60939,-85.44141,93,3.4025
"EG2",32.60926,-85.44119,94,3.4181
"EG2",32.60924,-85.44108,95,3.4247
"EG2",32.60925,-85.44094,96,3.4329
"EG2",32.6093,-85.44076,97,3.4439
"EG2",32.60942,-85.44062,98,3.4556
"EG2",32.60963,-85.4404,99,3.4749
"EG2",32.6098,-85.44022,100,3.4907
"EG2",32.60992,-85.4401,101,3.5016
"EG2",32.61004,-85.44014,102,3.5102
"EG2",32.61012,-85.44031,103,3.5215
"EG2",32.60983,-85.44045,104,3.5432
"EG2",32.60972,-85.44034,105,3.5531
"EG2",32.60933,-85.44072,106,3.5880
"EG2",32.60926,-85.44087,107,3.5980
"EG2",32.60924,-85.44108,108,3.6103
"EG2",32.60926,-85.44119,109,3.6169
"EG2",32.60931,-85.44128,110,3.6232
"EG2",32.60947,-85.44153,111,3.6415
"EG2",32.61031,-85.4427,112,3.7310
"EG2",32.61056,-85.44305,113,3.7578
"EG2",32.6102,-85.44334,114,3.7879
"EG2",32.60987,-85.44352,115,3.8130
"EG2",32.60968,-85.44358,116,3.8266
"EG2",32.6094,-85.44364,117,3.8463
"EG2",32.60909,-85.44366,118,3.8677
"EG2",32.60888,-85.44365,119,3.8823
"EG2",32.60889,-85.44489,120,3.9545
"EG2",32.60888,-85.44613,121,4.0268
"EG2",32.60889,-85.44855,122,4.1678
"EG2",32.6089,-85.44966,123,4.2325
"EG2",32.60891,-85.45096,124,4.3082
"EG2",32.60891,-85.45175,125,4.3543
"EG2",32.60897,-85.45192,126,4.3650
"EG2",32.60897,-85.45227,127,4.3854
"EG2",32.60899,-85.4536,128,4.4629
"EG2",32.609,-85.45496,129,4.5421
"EG2",32.60901,-85.45632,130,4.6214
"EG2",32.60902,-85.45769,131,4.7012
"EG2",32.60903,-85.45905,132,4.7805
"EG2",32.60904,-85.46041,133,4.8597
"EG2",32.60905,-85.46177,134,4.9390
"EG2",32.60904,-85.46209,135,4.9576
"EG2",32.60898,-85.46218,136,4.9643
"EG2",32.609,-85.46313,137,5.0197
"EG2",32.609,-85.4645,138,5.0995
"EG2",32.60901,-85.46488,139,5.1217
"EG2",32.60791,-85.4649,140,5.1978
"EG2",32.60674,-85.46491,141,5.2787
"EG2",32.60568,-85.46491,142,5.3520
"EG2",32.60471,-85.46491,143,5.4191
"EG2",32.60447,-85.46491,144,5.4357
"EG2",32.60441,-85.46558,145,5.4750
"EG2",32.60437,-85.46699,146,5.5572
"EG2",32.60435,-85.46832,147,5.6347
"EG2",32.60432,-85.46957,148,5.7076
"EG2",32.60429,-85.47084,149,5.7816
"EG2",32.60425,-85.47215,150,5.8580
"EG2",32.60422,-85.47349,151,5.9361
"EG2",32.60422,-85.47476,152,6.0101
"EG2",32.60422,-85.47597,153,6.0806
"EG2",32.60422,-85.47717,154,6.1505
"EG2",32.60421,-85.47838,155,6.2210
"EG2",32.6042,-85.47958,156,6.2909
"EG2",32.60423,-85.48057,157,6.3487
"EG2",32.60421,-85.48104,158,6.3761
"EG2",32.60419,-85.48136,159,6.3948
"EG2",32.60417,-85.48157,160,6.4071
"EG2",32.60412,-85.4818,161,6.4210
"EG2",32.604,-85.4818,162,6.4293
"EG2",32.60391,-85.48175,163,6.4361
"EG2",32.60354,-85.48175,164,6.4617
"EG2",32.60328,-85.48175,165,6.4797
"EG2",32.60302,-85.48174,166,6.4977
"EG2",32.60275,-85.48175,167,6.5164
"EG2",32.60248,-85.48175,168,6.5351
"EG2",32.60221,-85.48175,169,6.5537
"EG2",32.60194,-85.48175,170,6.5724
"EG2",32.60168,-85.48176,171,6.5904
"EG2",32.60141,-85.48176,172,6.6091
"EG2",32.60131,-85.48176,173,6.6160
"EG2",32.60122,-85.48176,174,6.6222
"EG2",32.60113,-85.48176,175,6.6284
"EG2",32.60077,-85.48175,176,6.6534
"EG2",32.5994,-85.48173,177,6.7481
"EG2",32.59896,-85.48173,178,6.7786
"EG2",32.59883,-85.48185,179,6.7900
"EG2",32.59872,-85.48201,180,6.8020
"EG2",32.5987,-85.48232,181,6.8201
"EG2",32.59865,-85.48254,182,6.8334
"EG2",32.59856,-85.48275,183,6.8471
"EG2",32.59835,-85.48309,184,6.8717
"EG2",32.59822,-85.48335,185,6.8893
"EG2",32.59818,-85.48351,186,6.8990
"EG2",32.59815,-85.48372,187,6.9114
"EG2",32.59815,-85.48384,188,6.9184
"EG2",32.59915,-85.48387,189,6.9876
"EG2",32.60056,-85.48387,190,7.0852
"EG2",32.60102,-85.48387,191,7.1170
"EG2",32.60119,-85.48322,192,7.1566
"GH1",32.60186,-85.48773,1,0.0000
"GH1",32.60198,-85.48767,2,0.0090
"GH1",32.60218,-85.48762,3,0.0231
"GH1",32.60252,-85.48759,4,0.0467
"GH1",32.60274,-85.48762,5,0.0620
"GH1",32.60284,-85.48765,6,0.0692
"GH1",32.60301,-85.48775,7,0.0823
"GH1",32.60323,-85.48794,8,0.1011
"GH1",32.60337,-85.48814,9,0.1163
"GH1",32.60352,-85.48843,10,0.1361
"GH1",32.60357,-85.48854,11,0.1434
"GH1",32.60362,-85.48888,12,0.1635
"GH1",32.60361,-85.48904,13,0.1728
"GH1",32.60354,-85.48936,14,0.1921
"GH1",32.60328,-85.48988,15,0.2273
"GH1",32.60321,-85.49007,16,0.2394
"GH1",32.60317,-85.4904,17,0.2589
"GH1",32.60403,-85.49041,18,0.3184
"GH1",32.60512,-85.49043,19,0.3938
"GH1",32.6058,-85.49037,20,0.4409
"GH1",32.60636,-85.49037,21,0.4797
"GH1",32.60646,-85.49039,22,0.4867
"GH1",32.60729,-85.49038,23,0.5441
"GH1",32.60754,-85.49037,24,0.5614
"GH1",32.60778,-85.49035,25,0.5780
"GH1",32.60845,-85.49027,26,0.6246
"GH1",32.60869,-85.49027,27,0.6412
"GH1",32.60906,-85.4903,28,0.6669
"GH1",32.60905,-85.48987,29,0.6919
"GH1",32.60902,-85.48825,30,0.7863
"GH1",32.60901,-85.48763,31,0.8225
"GH1",32.60903,-85.48708,32,0.8546
"GH1",32.60902,-85.48661,33,0.8819
"GH1",32.60903,-85.48532,34,0.9571
"GH1",32.60905,-85.48403,35,1.0323
"GH1",32.60907,-85.48274,36,1.1075
"GH1",32.60909,-85.48144,37,1.1832
"GH1",32.60909,-85.48015,38,1.2584
"GH1",32.6091,-85.4799,39,1.2730
"GH1",32.609661547259044,-85.47989520045077,40,1.3118
"GH1",32.61027,-85.47989,41,1.3539
"GH1",32.61203,-85.47987,42,1.4757
"GH1",32.61211,-85.47944,43,1.5013
"GH1",32.61235,-85.47841,44,1.5636
"GH1",32.61252,-85.47758,45,1.6133
"GH1",32.6127,-85.47666,46,1.6684
"GH1",32.61287,-85.47582,47,1.7187
"GH1",32.61265,-85.47576,48,1.7343
"GH1",32.61246,-85.47565,49,1.7489
"GH1",32.61221,-85.47546,50,1.7695
"GH1",32.61208,-85.4754,51,1.7791
"GH1",32.61185,-85.47537,52,1.7951
"GH1",32.61110257875549,-85.47532808852834,53,1.8469
"GH1",32.61078,-85.47531,54,1.8692
"GH1",32.61059,-85.47529,55,1.8824
"GH1",32.61059,-85.47424,56,1.9436
"GH1",32.61058851671777,-85.47409760490551,57,1.9519
"GH1",32.61058,-85.47328,58,1.9995
"GH1",32.61056,-85.47259,59,2.0398
"GH1",32.61055,-85.47112,60,2.1254
"GH1",32.61053076624929,-85.47038911747303,61,2.1680
"GH1",32.61052,-85.46998,62,2.1919
"GH1",32.61061,-85.46997,63,2.1981
"GH1",32.61052,-85.46998,64,2.2044
"GH1",32.61051,-85.46902,65,2.2603
"GH1",32.61038,-85.46907,66,2.2698
"GH1",32.61023,-85.46924,67,2.2841
"GH1",32.60932,-85.47032,68,2.3731
"GH1",32.60923429965595,-85.47043525218682,69,2.3821
"GH1",32.60903,-85.47071,70,2.4034
"GH1",32.60904,-85.47216,71,2.4879
"GH1",32.60905,-85.47412,72,2.6021
"GH1",32.60906,-85.47653,73,2.7426
"GH1",32.60908,-85.47894,74,2.8830
"GH1",32.6091,-85.4799,75,2.9389
"GH1",32.60909,-85.48122,76,3.0159
"GH1",32.60908,-85.4817,77,3.0438
"GH1",32.60908,-85.48221,78,3.0736
"GH1",32.60907,-85.48281,79,3.1085
"GH1",32.60907,-85.48316,80,3.1289
"GH1",32.60906,-85.48352,81,3.1499
"GH1",32.60906,-85.48389,82,3.1715
"GH1",32.60905,-85.48429,83,3.1948
"GH1",32.60904,-85.48478,84,3.2233
"GH1",32.60903,-85.48527,85,3.2519
"GH1",32.60902,-85.48575,86,3.2799
"GH1",32.60902,-85.48623,87,3.3078
"GH1",32.60902,-85.4867,88,3.3352
"GH1",32.60902,-85.48718,89,3.3632
"GH1",32.60901,-85.4877,90,3.3935
"GH1",32.60901,-85.48811,91,3.4174
"GH1",32.60902,-85.48856,92,3.4436
"GH1",32.60903,-85.489,93,3.4693
"GH1",32.60904,-85.48943,94,3.4943
"GH1",32.60905,-85.48993,95,3.5235
"GH1",32.60906,-85.49033,96,3.5468
"GH1",32.60865,-85.49027,97,3.5754
"GH1",32.60832,-85.49028,98,3.5982
"GH1",32.60794,-85.49033,99,3.6246
"GH1",32.60777,-85.49035,100,3.6365
"GH1",32.60767,-85.49036,101,3.6434
"GH1",32.60752,-85.49037,102,3.6538
"GH1",32.60731,-85.49038,103,3.6683
"GH1",32.60709,-85.49039,104,3.6836
"GH1",32.60684,-85.49039,105,3.7009
"GH1",32.60658,-85.49039,106,3.7188
"GH1",32.60646,-85.49039,107,3.7271
"GH1",32.60636,-85.49037,108,3.7342
"GH1",32.60602,-85.49037,109,3.7577
"GH1",32.60575,-85.49038,110,3.7764
"GH1",32.60548,-85.4904,111,3.7951
"GH1",32.60521,-85.49042,112,3.8138
"GH1",32.605093326324045,-85.49042432124726,113,3.8219
"GH1",32.60494,-85.49043,114,3.8325
"GH1",32.60483,-85.49043,115,3.8401
"GH1",32.60403,-85.49041,116,3.8954
"GH1",32.60301,-85.49042,117,3.9660
"GH1",32.6022,-85.49045,118,4.0220
"GH1",32.60158,-85.49047,119,4.0649
"GH1",32.60104,-85.49046,120,4.1023
"GH1",32.60099,-85.48957,121,4.1543
"GH1",32.60099,-85.4894,122,4.1642
"GH1",32.60101,-85.48896,123,4.1899
"GH1",32.60103,-85.4888,124,4.1993
"GH1",32.60106,-85.48864,125,4.2088
"GH1",32.6011,-85.48849,126,4.2180
"GH1",32.60116,-85.48836,127,4.2266
"GH1",32.60121,-85.48826,128,4.2334
"GH1",32.60129,-85.48816,129,4.2415
"GH1",32.60146,-85.48799,130,4.2568
"GH1",32.60161,-85.48787,131,4.2693
"GH1",32.60186,-85.48773,132,4.2885
"GH2",32.60187,-85.48773,1,0.0000
"GH2",32.60198,-85.48767,2,0.0084
"GH2",32.60229,-85.4876,3,0.0302
"GH2",32.60252,-85.48759,4,0.0461
"GH2",32.60267,-85.4876,5,0.0565
"GH2",32.60284,-85.48765,6,0.0686
"GH2",32.60301,-85.48775,7,0.0818
"GH2",32.60323,-85.48794,8,0.1006
"GH2",32.60337,-85.48814,9,0.1157
"GH2",32.60352,-85.48843,10,0.1356
"GH2",32.60357,-85.48854,11,0.1428
"GH2",32.60361,-85.48881,12,0.1588
"GH2",32.60361,-85.48904,13,0.1722
"GH2",32.60359,-85.48918,14,0.1805
"GH2",32.60354,-85.48936,15,0.1915
"GH2",32.60328,-85.48988,16,0.2268
"GH2",32.60322,-85.49004,17,0.2370
"GH2",32.60318,-85.49027,18,0.2507
"GH2",32.60317,-85.49042,19,0.2594
"GH2",32.60403,-85.49041,20,0.3189
"GH2",32.60512,-85.49043,21,0.3943
"GH2",32.6058,-85.49037,22,0.4415
"GH2",32.60602,-85.49037,23,0.4567
"GH2",32.60636,-85.49037,24,0.4802
"GH2",32.60646,-85.49039,25,0.4872
"GH2",32.60719,-85.49039,26,0.5377
"GH2",32.60778,-85.49035,27,0.5786
"GH2",32.60845,-85.49027,28,0.6252
"GH2",32.60903,-85.4903,29,0.6653
"GH2",32.60901,-85.48763,30,0.8209
"GH2",32.60903,-85.48708,31,0.8530
"GH2",32.60902,-85.48607,32,0.9119
"GH2",32.60906,-85.48374,33,1.0476
"GH2",32.60909,-85.48092,34,1.2120
"GH2",32.60909,-85.48049,35,1.2370
"GH2",32.6091,-85.4799,36,1.2714
"GH2",32.609661430000415,-85.47989655564417,37,1.3102
"GH2",32.61073,-85.47989,38,1.3842
"GH2",32.61203,-85.47987,39,1.4741
"GH2",32.61214,-85.47929,40,1.5087
"GH2",32.61226,-85.47877,41,1.5401
"GH2",32.61235,-85.47841,42,1.5620
"GH2",32.61287,-85.47582,43,1.7172
"GH2",32.61273,-85.47579,44,1.7270
"GH2",32.61256,-85.47571,45,1.7396
"GH2",32.61228,-85.47551,46,1.7622
"GH2",32.61212,-85.47542,47,1.7745
"GH2",32.61189,-85.47537,48,1.7907
"GH2",32.6111033037989,-85.47532158792609,49,1.8452
"GH2",32.61059,-85.47529,50,1.8807
"GH2",32.61059,-85.47518,51,1.8871
"GH2",32.61058430486443,-85.47409792424223,52,1.9502
"GH2",32.61058,-85.47328,53,1.9978
"GH2",32.61056,-85.47267,54,2.0334
"GH2",32.61055,-85.47163,55,2.0940
"GH2",32.61055,-85.47112,56,2.1237
"GH2",32.61053608282444,-85.47038934828288,57,2.1663
"GH2",32.61051,-85.46902,58,2.2461
"GH2",32.61038,-85.46907,59,2.2556
"GH2",32.61023,-85.46924,60,2.2699
"GH2",32.60924,-85.47042,61,2.3669
"GH2",32.60903,-85.47071,62,2.3892
"GH2",32.60903,-85.47096,63,2.4038
"GH2",32.60905,-85.47442,64,2.6054
"GH2",32.60908,-85.4781,65,2.8198
"GH2",32.60909,-85.47932,66,2.8909
"GH2",32.60909,-85.48064,67,2.9678
"GH2",32.60909,-85.4811,68,2.9946
"GH2",32.60908,-85.48157,69,3.0220
"GH2",32.60908,-85.48203,70,3.0488
"GH2",32.60907,-85.4825,71,3.0762
"GH2",32.60907,-85.48297,72,3.1036
"GH2",32.60907,-85.48344,73,3.1310
"GH2",32.60906,-85.48391,74,3.1584
"GH2",32.60905,-85.48438,75,3.1858
"GH2",32.60904,-85.48485,76,3.2132
"GH2",32.60903,-85.48532,77,3.2406
"GH2",32.60902,-85.48579,78,3.2680
"GH2",32.60902,-85.48626,79,3.2954
"GH2",32.60902,-85.48673,80,3.3227
"GH2",32.60902,-85.4872,81,3.3501
"GH2",32.60901,-85.48767,82,3.3775
"GH2",32.60902,-85.48815,83,3.4055
"GH2",32.60902,-85.48863,84,3.4335
"GH2",32.60903,-85.48914,85,3.4632
"GH2",32.60904,-85.48964,86,3.4923
"GH2",32.60906,-85.49015,87,3.5221
"GH2",32.60905,-85.4903,88,3.5308
"GH2",32.60862,-85.49027,89,3.5606
"GH2",32.60835,-85.49028,90,3.5793
"GH2",32.60799,-85.49032,91,3.6043
"GH2",32.60763,-85.49036,92,3.6293
"GH2",32.60727,-85.49039,93,3.6543
"GH2",32.6069,-85.49039,94,3.6799
"GH2",32.6065,-85.49039,95,3.7076
"GH2",32.60636,-85.49037,96,3.7173
"GH2",32.6061,-85.49037,97,3.7353
"GH2",32.60569,-85.49038,98,3.7637
"GH2",32.60526,-85.49042,99,3.7935
"GH2",32.60509524470775,-85.49042392274505,100,3.8049
"GH2",32.60484,-85.49043,101,3.8226
"GH2",32.60403,-85.49041,102,3.8786
"GH2",32.60317,-85.49042,103,3.9381
"GH2",32.6026,-85.49044,104,3.9775
"GH2",32.6018,-85.49047,105,4.0329
"GH2",32.60106,-85.49046,106,4.0841
"GH2",32.601,-85.48977,107,4.1245
"GH2",32.60098,-85.4894,108,4.1461
"GH2",32.60101,-85.48902,109,4.1684
"GH2",32.60106,-85.48864,110,4.1908
"GH2",32.60109,-85.48852,111,4.1981
"GH2",32.60116,-85.48836,112,4.2086
"GH2",32.60126,-85.4882,113,4.2202
"GH2",32.60134,-85.4881,114,4.2282
"GH2",32.60161,-85.48787,115,4.2512
"GH2",32.60186,-85.48773,116,4.2703
"GH3",32.60186,-85.48773,1,0.0000
"GH3",32.60202,-85.48766,2,0.0118
"GH3",32.60229,-85.4876,3,0.0308
"GH3",32.60245,-85.4876,4,0.0419
"GH3",32.6026,-85.48759,5,0.0523
"GH3",32.60284,-85.48765,6,0.0692
"GH3",32.60301,-85.48775,7,0.0823
"GH3",32.60323,-85.48794,8,0.1012
"GH3",32.6033,-85.48802,9,0.1079
"GH3",32.60348,-85.48834,10,0.1303
"GH3",32.60357,-85.48854,11,0.1435
"GH3",32.60362,-85.48891,12,0.1654
"GH3",32.60359,-85.48918,13,0.1812
"GH3",32.60354,-85.48936,14,0.1923
"GH3",32.60343,-85.4896,15,0.2082
"GH3",32.60328,-85.48988,16,0.2275
"GH3",32.60322,-85.49004,17,0.2377
"GH3",32.60319,-85.49019,18,0.2467
"GH3",32.60317,-85.49042,19,0.2602
"GH3",32.60361,-85.49041,20,0.2906
"GH3",32.60451,-85.49041,21,0.3529
"GH3",32.60505,-85.49043,22,0.3903
"GH3",32.60539,-85.49042,23,0.4138
"GH3",32.6058,-85.49037,24,0.4423
"GH3",32.60636,-85.49037,25,0.4810
"GH3",32.60646,-85.49039,26,0.4880
"GH3",32.60699,-85.49039,27,0.5247
"GH3",32.60719,-85.49039,28,0.5385
"GH3",32.60778,-85.49035,29,0.5794
"GH3",32.60845,-85.49027,30,0.6260
"GH3",32.60869,-85.49027,31,0.6426
"GH3",32.60912,-85.49031,32,0.6724
"GH3",32.60902,-85.48888,33,0.7560
"GH3",32.60901,-85.48763,34,0.8289
"GH3",32.60902,-85.4871,35,0.8598
"GH3",32.60902,-85.48607,36,0.9198
"GH3",32.60904,-85.48479,37,0.9944
"GH3",32.60907,-85.48248,38,1.1290
"GH3",32.60908,-85.48133,39,1.1960
"GH3",32.60909,-85.48017,40,1.2636
"GH3",32.6091,-85.4799,41,1.2793
"GH3",32.60966155785988,-85.47989507405386,42,1.3182
"GH3",32.61138,-85.47988,43,1.4370
"GH3",32.61203,-85.47987,44,1.4820
"GH3",32.61214,-85.47929,45,1.5166
"GH3",32.61242,-85.47806,46,1.5909
"GH3",32.61287,-85.47582,47,1.7251
"GH3",32.61273,-85.47579,48,1.7349
"GH3",32.61256,-85.47571,49,1.7475
"GH3",32.61217,-85.47544,50,1.7788
"GH3",32.6119,-85.47537,51,1.7979
"GH3",32.611103287587596,-85.47532134580688,52,1.8531
"GH3",32.61059,-85.47529,53,1.8886
"GH3",32.61059,-85.47422,54,1.9510
"GH3",32.61058869776808,-85.47409759019942,55,1.9581
"GH3",32.61058,-85.47328,56,2.0057
"GH3",32.61056,-85.47278,57,2.0349
"GH3",32.61055,-85.472,58,2.0804
"GH3",32.61055,-85.47112,59,2.1316
"GH3",32.610537182555966,-85.47038940568999,60,2.1742
"GH3",32.61052,-85.46941,61,2.2313
"GH3",32.61051,-85.46902,62,2.2540
"GH3",32.61038,-85.46907,63,2.2635
"GH3",32.60966,-85.46992,64,2.3337
"GH3",32.60924,-85.47042,65,2.3749
"GH3",32.60903,-85.47071,66,2.3971
"GH3",32.60904,-85.4718,67,2.4607
"GH3",32.60905,-85.47444,68,2.6145
"GH3",32.60907,-85.47769,69,2.8039
"GH3",32.6091,-85.4799,70,2.9326
"GH3",32.60909,-85.48077,71,2.9833
"GH3",32.60909,-85.48138,72,3.0189
"GH3",32.60908,-85.48199,73,3.0544
"GH3",32.60907,-85.48261,74,3.0906
"GH3",32.60907,-85.48323,75,3.1267
"GH3",32.60906,-85.48386,76,3.1634
"GH3",32.60905,-85.48448,77,3.1995
"GH3",32.60903,-85.48511,78,3.2363
"GH3",32.60902,-85.48574,79,3.2730
"GH3",32.60902,-85.48636,80,3.3091
"GH3",32.60902,-85.48699,81,3.3458
"GH3",32.60901,-85.48762,82,3.3825
"GH3",32.60902,-85.48824,83,3.4187
"GH3",32.60902,-85.48886,84,3.4548
"GH3",32.60904,-85.48948,85,3.4910
"GH3",32.60906,-85.4901,86,3.5271
"GH3",32.60905,-85.4903,87,3.5388
"GH3",32.60878,-85.49028,88,3.5575
"GH3",32.60841,-85.49027,89,3.5831
"GH3",32.60799,-85.49032,90,3.6123
"GH3",32.60757,-85.49036,91,3.6414
"GH3",32.60717,-85.49039,92,3.6692
"GH3",32.60677,-85.49039,93,3.6968
"GH3",32.60646,-85.49039,94,3.7183
"GH3",32.60636,-85.49037,95,3.7253
"GH3",32.606,-85.49037,96,3.7502
"GH3",32.60559,-85.49039,97,3.7786
"GH3",32.60519,-85.49042,98,3.8063
"GH3",32.605098724365234,-85.49042,99,3.8126
"GH3",32.60483,-85.49042,100,3.8312
"GH3",32.60403,-85.49041,101,3.8865
"GH3",32.6029,-85.49043,102,3.9647
"GH3",32.60187,-85.49046,103,4.0360
"GH3",32.60116,-85.49046,104,4.0851
"GH3",32.60105,-85.49046,105,4.0927
"GH3",32.60099,-85.48946,106,4.1511
"GH3",32.60101,-85.48896,107,4.1803
"GH3",32.60106,-85.48864,108,4.1992
"GH3",32.60116,-85.48836,109,4.2170
"GH3",32.60125,-85.4882,110,4.2282
"GH3",32.60146,-85.48799,111,4.2472
"GH3",32.60161,-85.48787,112,4.2597
"GH3",32.60186,-85.48772,113,4.2791
"HW1",32.60242,-85.4876,1,0.0000
"HW1",32.60252,-85.48759,2,0.0069
"HW1",32.60267,-85.4876,3,0.0173
"HW1",32.60284,-85.48765,4,0.0294
"HW1",32.60301,-85.48775,5,0.0426
"HW1",32.60323,-85.48794,6,0.0614
"HW1",32.6033,-85.48802,7,0.0681
"HW1",32.60344,-85.48826,8,0.0851
"HW1",32.60357,-85.48854,9,0.1038
"HW1",32.60361,-85.48881,10,0.1197
"HW1",32.60361,-85.48904,11,0.1331
"HW1",32.60354,-85.48936,12,0.1524
"HW1",32.60328,-85.48988,13,0.1876
"HW1",32.60322,-85.49004,14,0.1978
"HW1",32.60318,-85.49027,15,0.2115
"HW1",32.60315967290998,-85.49100855093741,16,0.2546
"HW1",32.60315,-85.49136,17,0.2751
"HW1",32.60299,-85.49153,18,0.2899
"HW1",32.6029,-85.49161,19,0.2977
"HW1",32.60277,-85.49164,20,0.3069
"HW1",32.60241446006984,-85.49186122484542,21,0.3346
"HW1",32.60232,-85.49192,22,0.3420
"HW1",32.60226,-85.49213,23,0.3549
"HW1",32.60219,-85.49221,24,0.3616
"HW1",32.60156,-85.49248,25,0.4080
"HW1",32.60167,-85.49271,26,0.4234
"HW1",32.60192,-85.49324,27,0.4588
"HW1",32.60232,-85.49397,28,0.5095
"HW1",32.60239,-85.49436,29,0.5328
"HW1",32.60237,-85.49469,30,0.5520
"HW1",32.60253,-85.49471,31,0.5632
"HW1",32.60273,-85.49475,32,0.5772
"HW1",32.60283,-85.4948,33,0.5847
"HW1",32.60329,-85.49517,34,0.6231
"HW1",32.60357,-85.49535,35,0.6452
"HW1",32.60373,-85.49542,36,0.6570
"HW1",32.60408,-85.49551,37,0.6817
"HW1",32.60402,-85.49622,38,0.7233
"HW1",32.60400489048756,-85.49725248334998,39,0.7835
"HW1",32.60399,-85.49827,40,0.8428
"HW1",32.60398,-85.49893,41,0.8813
"HW1",32.60396,-85.50039,42,0.9663
"HW1",32.60395,-85.50151,43,1.0316
"HW1",32.60406,-85.5018,44,1.0501
"HW1",32.60404,-85.50206,45,1.0654
"HW1",32.60392,-85.50212,46,1.0744
"HW1",32.60387,-85.50198,47,1.0832
"HW1",32.60389,-85.50177,48,1.0955
"HW1",32.60394,-85.50159,49,1.1066
"HW1",32.60395,-85.50115,50,1.1322
"HW1",32.60396,-85.50071,51,1.1579
"HW1",32.60396,-85.50026,52,1.1841
"HW1",32.60397,-85.49998,53,1.2004
"HW1",32.60387,-85.4998,54,1.2130
"HW1",32.60393,-85.49964,55,1.2232
"HW1",32.60398,-85.49938,56,1.2387
"HW1",32.60398,-85.4991,57,1.2551
"HW1",32.60399,-85.49885,58,1.2696
"HW1",32.60399,-85.49845,59,1.2929
"HW1",32.60399,-85.49805,60,1.3163
"HW1",32.604,-85.49765,61,1.3396
"HW1",32.604,-85.49726,62,1.3623
"HW1",32.604,-85.49686,63,1.3856
"HW1",32.60401,-85.49646,64,1.4089
"HW1",32.60403,-85.49607,65,1.4317
"HW1",32.60406,-85.49568,66,1.4545
"HW1",32.60408,-85.49551,67,1.4645
"HW1",32.60429,-85.49554,68,1.4791
"HW1",32.60443,-85.49554,69,1.4888
"HW1",32.60471,-85.49549,70,1.5084
"HW1",32.60492,-85.49542,71,1.5235
"HW1",32.60506,-85.49534,72,1.5342
"HW1",32.60497,-85.49512,73,1.5485
"HW1",32.6049,-85.49489,74,1.5627
"HW1",32.60489,-85.49472,75,1.5727
"HW1",32.60489,-85.4945,76,1.5855
"HW1",32.60489,-85.49422,77,1.6018
"HW1",32.60489,-85.49407,78,1.6106
"HW1",32.60478,-85.49395,79,1.6209
"HW1",32.60475,-85.49372,80,1.6344
"HW1",32.60485,-85.49357,81,1.6456
"HW1",32.60488,-85.49266,82,1.6987
"HW1",32.60488,-85.49193,83,1.7412
"HW1",32.60483,-85.49144,84,1.7700
"HW1",32.60482,-85.49128,85,1.7793
"HW1",32.60483,-85.49042,86,1.8294
"HW1",32.60467,-85.49042,87,1.8405
"HW1",32.60379,-85.49041,88,1.9014
"HW1",32.603,-85.49042,89,1.9560
"HW1",32.60221,-85.49045,90,2.0107
"HW1",32.60142,-85.49047,91,2.0653
"HW1",32.60105,-85.49046,92,2.0909
"HW1",32.60098,-85.4894,93,2.1529
"HW1",32.60101,-85.48896,94,2.1786
"HW1",32.60106,-85.48864,95,2.1976
"HW1",32.60116,-85.48836,96,2.2153
"HW1",32.60126,-85.4882,97,2.2269
"HW1",32.60146,-85.48799,98,2.2454
"HW1",32.60161,-85.48787,99,2.2579
"HW1",32.60191,-85.4877,100,2.2809
"HW1",32.60202,-85.48766,101,2.2889
"HW1",32.60229,-85.4876,102,2.3079
"HW1",32.60241,-85.4876,103,2.3162
"HW2",32.60242,-85.4876,1,0.0000
"HW2",32.60252,-85.48759,2,0.0069
"HW2",32.60267,-85.4876,3,0.0173
"HW2",32.60284,-85.48765,4,0.0294
"HW2",32.60301,-85.48775,5,0.0426
"HW2",32.60323,-85.48794,6,0.0614
"HW2",32.6033,-85.48802,7,0.0681
"HW2",32.60344,-85.48826,8,0.0851
"HW2",32.60357,-85.48854,9,0.1038
"HW2",32.60361,-85.48881,10,0.1197
"HW2",32.60361,-85.48904,11,0.1331
"HW2",32.60354,-85.48936,12,0.1524
"HW2",32.60328,-85.48988,13,0.1876
"HW2",32.60322,-85.49004,14,0.1978
"HW2",32.60318,-85.49027,15,0.2115
"HW2",32.60315967290998,-85.49100855093741,16,0.2546
"HW2",32.60315,-85.49136,17,0.2751
"HW2",32.60299,-85.49153,18,0.2899
"HW2",32.6029,-85.49161,19,0.2977
"HW2",32.60277,-85.49164,20,0.3069
"HW2",32.60241446006984,-85.49186122484542,21,0.3346
"HW2",32.60232,-85.49192,22,0.3420
"HW2",32.60226,-85.49213,23,0.3549
"HW2",32.60219,-85.49221,24,0.3616
"HW2",32.60156,-85.49248,25,0.4080
"HW2",32.60167,-85.49271,26,0.4234
"HW2",32.60192,-85.49324,27,0.4588
"HW2",32.60232,-85.49397,28,0.5095
"HW2",32.60239,-85.49436,29,0.5328
"HW2",32.60237,-85.49469,30,0.5520
"HW2",32.60253,-85.49471,31,0.5632
"HW2",32.60273,-85.49475,32,0.5772
"HW2",32.60283,-85.4948,33,0.5847
"HW2",32.60329,-85.49517,34,0.6231
"HW2",32.60357,-85.49535,35,0.6452
"HW2",32.60373,-85.49542,36,0.6570
"HW2",32.60408,-85.49551,37,0.6817
"HW2",32.60402,-85.49622,38,0.7233
"HW2",32.60400489048756,-85.49725248334998,39,0.7835
"HW2",32.60399,-85.49827,40,0.8428
"HW2",32.60398,-85.49893,41,0.8813
"HW2",32.60396,-85.50039,42,0.9663
"HW2",32.60395,-85.50151,43,1.0316
"HW2",32.60406,-85.5018,44,1.0501
"HW2",32.60404,-85.50206,45,1.0654
"HW2",32.60392,-85.50212,46,1.0744
"HW2",32.60387,-85.50198,47,1.0832
"HW2",32.60389,-85.50177,48,1.0955
"HW2",32.60394,-85.50159,49,1.1066
"HW2",32.60395,-85.50115,50,1.1322
"HW2",32.60396,-85.50071,51,1.1579
"HW2",32.60396,-85.50026,52,1.1841
"HW2",32.60397,-85.49998,53,1.2004
"HW2",32.60387,-85.4998,54,1.2130
"HW2",32.60393,-85.49964,55,1.2232
"HW2",32.60398,-85.49938,56,1.2387
"HW2",32.60398,-85.4991,57,1.2551
"HW2",32.60399,-85.49885,58,1.2696
"HW2",32.60399,-85.49845,59,1.2929
"HW2",32.60399,-85.49805,60,1.3163
"HW2",32.604,-85.49765,61,1.3396
"HW2",32.604,-85.49726,62,1.3623
"HW2",32.604,-85.49686,63,1.3856
"HW2",32.60401,-85.49646,64,1.4089
"HW2",32.60403,-85.49607,65,1.4317
"HW2",32.60406,-85.49568,66,1.4545
"HW2",32.60408,-85.49551,67,1.4645
"HW2",32.60429,-85.49554,68,1.4791
"HW2",32.60443,-85.49554,69,1.4888
"HW2",32.60471,-85.49549,70,1.5084
"HW2",32.60492,-85.49542,71,1.5235
"HW2",32.60506,-85.49534,72,1.5342
"HW2",32.60497,-85.49512,73,1.5485
"HW2",32.6049,-85.49489,74,1.5627
"HW2",32.60489,-85.49472,75,1.5727
"HW2",32.60489,-85.4945,76,1.5855
"HW2",32.60489,-85.49422,77,1.6018
"HW2",32.60489,-85.49407,78,1.6106
"HW2",32.60478,-85.49395,79,1.6209
"HW2",32.60475,-85.49372,80,1.6344
"HW2",32.60485,-85.49357,81,1.6456
"HW2",32.60488,-85.49286,82,1.6870
"HW2",32.60488,-85.49193,83,1.7412
"HW2",32.60483,-85.4915,84,1.7665
"HW2",32.60482,-85.49115,85,1.7869
"HW2",32.60483,-85.49049,86,1.8254
"HW2",32.60403,-85.49041,87,1.8809
"HW2",32.6034,-85.49041,88,1.9245
"HW2",32.60192,-85.49046,89,2.0269
"HW2",32.60145,-85.49047,90,2.0594
"HW2",32.60105,-85.49046,91,2.0871
"HW2",32.601,-85.48985,92,2.1228
"HW2",32.60098,-85.4894,93,2.1491
"HW2",32.60101,-85.48896,94,2.1748
"HW2",32.60104,-85.48876,95,2.1866
"HW2",32.60106,-85.48864,96,2.1938
"HW2",32.60112,-85.48844,97,2.2061
"HW2",32.60123,-85.48823,98,2.2205
"HW2",32.60134,-85.4881,99,2.2313
"HW2",32.60146,-85.48799,100,2.2418
"HW2",32.60161,-85.48787,101,2.2543
"HW2",32.60188,-85.48772,102,2.2749
"HW2",32.60202,-85.48766,103,2.2852
"HW2",32.60214,-85.48763,104,2.2937
"HW2",32.60228,-85.4876,105,2.3035
"HW2",32.60242,-85.4876,106,2.3132
"HSS",32.60242,-85.4876,1,0.0000
"HSS",32.6026,-85.48759,2,0.0125
"HSS",32.60284,-85.48765,3,0.0294
"HSS",32.60301,-85.48775,4,0.0426
"HSS",32.60323,-85.48794,5,0.0614
"HSS",32.6033,-85.48802,6,0.0681
"HSS",32.60347,-85.48832,7,0.0892
"HSS",32.60357,-85.48854,8,0.1037
"HSS",32.60361,-85.48881,9,0.1197
"HSS",32.60361,-85.48904,10,0.1331
"HSS",32.60354,-85.48936,11,0.1524
"HSS",32.60324,-85.49,12,0.1950
"HSS",32.6032,-85.49012,13,0.2026
"HSS",32.60317,-85.49042,14,0.2202
"HSS",32.602,-85.49046,15,0.3011
"HSS",32.60145,-85.49047,16,0.3392
"HSS",32.60057,-85.49046,17,0.4001
"HSS",32.59966,-85.49045,18,0.4630
"HSS",32.59904544123557,-85.49043692428161,19,0.5055
"HSS",32.59872,-85.49043,20,0.5280
"HSS",32.59778,-85.49042,21,0.5931
"HSS",32.59742,-85.49038,22,0.6181
"HSS",32.59684,-85.49028,23,0.6586
"HSS",32.59653,-85.49023,24,0.6802
"HSS",32.5959,-85.4902,25,0.7239
"HSS",32.59548,-85.49021,26,0.7529
"HSS",32.59475,-85.49028,27,0.8036
"HSS",32.59355,-85.49034,28,0.8867
"HSS",32.59311,-85.49034,29,0.9171
"HSS",32.59233,-85.49032,30,0.9711
"HSS",32.5919,-85.49029,31,1.0009
"HSS",32.59161,-85.49026,32,1.0210
"HSS",32.59135,-85.49027,33,1.0390
"HSS",32.59124,-85.4905,34,1.0544
"HSS",32.59125,-85.49076,35,1.0696
"HSS",32.5913,-85.49109,36,1.0891
"HSS",32.59128,-85.49126,37,1.0991
"HSS",32.59123,-85.49141,38,1.1085
"HSS",32.59115,-85.49153,39,1.1174
"HSS",32.59106,-85.49171,40,1.1296
"HSS",32.59137,-85.49191,41,1.1540
"HSS",32.59156,-85.49198,42,1.1678
"HSS",32.59176,-85.49201,43,1.1817
"HSS",32.59216,-85.49204,44,1.2095
"HSS",32.59247,-85.49192,45,1.2320
"HSS",32.59244,-85.49148,46,1.2577
"HSS",32.5924,-85.49095,47,1.2888
"HSS",32.59234,-85.49032,48,1.3257
"HSS",32.59234,-85.48966,49,1.3642
"HSS",32.59236,-85.4892,50,1.3910
"HSS",32.5924,-85.48889,51,1.4093
"HSS",32.59251,-85.48839,52,1.4394
"HSS",32.59264,-85.48799,53,1.4644
"HSS",32.59268555946055,-85.48789159156522,54,1.4709
"HSS",32.59289,-85.48745,55,1.5003
"HSS",32.59307,-85.48715,56,1.5218
"HSS",32.59356,-85.48631,57,1.5813
"HSS",32.59364,-85.48637,58,1.5878
"HSS",32.59364774157482,-85.48662805249397,59,1.6029
"HSS",32.59367,-85.48737,60,1.6462
"HSS",32.59343,-85.48745,61,1.6634
"HSS",32.59325,-85.48741,62,1.6761
"HSS",32.59312,-85.48736,63,1.6855
"HSS",32.59304,-85.48731,64,1.6918
"HSS",32.59276,-85.48772,65,1.7225
"HSS",32.59263,-85.48802,66,1.7422
"HSS",32.59256,-85.48821,67,1.7543
"HSS",32.59246,-85.4886,68,1.7780
"HSS",32.59239,-85.48895,69,1.7990
"HSS",32.59236,-85.4892,70,1.8137
"HSS",32.59234,-85.49011,71,1.8668
"HSS",32.59235,-85.49032,72,1.8790
"HSS",32.59311,-85.49034,73,1.9316
"HSS",32.59355,-85.49034,74,1.9620
"HSS",32.59473,-85.49028,75,2.0437
"HSS",32.59548,-85.49021,76,2.0958
"HSS",32.59608,-85.49021,77,2.1373
"HSS",32.59653,-85.49023,78,2.1684
"HSS",32.59726,-85.49035,79,2.2194
"HSS",32.59785,-85.49042,80,2.2604
"HSS",32.59841,-85.49043,81,2.2992
"HSS",32.5998,-85.49045,82,2.3953
"HSS",32.60105,-85.49046,83,2.4818
"HSS",32.60101,-85.48989,84,2.5151
"HSS",32.60098,-85.4894,85,2.5437
"HSS",32.60101,-85.48893,86,2.5712
"HSS",32.60106,-85.48864,87,2.5885
"HSS",32.60116,-85.48836,88,2.6062
"HSS",32.60126,-85.4882,89,2.6178
"HSS",32.60149,-85.48797,90,2.6386
"HSS",32.60161,-85.48787,91,2.6487
"HSS",32.60192,-85.4877,92,2.6723
"HSS",32.60202,-85.48766,93,2.6796
"HSS",32.60218,-85.48762,94,2.6910
"HSS",32.6023,-85.4876,95,2.6993
"HSS",32.60241,-85.4876,96,2.7069
"NA1",32.60119,-85.48322,1,0.0000
"NA1",32.60134,-85.48205,2,0.0690
"NA1",32.60137,-85.48177,3,0.0854
"NA1",32.60307,-85.48174,4,0.2030
"NA1",32.60381,-85.48175,5,0.2542
"NA1",32.60391,-85.48175,6,0.2611
"NA1",32.60401,-85.4817,7,0.2686
"NA1",32.60414,-85.48169,8,0.2776
"NA1",32.60417,-85.48157,9,0.2849
"NA1",32.60423,-85.48057,10,0.3433
"NA1",32.6042,-85.47993,11,0.3807
"NA1",32.6042,-85.47922,12,0.4221
"NA1",32.60421,-85.47778,13,0.5060
"NA1",32.60422,-85.47572,14,0.6260
"NA1",32.60423,-85.47304,15,0.7822
"NA1",32.6043,-85.47036,16,0.9384
"NA1",32.60437,-85.46757,17,1.1011
"NA1",32.6044,-85.46581,18,1.2037
"NA1",32.60447,-85.46491,19,1.2563
"NA1",32.60614,-85.46491,20,1.3718
"NA1",32.60781,-85.4649,21,1.4873
"NA1",32.60889,-85.46488,22,1.5621
"NA1",32.61047,-85.4649,23,1.6714
"NA1",32.61064,-85.46489,24,1.6831
"NA1",32.61142,-85.46473,25,1.7379
"NA1",32.61216,-85.46455,26,1.7901
"NA1",32.61263,-85.46448,27,1.8229
"NA1",32.61291,-85.46447,28,1.8423
"NA1",32.61309,-85.46448,29,1.8547
"NA1",32.61348,-85.46448,30,1.8817
"NA1",32.6141,-85.46451,31,1.9246
"NA1",32.61458,-85.46453,32,1.9579
"NA1",32.61528,-85.46452,33,2.0063
"NA1",32.61645,-85.46447,34,2.0873
"NA1",32.61752,-85.46445,35,2.1613
"NA1",32.61841,-85.46445,36,2.2228
"NA1",32.61843,-85.46475,37,2.2404
"NA1",32.61849,-85.46496,38,2.2533
"NA1",32.61857,-85.4651,39,2.2632
"NA1",32.61870751062853,-85.46526894162935,40,2.2768
"NA1",32.61892,-85.46553,41,2.2980
"NA1",32.6191,-85.46575,42,2.3159
"NA1",32.61917,-85.46587,43,2.3244
"NA1",32.61922,-85.46606,44,2.3360
"NA1",32.61923,-85.46628,45,2.3488
"NA1",32.61953,-85.46628,46,2.3696
"NA1",32.62034,-85.46627,47,2.4256
"NA1",32.62029,-85.467,48,2.4683
"NA1",32.62021,-85.46767,49,2.5077
"NA1",32.6202,-85.46814,50,2.5351
"NA1",32.62014,-85.46863,51,2.5639
"NA1",32.61995,-85.4693,52,2.6051
"NA1",32.61989,-85.46946,53,2.6153
"NA1",32.6197,-85.46985,54,2.6416
"NA1",32.61963,-85.46993,55,2.6483
"NA1",32.61954,-85.46997,56,2.6549
"NA1",32.61943,-85.46999,57,2.6626
"NA1",32.61932,-85.46997,58,2.6703
"NA1",32.61921,-85.46993,59,2.6783
"NA1",32.61896,-85.46974,60,2.6988
"NA1",32.6188,-85.46965,61,2.7111
"NA1",32.61858,-85.46955,62,2.7274
"NA1",32.618,-85.46939,63,2.7685
"NA1",32.61787,-85.46932,64,2.7784
"NA1",32.61777,-85.46921,65,2.7878
"NA1",32.61766,-85.46904,66,2.8003
"NA1",32.61761,-85.46891,67,2.8087
"NA1",32.61758,-85.46878,68,2.8165
"NA1",32.61756,-85.46852,69,2.8317
"NA1",32.61758,-85.46832,70,2.8435
"NA1",32.61763,-85.46817,71,2.8529
"NA1",32.61773,-85.46803,72,2.8636
"NA1",32.61785,-85.46793,73,2.8737
"NA1",32.61797,-85.46789,74,2.8823
"NA1",32.61817,-85.46788,75,2.8962
"NA1",32.61836,-85.46792,76,2.9095
"NA1",32.61845,-85.46777,77,2.9202
"NA1",32.61857,-85.46735,78,2.9461
"NA1",32.61862,-85.46704,79,2.9645
"NA1",32.61863,-85.46649,80,2.9965
"NA1",32.61863,-85.46628,81,3.0088
"NA1",32.61815,-85.46629,82,3.0420
"NA1",32.61603,-85.46622,83,3.1887
"NA1",32.6159,-85.46621,84,3.1977
"NA1",32.61491,-85.46838,85,3.3415
"NA1",32.61459,-85.46915,86,3.3915
"NA1",32.61385,-85.47112,87,3.5172
"NA1",32.61366,-85.47175,88,3.5561
"NA1",32.61353,-85.47227,89,3.5877
"NA1",32.61287,-85.47582,90,3.7996
"NA1",32.61273,-85.47579,91,3.8094
"NA1",32.61256,-85.47571,92,3.8221
"NA1",32.61221,-85.47546,93,3.8503
"NA1",32.61212,-85.47542,94,3.8570
"NA1",32.61189,-85.47537,95,3.8731
"NA1",32.61166,-85.47536,96,3.8890
"NA1",32.6097,-85.47523,97,4.0248
"NA1",32.60852,-85.47516,98,4.1066
"NA1",32.60762,-85.47508,99,4.1690
"NA1",32.60552,-85.47494,100,4.3145
"NA1",32.60454,-85.47489,101,4.3823
"NA1",32.60422,-85.47486,102,4.4045
"NA1",32.60422,-85.47731,103,4.5473
"NA1",32.60419,-85.47939,104,4.6685
"NA1",32.60422,-85.48036,105,4.7251
"NA1",32.60423,-85.48057,106,4.7373
"NA1",32.6042,-85.48112,107,4.7694
"NA1",32.60417,-85.48157,108,4.7957
"NA1",32.60412,-85.4818,109,4.8096
"NA1",32.604,-85.4818,110,4.8179
"NA1",32.60391,-85.48175,111,4.8248
"NA1",32.60342,-85.48175,112,4.8587
"NA1",32.60224,-85.48175,113,4.9403
"NA1",32.60148,-85.48176,114,4.9928
"NA1",32.60059,-85.48175,115,5.0544
"NA1",32.59948,-85.48173,116,5.1312
"NA1",32.59896,-85.48173,117,5.1672
"NA1",32.5988,-85.48188,118,5.1813
"NA1",32.59872,-85.48201,119,5.1907
"NA1",32.59871,-85.48225,120,5.2047
"NA1",32.59867,-85.48246,121,5.2172
"NA1",32.59856,-85.48275,122,5.2357
"NA1",32.59835,-85.48309,123,5.2603
"NA1",32.59822,-85.48335,124,5.2779
"NA1",32.59818,-85.48351,125,5.2876
"NA1",32.59815,-85.48384,126,5.3070
"NA1",32.59874,-85.48386,127,5.3478
"NA1",32.60063,-85.48387,128,5.4786
"NA1",32.6011,-85.48387,129,5.5111
"NA1",32.60117,-85.48336,130,5.5412
"NA1",32.60119,-85.48322,131,5.5494
"NA2",32.60119,-85.48322,1,0.0000
"NA2",32.6013,-85.48243,2,0.0467
"NA2",32.60137,-85.48177,3,0.0854
"NA2",32.60146,-85.48176,4,0.0917
"NA2",32.60237,-85.48175,5,0.1546
"NA2",32.60307,-85.48174,6,0.2030
"NA2",32.6039,-85.48175,7,0.2605
"NA2",32.60401,-85.4817,8,0.2686
"NA2",32.60414,-85.48169,9,0.2776
"NA2",32.60417,-85.48157,10,0.2849
"NA2",32.60423,-85.48057,11,0.3433
"NA2",32.6042,-85.47993,12,0.3807
"NA2",32.6042,-85.47904,13,0.4325
"NA2",32.60421,-85.47621,14,0.5974
"NA2",32.60422,-85.47338,15,0.7624
"NA2",32.60429,-85.47063,16,0.9227
"NA2",32.60436,-85.46788,17,1.0830
"NA2",32.6044,-85.46581,18,1.2036
"NA2",32.60447,-85.46491,19,1.2563
"NA2",32.60592,-85.46491,20,1.3566
"NA2",32.60848,-85.46489,21,1.5337
"NA2",32.60928,-85.46488,22,1.5890
"NA2",32.61047,-85.4649,23,1.6713
"NA2",32.61064,-85.46489,24,1.6831
"NA2",32.61134,-85.46476,25,1.7321
"NA2",32.61216,-85.46455,26,1.7902
"NA2",32.61263,-85.46448,27,1.8229
"NA2",32.61291,-85.46447,28,1.8423
"NA2",32.61309,-85.46448,29,1.8548
"NA2",32.61349,-85.46448,30,1.8824
"NA2",32.6141,-85.46451,31,1.9247
"NA2",32.61458,-85.46453,32,1.9579
"NA2",32.61528,-85.46452,33,2.0063
"NA2",32.61645,-85.46447,34,2.0873
"NA2",32.61728,-85.46446,35,2.1447
"NA2",32.61841,-85.46445,36,2.2229
"NA2",32.61843,-85.46475,37,2.2404
"NA2",32.61849,-85.46496,38,2.2533
"NA2",32.61857,-85.4651,39,2.2632
"NA2",32.61870602357194,-85.46526943287031,40,2.2768
"NA2",32.61914,-85.46581,41,2.3203
"NA2",32.61921,-85.46599,42,2.3319
"NA2",32.61923,-85.46628,43,2.3488
"NA2",32.62034,-85.46627,44,2.4256
"NA2",32.62032,-85.46673,45,2.4524
"NA2",32.62029731683294,-85.46693162815164,46,2.4643
"NA2",32.62023,-85.46753,47,2.4995
"NA2",32.62021,-85.46767,48,2.5077
"NA2",32.6202,-85.46814,49,2.5351
"NA2",32.62014,-85.46865,50,2.5651
"NA2",32.61995,-85.4693,51,2.6052
"NA2",32.6198756573891,-85.4694705506956,52,2.6164
"NA2",32.61978,-85.46969,53,2.6308
"NA2",32.6197,-85.46985,54,2.6416
"NA2",32.61959,-85.46996,55,2.6516
"NA2",32.61943,-85.46999,56,2.6628
"NA2",32.61932,-85.46997,57,2.6705
"NA2",32.61922,-85.46994,58,2.6776
"NA2",32.61896,-85.46974,59,2.6990
"NA2",32.6188,-85.46965,60,2.7113
"NA2",32.61858,-85.46955,61,2.7276
"NA2",32.61794,-85.46936,62,2.7732
"NA2",32.61778,-85.46922,63,2.7870
"NA2",32.61766,-85.46904,64,2.8003
"NA2",32.61761,-85.46891,65,2.8087
"NA2",32.61758,-85.46879,66,2.8160
"NA2",32.61756,-85.46849,67,2.8335
"NA2",32.6176,-85.46823,68,2.8489
"NA2",32.61773,-85.46803,69,2.8636
"NA2",32.61785,-85.46793,70,2.8738
"NA2",32.61797,-85.46789,71,2.8824
"NA2",32.61815,-85.46788,72,2.8948
"NA2",32.61836,-85.46792,73,2.9096
"NA2",32.61845,-85.46779,74,2.9194
"NA2",32.61857,-85.46735,75,2.9463
"NA2",32.61862,-85.46704,76,2.9647
"NA2",32.61863,-85.46658,77,2.9915
"NA2",32.61863,-85.46628,78,3.0090
"NA2",32.61759,-85.46627,79,3.0809
"NA2",32.61628,-85.46623,80,3.1716
"NA2",32.616104532305464,-85.46622076485818,81,3.1837
"NA2",32.6159,-85.46621,82,3.1979
"NA2",32.61496,-85.46829,83,3.3354
"NA2",32.61467,-85.46897,84,3.3798
"NA2",32.61385,-85.47112,85,3.5173
"NA2",32.61361,-85.47191,86,3.5662
"NA2",32.61353,-85.47227,87,3.5879
"NA2",32.61296,-85.47531,88,3.7694
"NA2",32.61287,-85.47582,89,3.7998
"NA2",32.61265,-85.47576,90,3.8154
"NA2",32.61246,-85.47565,91,3.8300
"NA2",32.61221,-85.47546,92,3.8505
"NA2",32.61212,-85.47542,93,3.8572
"NA2",32.61185,-85.47537,94,3.8761
"NA2",32.61142,-85.47535,95,3.9058
"NA2",32.60993,-85.47524,96,4.0091
"NA2",32.60905,-85.4752,97,4.0700
"NA2",32.60798,-85.47511,98,4.1442
"NA2",32.60604,-85.47497,99,4.2787
"NA2",32.60455,-85.47489,100,4.3818
"NA2",32.60422,-85.47486,101,4.4047
"NA2",32.60422,-85.47731,102,4.5475
"NA2",32.6042,-85.47993,103,4.7002
"NA2",32.60423,-85.48057,104,4.7375
"NA2",32.6042,-85.48112,105,4.7696
"NA2",32.60417,-85.48157,106,4.7959
"NA2",32.60412,-85.4818,107,4.8098
"NA2",32.604,-85.4818,108,4.8181
"NA2",32.60391,-85.48175,109,4.8249
"NA2",32.60326,-85.48175,110,4.8699
"NA2",32.60206,-85.48175,111,4.9529
"NA2",32.60137,-85.48177,112,5.0007
"NA2",32.60087,-85.48175,113,5.0353
"NA2",32.59967,-85.48173,114,5.1183
"NA2",32.59906,-85.48173,115,5.1605
"NA2",32.59896,-85.48173,116,5.1674
"NA2",32.59877,-85.48192,117,5.1846
"NA2",32.59872,-85.48201,118,5.1908
"NA2",32.5987,-85.48233,119,5.2095
"NA2",32.59868,-85.48244,120,5.2161
"NA2",32.5986,-85.48267,121,5.2306
"NA2",32.59828,-85.48322,122,5.2696
"NA2",32.59819,-85.48346,123,5.2849
"NA2",32.59815,-85.48384,124,5.3072
"NA2",32.59856,-85.48386,125,5.3356
"NA2",32.59914,-85.48387,126,5.3757
"NA2",32.59956,-85.48387,127,5.4047
"NA2",32.59993,-85.48388,128,5.4303
"NA2",32.60034,-85.48387,129,5.4587
"NA2",32.60076,-85.48387,130,5.4878
"NA2",32.6011,-85.48387,131,5.5113
"NA2",32.60118,-85.48323,132,5.5490
"NC1",32.60114,-85.48839,1,0.0000
"NC1",32.60124,-85.48822,2,0.0121
"NC1",32.60131,-85.48812,3,0.0197
"NC1",32.60139,-85.48803,4,0.0273
"NC1",32.60147,-85.48797,5,0.0338
"NC1",32.60163,-85.48785,6,0.0469
"NC1",32.60177,-85.48778,7,0.0574
"NC1",32.6021,-85.48764,8,0.0817
"NC1",32.60242,-85.4876,9,0.1039
"NC1",32.60271,-85.4876,10,0.1240
"NC1",32.60296,-85.48771,11,0.1424
"NC1",32.60317,-85.48788,12,0.1600
"NC1",32.60333,-85.48806,13,0.1753
"NC1",32.60344,-85.48824,14,0.1882
"NC1",32.60353,-85.48845,15,0.2019
"NC1",32.60361,-85.48871,16,0.2181
"NC1",32.6036,-85.4891,17,0.2408
"NC1",32.60347,-85.48951,18,0.2663
"NC1",32.6033,-85.48987,19,0.2904
"NC1",32.60318,-85.49015,20,0.3087
"NC1",32.60318,-85.49042,21,0.3244
"NC1",32.6033,-85.49041,22,0.3327
"NC1",32.60413,-85.49041,23,0.3902
"NC1",32.60512,-85.49043,24,0.4586
"NC1",32.60556,-85.4904,25,0.4891
"NC1",32.60573,-85.49038,26,0.5009
"NC1",32.60636,-85.49037,27,0.5445
"NC1",32.60646,-85.49039,28,0.5515
"NC1",32.60678,-85.49039,29,0.5737
"NC1",32.60724,-85.49039,30,0.6055
"NC1",32.60768,-85.49036,31,0.6360
"NC1",32.60812,-85.4903,32,0.6666
"NC1",32.60852,-85.49027,33,0.6943
"NC1",32.60888,-85.49029,34,0.7193
"NC1",32.60906,-85.4903,35,0.7317
"NC1",32.60985,-85.49036,36,0.7865
"NC1",32.61019,-85.49037,37,0.8100
"NC1",32.61085,-85.49035,38,0.8557
"NC1",32.61085,-85.49008,39,0.8714
"NC1",32.61085,-85.48948,40,0.9064
"NC1",32.61088,-85.48828,41,0.9763
"NC1",32.61088813324716,-85.48766390652808,42,1.0122
"NC1",32.61092,-85.48525,43,1.1529
"NC1",32.61096,-85.48304,44,1.2817
"NC1",32.61099,-85.48175,45,1.3569
"NC1",32.61138,-85.48177,46,1.3839
"NC1",32.61267,-85.48176,47,1.4731
"NC1",32.6136,-85.48177,48,1.5374
"NC1",32.61413,-85.48177,49,1.5741
"NC1",32.61414,-85.4814,50,1.5957
"NC1",32.61415,-85.48069,51,1.6370
"NC1",32.61415,-85.47954,52,1.7041
"NC1",32.61488,-85.47961,53,1.7547
"NC1",32.61507884483026,-85.4796211155495,54,1.7685
"NC1",32.61649,-85.4797,55,1.8662
"NC1",32.61724,-85.47972,56,1.9181
"NC1",32.6174848169554,-85.47971455962322,57,1.9350
"NC1",32.61814,-85.4797,58,1.9804
"NC1",32.6199,-85.47971,59,2.1021
"NC1",32.62191,-85.4797,60,2.2411
"NC1",32.62254,-85.47971,61,2.2847
"NC1",32.62271,-85.47975,62,2.2967
"NC1",32.62304,-85.47987,63,2.3206
"NC1",32.62304,-85.47938,64,2.3491
"NC1",32.62306,-85.47841,65,2.4056
"NC1",32.62318,-85.47762,66,2.4524
"NC1",32.62331,-85.4771,67,2.4840
"NC1",32.62337,-85.47692,68,2.4953
"NC1",32.62345,-85.47669,69,2.5098
"NC1",32.62369,-85.47611,70,2.5474
"NC1",32.62386,-85.47577,71,2.5705
"NC1",32.62407,-85.47542,72,2.5955
"NC1",32.62434,-85.47502,73,2.6254
"NC1",32.62443801768887,-85.47490097852067,74,2.6351
"NC1",32.62462,-85.47468,75,2.6531
"NC1",32.62512,-85.47413,76,2.7002
"NC1",32.62562,-85.47359,77,2.7470
"NC1",32.62661,-85.4725,78,2.8404
"NC1",32.62719,-85.47187,79,2.8947
"NC1",32.62738,-85.47215,80,2.9157
"NC1",32.62743,-85.47226,81,2.9230
"NC1",32.62754,-85.4725,82,2.9389
"NC1",32.62766,-85.4727,83,2.9532
"NC1",32.62773,-85.4728,84,2.9608
"NC1",32.62779,-85.47291,85,2.9684
"NC1",32.62817,-85.47337,86,3.0059
"NC1",32.62903,-85.47445,87,3.0925
"NC1",32.6292,-85.47466,88,3.1095
"NC1",32.62927,-85.47479,89,3.1185
"NC1",32.62936,-85.47502,90,3.1332
"NC1",32.62949,-85.4755,91,3.1626
"NC1",32.62957,-85.47572,92,3.1766
"NC1",32.6297,-85.47593,93,3.1918
"NC1",32.62979,-85.47604,94,3.2007
"NC1",32.62995,-85.47617,95,3.2141
"NC1",32.63009,-85.47625,96,3.2249
"NC1",32.63023,-85.47629,97,3.2348
"NC1",32.63043,-85.47629,98,3.2486
"NC1",32.63051,-85.47677,99,3.2772
"NC1",32.63057,-85.47711,100,3.2974
"NC1",32.63057,-85.47723,101,3.3044
"NC1",32.63044,-85.47746,102,3.3205
"NC1",32.63035,-85.47749,103,3.3270
"NC1",32.63011,-85.47729,104,3.3473
"NC1",32.62962,-85.47686,105,3.3894
"NC1",32.62986,-85.47636,106,3.4229
"NC1",32.62997,-85.47618,107,3.4359
"NC1",32.62979,-85.47604,108,3.4508
"NC1",32.62963,-85.47583,109,3.4673
"NC1",32.62951,-85.47556,110,3.4851
"NC1",32.62941,-85.47519,111,3.5077
"NC1",32.62934,-85.47494,112,3.5230
"NC1",32.62923,-85.47471,113,3.5384
"NC1",32.62878,-85.47414,114,3.5840
"NC1",32.62828,-85.47351,115,3.6344
"NC1",32.628161290896706,-85.47336464191434,116,3.6462
"NC1",32.62779,-85.47291,117,3.6831
"NC1",32.62753,-85.47248,118,3.7139
"NC1",32.62738,-85.47215,119,3.7358
"NC1",32.62719,-85.47187,120,3.7567
"NC1",32.62633,-85.4728,121,3.8372
"NC1",32.62512,-85.47413,122,3.9512
"NC1",32.62449,-85.47483,123,4.0109
"NC1",32.62433,-85.47503,124,4.0270
"NC1",32.62407,-85.47542,125,4.0559
"NC1",32.62386,-85.47577,126,4.0810
"NC1",32.62364,-85.47623,127,4.1118
"NC1",32.62353,-85.47648,128,4.1282
"NC1",32.62331,-85.4771,129,4.1674
"NC1",32.62316,-85.47768,130,4.2028
"NC1",32.6231,-85.47807,131,4.2259
"NC1",32.62306,-85.47841,132,4.2459
"NC1",32.62304,-85.47868,133,4.2617
"NC1",32.62304,-85.47974,134,4.3234
"NC1",32.62302,-85.48103,135,4.3986
"NC1",32.62302,-85.48187,136,4.4475
"NC1",32.62177,-85.48186,137,4.5340
"NC1",32.61985,-85.48184,138,4.6668
"NC1",32.6179,-85.48181,139,4.8017
"NC1",32.61638,-85.4818,140,4.9068
"NC1",32.61485,-85.48178,141,5.0127
"NC1",32.61322,-85.48177,142,5.1254
"NC1",32.61153,-85.48177,143,5.2423
"NC1",32.61099,-85.48175,144,5.2797
"NC1",32.61096,-85.48344,145,5.3782
"NC1",32.61094626792824,-85.4841369026417,146,5.4188
"NC1",32.61092,-85.48547,147,5.4965
"NC1",32.61089,-85.48734,148,5.6055
"NC1",32.61087,-85.48873,149,5.6865
"NC1",32.61085,-85.48948,150,5.7302
"NC1",32.61085,-85.49002,151,5.7617
"NC1",32.61085,-85.49035,152,5.7809
"NC1",32.61011,-85.49037,153,5.8321
"NC1",32.6093,-85.49032,154,5.8882
"NC1",32.609,-85.4903,155,5.9090
"NC1",32.60869,-85.49027,156,5.9305
"NC1",32.60845,-85.49027,157,5.9471
"NC1",32.60818,-85.49029,158,5.9658
"NC1",32.60778,-85.49035,159,5.9937
"NC1",32.60719,-85.49039,160,6.0346
"NC1",32.60659,-85.49039,161,6.0761
"NC1",32.60646,-85.49039,162,6.0851
"NC1",32.60636,-85.49037,163,6.0921
"NC1",32.6058,-85.49037,164,6.1308
"NC1",32.60539,-85.49042,165,6.1593
"NC1",32.605098724365234,-85.49042,166,6.1795
"NC1",32.60483,-85.49042,167,6.1981
"NC1",32.60403,-85.49041,168,6.2534
"NC1",32.60317,-85.49042,169,6.3129
"NC1",32.60265,-85.49044,170,6.3489
"NC1",32.60145,-85.49047,171,6.4319
"NC1",32.60112,-85.49046,172,6.4547
"NC1",32.60099,-85.48945,173,6.5143
"NC1",32.60101,-85.48896,174,6.5429
"NC1",32.60104,-85.48876,175,6.5547
"NC1",32.60106,-85.48864,176,6.5618
"NC1",32.60114,-85.4884,177,6.5769
"NC2",32.60114,-85.48839,1,0.0000
"NC2",32.60128,-85.48817,2,0.0161
"NC2",32.60147,-85.48799,3,0.0329
"NC2",32.60155,-85.48794,4,0.0391
"NC2",32.60182,-85.48775,5,0.0608
"NC2",32.60214,-85.48764,6,0.0839
"NC2",32.60243,-85.4876,7,0.1041
"NC2",32.60269,-85.4876,8,0.1221
"NC2",32.60291,-85.48769,9,0.1382
"NC2",32.60313,-85.48784,10,0.1557
"NC2",32.6033,-85.48802,11,0.1715
"NC2",32.60344,-85.48824,12,0.1875
"NC2",32.60354,-85.48845,13,0.2016
"NC2",32.60359,-85.48869,14,0.2160
"NC2",32.60361,-85.48892,15,0.2295
"NC2",32.60358,-85.48917,16,0.2442
"NC2",32.6035,-85.48947,17,0.2625
"NC2",32.60338,-85.48969,18,0.2778
"NC2",32.60328,-85.48991,19,0.2924
"NC2",32.60317,-85.49041,20,0.3225
"NC2",32.60341,-85.49041,21,0.3391
"NC2",32.60457,-85.49041,22,0.4193
"NC2",32.60512,-85.49043,23,0.4574
"NC2",32.60579,-85.49037,24,0.5039
"NC2",32.60636,-85.49037,25,0.5433
"NC2",32.60646,-85.49039,26,0.5503
"NC2",32.60659,-85.49039,27,0.5593
"NC2",32.60713,-85.49039,28,0.5966
"NC2",32.60778,-85.49035,29,0.6417
"NC2",32.60815,-85.4903,30,0.6674
"NC2",32.60845,-85.49027,31,0.6882
"NC2",32.60869,-85.49027,32,0.7048
"NC2",32.60951,-85.49034,33,0.7617
"NC2",32.61011,-85.49037,34,0.8033
"NC2",32.61085,-85.49035,35,0.8544
"NC2",32.61085,-85.49003,36,0.8731
"NC2",32.61085,-85.48948,37,0.9051
"NC2",32.61088,-85.48837,38,0.9698
"NC2",32.61089061605209,-85.48766403253623,39,1.0110
"NC2",32.6109,-85.48704,40,1.0474
"NC2",32.61091,-85.48615,41,1.0992
"NC2",32.61093,-85.48483,42,1.1761
"NC2",32.61096,-85.48352,43,1.2525
"NC2",32.61097,-85.48276,44,1.2968
"NC2",32.61099,-85.48175,45,1.3556
"NC2",32.61114,-85.48176,46,1.3660
"NC2",32.61172,-85.48177,47,1.4062
"NC2",32.61229,-85.48177,48,1.4456
"NC2",32.61344,-85.48177,49,1.5251
"NC2",32.61413,-85.48177,50,1.5729
"NC2",32.61414,-85.48158,51,1.5840
"NC2",32.61415,-85.47954,52,1.7028
"NC2",32.61515,-85.47963,53,1.7722
"NC2",32.61614,-85.47968,54,1.8407
"NC2",32.61724,-85.47972,55,1.9169
"NC2",32.617483965758005,-85.47971589973515,56,1.9337
"NC2",32.61843,-85.4797,57,1.9992
"NC2",32.62132,-85.4797,58,2.1991
"NC2",32.62254,-85.47971,59,2.2835
"NC2",32.62271,-85.47975,60,2.2955
"NC2",32.62304,-85.47987,61,2.3193
"NC2",32.62303,-85.47907,62,2.3659
"NC2",32.62306,-85.47836,63,2.4074
"NC2",32.62316,-85.47768,64,2.4476
"NC2",32.62331,-85.4771,65,2.4829
"NC2",32.62345,-85.47669,66,2.5087
"NC2",32.62364,-85.47623,67,2.5385
"NC2",32.62386,-85.47577,68,2.5694
"NC2",32.62411,-85.47535,69,2.5993
"NC2",32.62449,-85.47483,70,2.6394
"NC2",32.62629,-85.47285,71,2.8092
"NC2",32.62719,-85.47187,72,2.8936
"NC2",32.62738,-85.47215,73,2.9146
"NC2",32.62754,-85.4725,74,2.9378
"NC2",32.62779,-85.47291,75,2.9673
"NC2",32.62796,-85.47312,76,2.9842
"NC2",32.6292,-85.47466,77,3.1083
"NC2",32.62927,-85.47479,78,3.1173
"NC2",32.62935,-85.47499,79,3.1302
"NC2",32.62949,-85.4755,80,3.1615
"NC2",32.62954,-85.47565,81,3.1709
"NC2",32.62963,-85.47583,82,3.1831
"NC2",32.62975,-85.47599,83,3.1955
"NC2",32.62988,-85.47611,84,3.2069
"NC2",32.63009,-85.47625,85,3.2236
"NC2",32.63029,-85.4763,86,3.2377
"NC2",32.63043,-85.47629,87,3.2474
"NC2",32.63056,-85.47706,88,3.2932
"NC2",32.63057,-85.47723,89,3.3031
"NC2",32.63044,-85.47747,90,3.3197
"NC2",32.63035,-85.47749,91,3.3261
"NC2",32.62985,-85.47707,92,3.3684
"NC2",32.6296,-85.47684,93,3.3903
"NC2",32.62968,-85.47665,94,3.4027
"NC2",32.62997,-85.47618,95,3.4366
"NC2",32.62984,-85.47608,96,3.4473
"NC2",32.62977,-85.47601,97,3.4537
"NC2",32.62957,-85.47572,98,3.4755
"NC2",32.62949,-85.4755,99,3.4895
"NC2",32.62944,-85.47534,100,3.4994
"NC2",32.62934,-85.47494,101,3.5237
"NC2",32.62927,-85.47479,102,3.5337
"NC2",32.6292,-85.47466,103,3.5427
"NC2",32.62884,-85.47422,104,3.5784
"NC2",32.62849,-85.47378,105,3.6137
"NC2",32.62812,-85.47332,106,3.6507
"NC2",32.62774,-85.47283,107,3.6895
"NC2",32.62754,-85.4725,108,3.7132
"NC2",32.62739,-85.47218,109,3.7346
"NC2",32.62719,-85.47187,110,3.7573
"NC2",32.62703,-85.47204,111,3.7722
"NC2",32.62653,-85.47259,112,3.8193
"NC2",32.62591,-85.47326,113,3.8773
"NC2",32.62527,-85.47396,114,3.9375
"NC2",32.625151270105825,-85.47409317001645,115,3.9488
"NC2",32.62453,-85.47479,116,4.0079
"NC2",32.62434,-85.47502,117,4.0267
"NC2",32.62407,-85.47542,118,4.0565
"NC2",32.62391,-85.47569,119,4.0758
"NC2",32.62364,-85.47623,120,4.1123
"NC2",32.62346,-85.47665,121,4.1398
"NC2",32.62331,-85.4771,122,4.1680
"NC2",32.62316,-85.47773,123,4.2061
"NC2",32.62309,-85.47816,124,4.2316
"NC2",32.62304,-85.47868,125,4.2621
"NC2",32.62289,-85.47869,126,4.2725
"NC2",32.62304,-85.47868,127,4.2829
"NC2",32.62303,-85.48068,128,4.3994
"NC2",32.62302,-85.48182,129,4.4659
"NC2",32.62195,-85.48186,130,4.5399
"NC2",32.62077,-85.48184,131,4.6215
"NC2",32.61959,-85.48183,132,4.7032
"NC2",32.61841,-85.48182,133,4.7848
"NC2",32.61756,-85.48181,134,4.8436
"NC2",32.61657,-85.4818,135,4.9121
"NC2",32.61558,-85.48179,136,4.9805
"NC2",32.61459,-85.48178,137,5.0490
"NC2",32.6136,-85.48177,138,5.1175
"NC2",32.61213,-85.48177,139,5.2192
"NC2",32.61135,-85.48177,140,5.2731
"NC2",32.61099,-85.48175,141,5.2981
"NC2",32.61095,-85.48391,142,5.4240
"NC2",32.61094634733283,-85.48413719589841,143,5.4372
"NC2",32.6109,-85.48702,144,5.6052
"NC2",32.6109,-85.48689,145,5.6128
"NC2",32.6109,-85.48702,146,5.6203
"NC2",32.61088,-85.48821,147,5.6897
"NC2",32.61085,-85.48948,148,5.7637
"NC2",32.61085,-85.48969,149,5.7760
"NC2",32.61085,-85.48984,150,5.7847
"NC2",32.61085,-85.49009,151,5.7993
"NC2",32.61085,-85.49035,152,5.8144
"NC2",32.61076,-85.49035,153,5.8206
"NC2",32.61066,-85.49035,154,5.8276
"NC2",32.61053,-85.49036,155,5.8366
"NC2",32.61011,-85.49037,156,5.8656
"NC2",32.60985,-85.49036,157,5.8836
"NC2",32.60869,-85.49027,158,5.9640
"NC2",32.60835,-85.49028,159,5.9876
"NC2",32.60778,-85.49035,160,6.0272
"NC2",32.60719,-85.49039,161,6.0681
"NC2",32.60682,-85.49039,162,6.0937
"NC2",32.60701,-85.49039,163,6.1068
"NC2",32.60646,-85.49039,164,6.1448
"NC2",32.60636,-85.49037,165,6.1519
"NC2",32.6058,-85.49037,166,6.1906
"NC2",32.60566,-85.49039,167,6.2004
"NC2",32.60512,-85.49043,168,6.2378
"NC2",32.60483,-85.49042,169,6.2578
"NC2",32.60304,-85.49043,170,6.3817
"NC2",32.60259,-85.49044,171,6.4128
"NC2",32.60208,-85.49047,172,6.4481
"NC2",32.60145,-85.49047,173,6.4917
"NC2",32.60105,-85.49046,174,6.5194
"NC2",32.601,-85.48974,175,6.5615
"NC2",32.60098,-85.4894,176,6.5813
"NC2",32.60101,-85.48896,177,6.6070
"NC2",32.60106,-85.48864,178,6.6260
"NC2",32.60114,-85.4884,179,6.6411
"NC3",32.60117,-85.48834,1,0.0000
"NC3",32.60127,-85.48818,2,0.0116
"NC3",32.60144,-85.48799,3,0.0278
"NC3",32.60153,-85.48793,4,0.0349
"NC3",32.60163,-85.48785,5,0.0432
"NC3",32.60177,-85.48777,6,0.0540
"NC3",32.60186,-85.48772,7,0.0609
"NC3",32.60214,-85.48763,8,0.0809
"NC3",32.6024,-85.4876,9,0.0990
"NC3",32.60265,-85.48758,10,0.1163
"NC3",32.60286,-85.48766,11,0.1316
"NC3",32.60305,-85.48779,12,0.1468
"NC3",32.60323,-85.48793,13,0.1616
"NC3",32.60337,-85.48813,14,0.1768
"NC3",32.60349,-85.48833,15,0.1911
"NC3",32.60357,-85.48857,16,0.2061
"NC3",32.60362,-85.48882,17,0.2211
"NC3",32.60361,-85.48909,18,0.2369
"NC3",32.60354,-85.48937,19,0.2539
"NC3",32.6034,-85.48965,20,0.2729
"NC3",32.60328,-85.48993,21,0.2912
"NC3",32.60319,-85.49016,22,0.3059
"NC3",32.60317,-85.49042,23,0.3211
"NC3",32.60339,-85.49041,24,0.3364
"NC3",32.60457,-85.49041,25,0.4180
"NC3",32.60512,-85.49043,26,0.4561
"NC3",32.60565,-85.49039,27,0.4928
"NC3",32.6058,-85.49037,28,0.5032
"NC3",32.60621,-85.49037,29,0.5316
"NC3",32.60636,-85.49037,30,0.5420
"NC3",32.60646,-85.49039,31,0.5490
"NC3",32.60676,-85.49039,32,0.5697
"NC3",32.6073,-85.49038,33,0.6071
"NC3",32.60784,-85.49034,34,0.6445
"NC3",32.6084,-85.49027,35,0.6835
"NC3",32.60869,-85.49027,36,0.7035
"NC3",32.60892,-85.49029,37,0.7195
"NC3",32.60943,-85.49033,38,0.7548
"NC3",32.60993,-85.49036,39,0.7895
"NC3",32.61011,-85.49037,40,0.8019
"NC3",32.61042,-85.49036,41,0.8234
"NC3",32.61085,-85.49035,42,0.8531
"NC3",32.61085,-85.48971,43,0.8904
"NC3",32.61088,-85.48843,44,0.9650
"NC3",32.61089160525291,-85.48766405330817,45,1.0097
"NC3",32.6109,-85.48711,46,1.0420
"NC3",32.61091,-85.48622,47,1.0938
"NC3",32.61093,-85.48483,48,1.1748
"NC3",32.61096,-85.48343,49,1.2564
"NC3",32.61098,-85.48227,50,1.3240
"NC3",32.61099,-85.48175,51,1.3543
"NC3",32.61179,-85.48177,52,1.4097
"NC3",32.61288,-85.48177,53,1.4851
"NC3",32.61383,-85.48177,54,1.5508
"NC3",32.61413,-85.48177,55,1.5715
"NC3",32.61414,-85.48134,56,1.5966
"NC3",32.61415,-85.47954,57,1.7015
"NC3",32.615077859902875,-85.47961626245777,58,1.7658
"NC3",32.61561,-85.47966,59,1.8027
"NC3",32.6166,-85.4797,60,1.8712
"NC3",32.6173,-85.47972,61,1.9197
"NC3",32.617485236716554,-85.47971542625392,62,1.9325
"NC3",32.61811,-85.4797,63,1.9757
"NC3",32.61926,-85.47971,64,2.0552
"NC3",32.62139,-85.4797,65,2.2026
"NC3",32.62254,-85.47971,66,2.2821
"NC3",32.62271,-85.47975,67,2.2941
"NC3",32.62304,-85.47987,68,2.3180
"NC3",32.62304,-85.47963,69,2.3320
"NC3",32.62303,-85.47907,70,2.3646
"NC3",32.62306,-85.47841,71,2.4031
"NC3",32.62316,-85.47768,72,2.4462
"NC3",32.62329,-85.47717,73,2.4772
"NC3",32.62345,-85.47669,74,2.5073
"NC3",32.62364,-85.47623,75,2.5372
"NC3",32.62386,-85.47577,76,2.5680
"NC3",32.62407,-85.47542,77,2.5930
"NC3",32.62423,-85.47519,78,2.6104
"NC3",32.62449,-85.47483,79,2.6380
"NC3",32.62597,-85.4732,80,2.7776
"NC3",32.62719,-85.47187,81,2.8922
"NC3",32.62738,-85.47215,82,2.9132
"NC3",32.62746,-85.47234,83,2.9255
"NC3",32.62755,-85.47252,84,2.9377
"NC3",32.62779,-85.47291,85,2.9659
"NC3",32.62872,-85.47407,86,3.0592
"NC3",32.62915,-85.4746,87,3.1020
"NC3",32.62927,-85.47479,88,3.1159
"NC3",32.62936,-85.47502,89,3.1306
"NC3",32.62949,-85.4755,90,3.1600
"NC3",32.62954,-85.47565,91,3.1694
"NC3",32.62963,-85.47583,92,3.1816
"NC3",32.62971,-85.47594,93,3.1901
"NC3",32.62984,-85.47608,94,3.2022
"NC3",32.63009,-85.47625,95,3.2221
"NC3",32.63029,-85.4763,96,3.2363
"NC3",32.63043,-85.47629,97,3.2460
"NC3",32.63057,-85.47717,98,3.2982
"NC3",32.63044,-85.47747,99,3.3178
"NC3",32.63035,-85.47749,100,3.3241
"NC3",32.62968,-85.47693,101,3.3808
"NC3",32.6296,-85.47684,102,3.3884
"NC3",32.62997,-85.47618,103,3.4346
"NC3",32.62979,-85.47604,104,3.4495
"NC3",32.6297,-85.47593,105,3.4584
"NC3",32.62957,-85.47572,106,3.4736
"NC3",32.62949,-85.4755,107,3.4876
"NC3",32.62939,-85.47511,108,3.5113
"NC3",32.62927,-85.47479,109,3.5317
"NC3",32.6292,-85.47466,110,3.5407
"NC3",32.62848,-85.47377,111,3.6126
"NC3",32.62815753023763,-85.47336808116575,112,3.6450
"NC3",32.62779,-85.47291,113,3.6818
"NC3",32.62754,-85.4725,114,3.7113
"NC3",32.62738,-85.47215,115,3.7345
"NC3",32.62719,-85.47187,116,3.7554
"NC3",32.62692,-85.47216,117,3.7806
"NC3",32.62607,-85.47308,118,3.8602
"NC3",32.62515078059252,-85.47408933895723,119,3.9468
"NC3",32.62505,-85.4742,120,3.9563
"NC3",32.62449,-85.47483,121,4.0096
"NC3",32.62434,-85.47502,122,4.0248
"NC3",32.62396,-85.47559,123,4.0672
"NC3",32.62386,-85.47577,124,4.0797
"NC3",32.62364,-85.47623,125,4.1105
"NC3",32.62345,-85.47669,126,4.1404
"NC3",32.62331,-85.4771,127,4.1662
"NC3",32.62316,-85.47768,128,4.2015
"NC3",32.6231,-85.47806,129,4.2240
"NC3",32.62306,-85.47841,130,4.2446
"NC3",32.62303,-85.47907,131,4.2831
"NC3",32.62304,-85.47987,132,4.3297
"NC3",32.62302,-85.48175,133,4.4393
"NC3",32.62302,-85.48187,134,4.4463
"NC3",32.62041,-85.48184,135,4.6268
"NC3",32.61757,-85.48181,136,4.8233
"NC3",32.61474,-85.48178,137,5.0190
"NC3",32.61242,-85.48177,138,5.1795
"NC3",32.61135,-85.48177,139,5.2535
"NC3",32.61099,-85.48175,140,5.2784
"NC3",32.61097,-85.48254,141,5.3245
"NC3",32.610944342735195,-85.48413716473449,142,5.4176
"NC3",32.61093,-85.48503,143,5.4696
"NC3",32.61089,-85.48753,144,5.6153
"NC3",32.61085,-85.48983,145,5.7493
"NC3",32.61085,-85.48948,146,5.7697
"NC3",32.61085,-85.49035,147,5.8204
"NC3",32.61011,-85.49037,148,5.8716
"NC3",32.60985,-85.49036,149,5.8896
"NC3",32.60863,-85.49027,150,5.9742
"NC3",32.60823,-85.49029,151,6.0018
"NC3",32.60789,-85.49033,152,6.0255
"NC3",32.60719,-85.49039,153,6.0740
"NC3",32.60702,-85.49039,154,6.0858
"NC3",32.60646,-85.49039,155,6.1245
"NC3",32.60636,-85.49037,156,6.1315
"NC3",32.60611,-85.49037,157,6.1488
"NC3",32.6058,-85.49037,158,6.1703
"NC3",32.60512,-85.49043,159,6.2174
"NC3",32.60484,-85.49043,160,6.2368
"NC3",32.60446,-85.49041,161,6.2631
"NC3",32.60313,-85.49042,162,6.3551
"NC3",32.60267,-85.49043,163,6.3869
"NC3",32.60167,-85.49047,164,6.4562
"NC3",32.60105,-85.49046,165,6.4990
"NC3",32.60098,-85.4894,166,6.5610
"NC3",32.60101,-85.48896,167,6.5867
"NC3",32.60104,-85.48876,168,6.5986
"NC3",32.60106,-85.48864,169,6.6057
"NC3",32.60114,-85.4884,170,6.6207
"ND1AM",32.60119,-85.48321,1,0.0000
"ND1AM",32.60124,-85.48282,2,0.0230
"ND1AM",32.6013,-85.48243,3,0.0461
"ND1AM",32.60135,-85.48195,4,0.0743
"ND1AM",32.60137,-85.48177,5,0.0849
"ND1AM",32.60169,-85.48176,6,0.1070
"ND1AM",32.6021,-85.48175,7,0.1354
"ND1AM",32.60251,-85.48175,8,0.1637
"ND1AM",32.60292,-85.48174,9,0.1921
"ND1AM",32.60333,-85.48175,10,0.2205
"ND1AM",32.60375,-85.48175,11,0.2495
"ND1AM",32.60391,-85.48175,12,0.2606
"ND1AM",32.60401,-85.4817,13,0.2681
"ND1AM",32.60414,-85.48169,14,0.2771
"ND1AM",32.60417,-85.48157,15,0.2844
"ND1AM",32.6042,-85.48112,16,0.3107
"ND1AM",32.60423,-85.48057,17,0.3428
"ND1AM",32.6042,-85.47964,18,0.3970
"ND1AM",32.60421,-85.47816,19,0.4833
"ND1AM",32.60422,-85.477,20,0.5509
"ND1AM",32.60422,-85.47597,21,0.6109
"ND1AM",32.60422,-85.47496,22,0.6697
"ND1AM",32.60422,-85.47313,23,0.7764
"ND1AM",32.60427,-85.47169,24,0.8604
"ND1AM",32.60436,-85.46792,25,1.0801
"ND1AM",32.6044,-85.46581,26,1.2031
"ND1AM",32.60445,-85.46507,27,1.2464
"ND1AM",32.60447,-85.46491,28,1.2558
"ND1AM",32.60623,-85.46491,29,1.3775
"ND1AM",32.60832,-85.46489,30,1.5221
"ND1AM",32.60901,-85.46488,31,1.5698
"ND1AM",32.6103,-85.4649,32,1.6591
"ND1AM",32.61064,-85.46489,33,1.6826
"ND1AM",32.61134,-85.46476,34,1.7316
"ND1AM",32.61216,-85.46455,35,1.7896
"ND1AM",32.61253,-85.46449,36,1.8155
"ND1AM",32.61291,-85.46447,37,1.8418
"ND1AM",32.61458,-85.46453,38,1.9573
"ND1AM",32.61528,-85.46452,39,2.0058
"ND1AM",32.61645,-85.46447,40,2.0867
"ND1AM",32.61702,-85.46446,41,2.1262
"ND1AM",32.618,-85.46444,42,2.1940
"ND1AM",32.61875,-85.46446,43,2.2459
"ND1AM",32.61894,-85.46444,44,2.2591
"ND1AM",32.61909,-85.46442,45,2.2695
"ND1AM",32.61941,-85.46434,46,2.2921
"ND1AM",32.61975,-85.46419,47,2.3172
"ND1AM",32.62005,-85.464,48,2.3407
"ND1AM",32.62037,-85.46374,49,2.3676
"ND1AM",32.62056,-85.46354,50,2.3851
"ND1AM",32.62073,-85.46332,51,2.4025
"ND1AM",32.62095,-85.46294,52,2.4294
"ND1AM",32.62126,-85.46235,53,2.4699
"ND1AM",32.62143,-85.46207,54,2.4900
"ND1AM",32.62168,-85.46181,55,2.5130
"ND1AM",32.62201,-85.46158,56,2.5395
"ND1AM",32.62219,-85.46149,57,2.5530
"ND1AM",32.62235,-85.46143,58,2.5646
"ND1AM",32.62251,-85.4614,59,2.5758
"ND1AM",32.62348,-85.46141,60,2.6429
"ND1AM",32.62427,-85.46143,61,2.6975
"ND1AM",32.62426,-85.46081,62,2.7337
"ND1AM",32.62425,-85.46031,63,2.7628
"ND1AM",32.62427,-85.46009,64,2.7757
"ND1AM",32.62432,-85.45981,65,2.7924
"ND1AM",32.62445,-85.45943,66,2.8163
"ND1AM",32.62450402758789,-85.45932194482423,67,2.8236
"ND1AM",32.62455,-85.45923,68,2.8298
"ND1AM",32.62483,-85.45939,69,2.8513
"ND1AM",32.62515,-85.45955,70,2.8753
"ND1AM",32.62544,-85.45967,71,2.8966
"ND1AM",32.62555,-85.4597,72,2.9044
"ND1AM",32.6267,-85.45976,73,2.9840
"ND1AM",32.62725,-85.45971,74,3.0221
"ND1AM",32.62734,-85.45961,75,3.0307
"ND1AM",32.62732,-85.45922,76,3.0534
"ND1AM",32.62714,-85.45669,77,3.2013
"ND1AM",32.62725,-85.45654,78,3.2129
"ND1AM",32.62747,-85.45648,79,3.2285
"ND1AM",32.6277,-85.45643,80,3.2447
"ND1AM",32.62784,-85.45636,81,3.2552
"ND1AM",32.62812003974482,-85.45632266136735,82,3.2747
"ND1AM",32.62829,-85.4563,83,3.2865
"ND1AM",32.62885,-85.45634,84,3.3253
"ND1AM",32.62886,-85.45604,85,3.3428
"ND1AM",32.62886,-85.45481,86,3.4145
"ND1AM",32.62882,-85.45469,87,3.4220
"ND1AM",32.62882,-85.45452,88,3.4319
"ND1AM",32.62879,-85.45366,89,3.4821
"ND1AM",32.62875,-85.45329,90,3.5038
"ND1AM",32.62868,-85.45291,91,3.5264
"ND1AM",32.62854,-85.45237,92,3.5594
"ND1AM",32.62849,-85.45223,93,3.5682
"ND1AM",32.62837,-85.45192,94,3.5881
"ND1AM",32.62825,-85.45168,95,3.6044
"ND1AM",32.62788,-85.45108,96,3.6477
"ND1AM",32.62781,-85.45092,97,3.6582
"ND1AM",32.62766,-85.45075,98,3.6725
"ND1AM",32.62748,-85.45056,99,3.6892
"ND1AM",32.62741,-85.45049,100,3.6955
"ND1AM",32.62775,-85.44975,101,3.7446
"ND1AM",32.62782,-85.44964,102,3.7526
"ND1AM",32.62789,-85.44956,103,3.7594
"ND1AM",32.62797,-85.4495,104,3.7659
"ND1AM",32.62811,-85.44945,105,3.7760
"ND1AM",32.62846,-85.44941,106,3.8003
"ND1AM",32.62862,-85.44935,107,3.8120
"ND1AM",32.6287,-85.4493,108,3.8182
"ND1AM",32.62878,-85.44921,109,3.8258
"ND1AM",32.62888,-85.44906,110,3.8370
"ND1AM",32.62927,-85.44809,111,3.8996
"ND1AM",32.62938,-85.4477,112,3.9235
"ND1AM",32.6294,-85.44746,113,3.9376
"ND1AM",32.62941,-85.44715,114,3.9557
"ND1AM",32.62936,-85.44675,115,3.9792
"ND1AM",32.62933,-85.44656,116,3.9905
"ND1AM",32.62925,-85.4463,117,4.0066
"ND1AM",32.62911,-85.44601,118,4.0261
"ND1AM",32.62884,-85.44563,119,4.0550
"ND1AM",32.62866,-85.44548,120,4.0703
"ND1AM",32.62812,-85.44511,121,4.1134
"ND1AM",32.62787523710352,-85.444946115278,122,4.1328
"ND1AM",32.62697,-85.44434,123,4.2047
"ND1AM",32.62618,-85.44385,124,4.2664
"ND1AM",32.62602,-85.44375,125,4.2789
"ND1AM",32.6249974073387,-85.44598334237227,126,4.4270
"ND1AM",32.62477,-85.44648,127,4.4599
"ND1AM",32.62426,-85.4476,128,4.5341
"ND1AM",32.62406,-85.44805,129,4.5637
"ND1AM",32.6241,-85.44836,130,4.5820
"ND1AM",32.62415,-85.44847,131,4.5893
"ND1AM",32.62423,-85.44859,132,4.5982
"ND1AM",32.62485,-85.44883,133,4.6433
"ND1AM",32.62513,-85.44899,134,4.6648
"ND1AM",32.62666,-85.44993,135,4.7839
"ND1AM",32.62718,-85.45029,136,4.8256
"ND1AM",32.62766,-85.45075,137,4.8682
"ND1AM",32.62781,-85.45092,138,4.8826
"ND1AM",32.62794,-85.45102,139,4.8933
"ND1AM",32.62825,-85.45149,140,4.9281
"ND1AM",32.62845,-85.45187,141,4.9542
"ND1AM",32.62858,-85.4522,142,4.9754
"ND1AM",32.62863,-85.45233,143,4.9837
"ND1AM",32.62876,-85.45288,144,5.0170
"ND1AM",32.62884,-85.45327,145,5.0404
"ND1AM",32.62888,-85.45366,146,5.0633
"ND1AM",32.62891,-85.45412,147,5.0902
"ND1AM",32.62891,-85.45459,148,5.1175
"ND1AM",32.62886,-85.45481,149,5.1308
"ND1AM",32.62885,-85.45753,150,5.2893
"ND1AM",32.62881,-85.46054,151,5.4646
"ND1AM",32.62879,-85.46162,152,5.5276
"ND1AM",32.62879,-85.46183,153,5.5398
"ND1AM",32.62733,-85.4618,154,5.6408
"ND1AM",32.6259,-85.46177,155,5.7397
"ND1AM",32.62551,-85.46172,156,5.7669
"ND1AM",32.62504,-85.46158,157,5.8004
"ND1AM",32.6246,-85.46146,158,5.8316
"ND1AM",32.62446,-85.46144,159,5.8414
"ND1AM",32.62341,-85.46141,160,5.9140
"ND1AM",32.62267,-85.4614,161,5.9652
"ND1AM",32.62251,-85.4614,162,5.9763
"ND1AM",32.62235,-85.46143,163,5.9875
"ND1AM",32.62201,-85.46158,164,6.0126
"ND1AM",32.6218,-85.46171,165,6.0289
"ND1AM",32.62163,-85.46186,166,6.0436
"ND1AM",32.62143,-85.46207,167,6.0621
"ND1AM",32.62132,-85.46224,168,6.0745
"ND1AM",32.62086,-85.4631,169,6.1339
"ND1AM",32.62065,-85.46343,170,6.1580
"ND1AM",32.62046,-85.46366,171,6.1768
"ND1AM",32.62021,-85.46388,172,6.1983
"ND1AM",32.61989,-85.46412,173,6.2245
"ND1AM",32.61954,-85.46429,174,6.2506
"ND1AM",32.61941,-85.46434,175,6.2601
"ND1AM",32.61909,-85.46442,176,6.2827
"ND1AM",32.61892,-85.46445,177,6.2946
"ND1AM",32.61875,-85.46446,178,6.3064
"ND1AM",32.61841,-85.46445,179,6.3299
"ND1AM",32.61843,-85.46475,180,6.3474
"ND1AM",32.61849,-85.46496,181,6.3603
"ND1AM",32.61857,-85.4651,182,6.3702
"ND1AM",32.61870770007262,-85.46526887744756,183,6.3839
"ND1AM",32.6191,-85.46575,184,6.4229
"ND1AM",32.61917,-85.46587,185,6.4314
"ND1AM",32.61922,-85.46605,186,6.4424
"ND1AM",32.61923,-85.46628,187,6.4559
"ND1AM",32.61988,-85.46627,188,6.5008
"ND1AM",32.62034,-85.46627,189,6.5326
"ND1AM",32.62032,-85.46673,190,6.5595
"ND1AM",32.62029697969915,-85.46693142763247,191,6.5713
"ND1AM",32.6202,-85.46778,192,6.6212
"ND1AM",32.6202,-85.46814,193,6.6422
"ND1AM",32.62014,-85.46865,194,6.6722
"ND1AM",32.62009,-85.46882,195,6.6827
"ND1AM",32.61989,-85.46946,196,6.7225
"ND1AM",32.6197,-85.46985,197,6.7487
"ND1AM",32.61963,-85.46993,198,6.7554
"ND1AM",32.61954,-85.46997,199,6.7621
"ND1AM",32.61943,-85.46999,200,6.7698
"ND1AM",32.61931,-85.46997,201,6.7781
"ND1AM",32.61922,-85.46994,202,6.7846
"ND1AM",32.61896,-85.46974,203,6.8060
"ND1AM",32.6188,-85.46965,204,6.8183
"ND1AM",32.61858,-85.46955,205,6.8346
"ND1AM",32.6183,-85.46947,206,6.8545
"ND1AM",32.61794,-85.46936,207,6.8802
"ND1AM",32.61777,-85.46921,208,6.8949
"ND1AM",32.61766,-85.46904,209,6.9074
"ND1AM",32.61761,-85.46891,210,6.9157
"ND1AM",32.61758,-85.46879,211,6.9230
"ND1AM",32.61756,-85.46857,212,6.9359
"ND1AM",32.61758,-85.46832,213,6.9505
"ND1AM",32.61771,-85.46805,214,6.9686
"ND1AM",32.61779,-85.46797,215,6.9759
"ND1AM",32.61791,-85.4679,216,6.9851
"ND1AM",32.61817,-85.46788,217,7.0031
"ND1AM",32.61836,-85.46792,218,7.0165
"ND1AM",32.61843,-85.46782,219,7.0240
"ND1AM",32.61849,-85.46767,220,7.0337
"ND1AM",32.61857,-85.46735,221,7.0532
"ND1AM",32.61862,-85.46704,222,7.0716
"ND1AM",32.61863,-85.46642,223,7.1077
"ND1AM",32.61863,-85.46628,224,7.1158
"ND1AM",32.61911,-85.46629,225,7.1491
"ND1AM",32.61923,-85.46628,226,7.1574
"ND1AM",32.61922,-85.46606,227,7.1702
"ND1AM",32.61917,-85.46587,228,7.1818
"ND1AM",32.6191,-85.46575,229,7.1903
"ND1AM",32.61857,-85.4651,230,7.2430
"ND1AM",32.61846,-85.46486,231,7.2589
"ND1AM",32.61843,-85.46475,232,7.2657
"ND1AM",32.61841,-85.46454,233,7.2780
"ND1AM",32.61814,-85.46445,234,7.2974
"ND1AM",32.61783,-85.46444,235,7.3188
"ND1AM",32.61751,-85.46445,236,7.3410
"ND1AM",32.61716,-85.46446,237,7.3652
"ND1AM",32.6165,-85.46447,238,7.4109
"ND1AM",32.61583,-85.4645,239,7.4572
"ND1AM",32.61517,-85.46452,240,7.5029
"ND1AM",32.6145,-85.46452,241,7.5492
"ND1AM",32.61396,-85.46451,242,7.5866
"ND1AM",32.61301,-85.46448,243,7.6523
"ND1AM",32.61263,-85.46448,244,7.6786
"ND1AM",32.61242,-85.46451,245,7.6932
"ND1AM",32.61216,-85.46455,246,7.7114
"ND1AM",32.61174,-85.46465,247,7.7410
"ND1AM",32.61101,-85.46482,248,7.7925
"ND1AM",32.61064,-85.46489,249,7.8184
"ND1AM",32.61043,-85.4649,250,7.8329
"ND1AM",32.60912,-85.46488,251,7.9235
"ND1AM",32.60776,-85.4649,252,8.0176
"ND1AM",32.60644,-85.46491,253,8.1089
"ND1AM",32.60511,-85.46491,254,8.2009
"ND1AM",32.60447,-85.46491,255,8.2452
"ND1AM",32.60439,-85.46608,256,8.3136
"ND1AM",32.60437,-85.46774,257,8.4103
"ND1AM",32.60431,-85.46996,258,8.5398
"ND1AM",32.60425,-85.47221,259,8.6709
"ND1AM",32.60422,-85.47313,260,8.7246
"ND1AM",32.60422,-85.47459,261,8.8097
"ND1AM",32.60422,-85.47703,262,8.9518
"ND1AM",32.6042,-85.4799,263,9.1191
"ND1AM",32.60423,-85.48057,264,9.1582
"ND1AM",32.60417,-85.48155,265,9.2154
"ND1AM",32.60412,-85.4818,266,9.2304
"ND1AM",32.604,-85.4818,267,9.2387
"ND1AM",32.60391,-85.48175,268,9.2456
"ND1AM",32.6034,-85.48175,269,9.2809
"ND1AM",32.60236,-85.48175,270,9.3528
"ND1AM",32.60121,-85.48176,271,9.4323
"ND1AM",32.60007,-85.48174,272,9.5112
"ND1AM",32.59906,-85.48173,273,9.5811
"ND1AM",32.59896,-85.48173,274,9.5880
"ND1AM",32.59877,-85.48192,275,9.6052
"ND1AM",32.59872,-85.48201,276,9.6115
"ND1AM",32.59869,-85.48234,277,9.6308
"ND1AM",32.5986,-85.48267,278,9.6510
"ND1AM",32.5985,-85.48286,279,9.6641
"ND1AM",32.59835,-85.48309,280,9.6810
"ND1AM",32.59822,-85.48335,281,9.6986
"ND1AM",32.59819,-85.48346,282,9.7054
"ND1AM",32.59816,-85.48363,283,9.7155
"ND1AM",32.59815,-85.48384,284,9.7277
"ND1AM",32.59915,-85.48387,285,9.7969
"ND1AM",32.60015,-85.48387,286,9.8661
"ND1AM",32.6011,-85.48387,287,9.9318
"ND1AM",32.60114,-85.48358,288,9.9489
"ND1AM",32.60119,-85.48321,289,9.9708
"ND2AM",32.60119,-85.4832,1,0.0000
"ND2AM",32.60132,-85.48222,2,0.0578
"ND2AM",32.60137,-85.48177,3,0.0843
"ND2AM",32.60167,-85.48176,4,0.1050
"ND2AM",32.60228,-85.48175,5,0.1472
"ND2AM",32.60285,-85.48174,6,0.1866
"ND2AM",32.60337,-85.48175,7,0.2226
"ND2AM",32.60379,-85.48175,8,0.2517
"ND2AM",32.60391,-85.48175,9,0.2600
"ND2AM",32.60401,-85.4817,10,0.2675
"ND2AM",32.60414,-85.48169,11,0.2765
"ND2AM",32.60417,-85.48157,12,0.2838
"ND2AM",32.60423,-85.48057,13,0.3422
"ND2AM",32.6042,-85.47993,14,0.3796
"ND2AM",32.6042,-85.47915,15,0.4250
"ND2AM",32.60422,-85.47535,16,0.6464
"ND2AM",32.60422,-85.47313,17,0.7758
"ND2AM",32.60426,-85.47185,18,0.8504
"ND2AM",32.60429,-85.47118,19,0.8895
"ND2AM",32.60434,-85.46862,20,1.0387
"ND2AM",32.60437,-85.46661,21,1.1559
"ND2AM",32.60442,-85.46543,22,1.2247
"ND2AM",32.60447,-85.46491,23,1.2552
"ND2AM",32.60558,-85.46491,24,1.3320
"ND2AM",32.60687,-85.46491,25,1.4212
"ND2AM",32.6092,-85.46488,26,1.5824
"ND2AM",32.61047,-85.4649,27,1.6703
"ND2AM",32.61064,-85.46489,28,1.6820
"ND2AM",32.61132,-85.46476,29,1.7297
"ND2AM",32.61216,-85.46455,30,1.7891
"ND2AM",32.61263,-85.46448,31,1.8218
"ND2AM",32.61291,-85.46447,32,1.8412
"ND2AM",32.61353,-85.46449,33,1.8841
"ND2AM",32.61458,-85.46453,34,1.9568
"ND2AM",32.61557,-85.46451,35,2.0253
"ND2AM",32.61645,-85.46447,36,2.0862
"ND2AM",32.61762,-85.46445,37,2.1671
"ND2AM",32.61875,-85.46446,38,2.2453
"ND2AM",32.61892,-85.46445,39,2.2571
"ND2AM",32.61925,-85.46439,40,2.2801
"ND2AM",32.61955,-85.46428,41,2.3019
"ND2AM",32.61989,-85.46412,42,2.3272
"ND2AM",32.62005,-85.464,43,2.3403
"ND2AM",32.62046,-85.46366,44,2.3748
"ND2AM",32.62073,-85.46332,45,2.4021
"ND2AM",32.62095,-85.46294,46,2.4289
"ND2AM",32.62132,-85.46224,47,2.4771
"ND2AM",32.62143,-85.46207,48,2.4896
"ND2AM",32.62168,-85.46181,49,2.5126
"ND2AM",32.62187,-85.46167,50,2.5280
"ND2AM",32.62201,-85.46158,51,2.5390
"ND2AM",32.62219,-85.46149,52,2.5525
"ND2AM",32.62235,-85.46143,53,2.5642
"ND2AM",32.62251,-85.4614,54,2.5754
"ND2AM",32.6238,-85.46142,55,2.6646
"ND2AM",32.62427,-85.46143,56,2.6971
"ND2AM",32.62425,-85.46054,57,2.7490
"ND2AM",32.62425,-85.46031,58,2.7624
"ND2AM",32.62427,-85.46006,59,2.7770
"ND2AM",32.62432,-85.45981,60,2.7920
"ND2AM",32.62445,-85.45943,61,2.8159
"ND2AM",32.62450402758789,-85.45932194482423,62,2.8232
"ND2AM",32.62455,-85.45923,63,2.8294
"ND2AM",32.62483,-85.45939,64,2.8509
"ND2AM",32.62525,-85.45959,65,2.8822
"ND2AM",32.62548,-85.45968,66,2.8990
"ND2AM",32.6267,-85.45976,67,2.9835
"ND2AM",32.62708,-85.45973,68,3.0098
"ND2AM",32.62728,-85.4597,69,3.0238
"ND2AM",32.62735,-85.45957,70,3.0328
"ND2AM",32.62717,-85.45714,71,3.1749
"ND2AM",32.62714,-85.45669,72,3.2012
"ND2AM",32.62725,-85.45654,73,3.2127
"ND2AM",32.62761,-85.45645,74,3.2382
"ND2AM",32.6277,-85.45643,75,3.2445
"ND2AM",32.62784,-85.45636,76,3.2550
"ND2AM",32.62812003974482,-85.45632266136735,77,3.2745
"ND2AM",32.62829,-85.4563,78,3.2864
"ND2AM",32.62885,-85.45634,79,3.3252
"ND2AM",32.62886,-85.45506,80,3.3997
"ND2AM",32.62886,-85.45481,81,3.4143
"ND2AM",32.62882,-85.45469,82,3.4218
"ND2AM",32.62882,-85.45412,83,3.4550
"ND2AM",32.62879,-85.45366,84,3.4819
"ND2AM",32.62875,-85.45329,85,3.5036
"ND2AM",32.62862,-85.45268,86,3.5403
"ND2AM",32.62854,-85.45237,87,3.5592
"ND2AM",32.62846,-85.45214,88,3.5737
"ND2AM",32.62825,-85.45168,89,3.6041
"ND2AM",32.62788,-85.45108,90,3.6475
"ND2AM",32.62781,-85.45092,91,3.6580
"ND2AM",32.62766,-85.45075,92,3.6723
"ND2AM",32.62748,-85.45057,93,3.6886
"ND2AM",32.62741,-85.45049,94,3.6953
"ND2AM",32.62775,-85.44975,95,3.7444
"ND2AM",32.62782,-85.44964,96,3.7525
"ND2AM",32.62789,-85.44956,97,3.7592
"ND2AM",32.62797,-85.4495,98,3.7657
"ND2AM",32.62846,-85.44941,99,3.8000
"ND2AM",32.62858,-85.44937,100,3.8086
"ND2AM",32.6287,-85.4493,101,3.8179
"ND2AM",32.62878,-85.44921,102,3.8255
"ND2AM",32.62888,-85.44906,103,3.8367
"ND2AM",32.62927,-85.44809,104,3.8993
"ND2AM",32.62933,-85.44791,105,3.9105
"ND2AM",32.62938,-85.4477,106,3.9233
"ND2AM",32.6294,-85.44746,107,3.9373
"ND2AM",32.62941,-85.44715,108,3.9554
"ND2AM",32.62938,-85.44682,109,3.9747
"ND2AM",32.62931,-85.44652,110,3.9928
"ND2AM",32.62925,-85.4463,111,4.0063
"ND2AM",32.62911,-85.44601,112,4.0258
"ND2AM",32.62884,-85.44563,113,4.0548
"ND2AM",32.62866,-85.44548,114,4.0700
"ND2AM",32.62794,-85.44499,115,4.1274
"ND2AM",32.6267,-85.44417,116,4.2255
"ND2AM",32.62635,-85.44395,117,4.2529
"ND2AM",32.62602,-85.44375,118,4.2786
"ND2AM",32.62518,-85.44557,119,4.3995
"ND2AM",32.62499379078462,-85.44598180884171,120,4.4267
"ND2AM",32.62466,-85.44672,121,4.4755
"ND2AM",32.62419,-85.44775,122,4.5438
"ND2AM",32.62406,-85.44805,123,4.5634
"ND2AM",32.6241,-85.44836,124,4.5817
"ND2AM",32.62423,-85.44859,125,4.5978
"ND2AM",32.62485,-85.44883,126,4.6429
"ND2AM",32.62533,-85.44911,127,4.6799
"ND2AM",32.62666,-85.44993,128,4.7836
"ND2AM",32.62715,-85.45026,129,4.8225
"ND2AM",32.6273,-85.45039,130,4.8354
"ND2AM",32.62766,-85.45075,131,4.8679
"ND2AM",32.62781,-85.45092,132,4.8823
"ND2AM",32.62794,-85.45102,133,4.8930
"ND2AM",32.62825,-85.45149,134,4.9278
"ND2AM",32.62845,-85.45187,135,4.9539
"ND2AM",32.62854,-85.4521,136,4.9687
"ND2AM",32.62863,-85.45233,137,4.9834
"ND2AM",32.62868,-85.45255,138,4.9967
"ND2AM",32.62876,-85.45288,139,5.0167
"ND2AM",32.62884,-85.45327,140,5.0401
"ND2AM",32.62888,-85.45366,141,5.0630
"ND2AM",32.62891,-85.45412,142,5.0899
"ND2AM",32.62891,-85.45469,143,5.1231
"ND2AM",32.62886,-85.45481,144,5.1309
"ND2AM",32.62885,-85.45671,145,5.2415
"ND2AM",32.62883,-85.45967,146,5.4140
"ND2AM",32.62879,-85.46158,147,5.5253
"ND2AM",32.62879,-85.46183,148,5.5399
"ND2AM",32.62705,-85.46179,149,5.6602
"ND2AM",32.62581,-85.46177,150,5.7460
"ND2AM",32.62551,-85.46172,151,5.7670
"ND2AM",32.62513,-85.46161,152,5.7940
"ND2AM",32.6246,-85.46146,153,5.8317
"ND2AM",32.62446,-85.46144,154,5.8415
"ND2AM",32.62324,-85.46141,155,5.9259
"ND2AM",32.62251,-85.4614,156,5.9764
"ND2AM",32.62235,-85.46143,157,5.9876
"ND2AM",32.62201,-85.46158,158,6.0127
"ND2AM",32.62168,-85.46181,159,6.0391
"ND2AM",32.62149,-85.46201,160,6.0567
"ND2AM",32.62132,-85.46224,161,6.0745
"ND2AM",32.62095,-85.46294,162,6.1227
"ND2AM",32.62073,-85.46332,163,6.1495
"ND2AM",32.62056,-85.46354,164,6.1669
"ND2AM",32.62037,-85.46374,165,6.1845
"ND2AM",32.62005,-85.464,166,6.2113
"ND2AM",32.61989,-85.46412,167,6.2244
"ND2AM",32.61954,-85.46429,168,6.2506
"ND2AM",32.61909,-85.46442,169,6.2826
"ND2AM",32.61875,-85.46446,170,6.3062
"ND2AM",32.61841,-85.46445,171,6.3298
"ND2AM",32.61841,-85.46456,172,6.3362
"ND2AM",32.61843,-85.46475,173,6.3473
"ND2AM",32.61846,-85.46486,174,6.3541
"ND2AM",32.61857,-85.4651,175,6.3700
"ND2AM",32.61870602357194,-85.46526943287031,176,6.3836
"ND2AM",32.61914,-85.46581,177,6.4271
"ND2AM",32.61921,-85.46599,178,6.4387
"ND2AM",32.61923,-85.46616,179,6.4487
"ND2AM",32.61923,-85.46628,180,6.4557
"ND2AM",32.62033,-85.46627,181,6.5317
"ND2AM",32.62032,-85.46673,182,6.5586
"ND2AM",32.6202964648785,-85.46693111831098,183,6.5704
"ND2AM",32.62021,-85.46767,184,6.6138
"ND2AM",32.6202,-85.46814,185,6.6412
"ND2AM",32.62012,-85.46871,186,6.6749
"ND2AM",32.61995,-85.4693,187,6.7112
"ND2AM",32.61989,-85.46946,188,6.7214
"ND2AM",32.6197,-85.46985,189,6.7477
"ND2AM",32.61963,-85.46993,190,6.7544
"ND2AM",32.61954,-85.46997,191,6.7611
"ND2AM",32.61943,-85.46999,192,6.7688
"ND2AM",32.6193,-85.46997,193,6.7778
"ND2AM",32.61918,-85.46991,194,6.7868
"ND2AM",32.61896,-85.46974,195,6.8050
"ND2AM",32.6188,-85.46965,196,6.8172
"ND2AM",32.61858,-85.46955,197,6.8335
"ND2AM",32.6183,-85.46947,198,6.8534
"ND2AM",32.61794,-85.46936,199,6.8792
"ND2AM",32.61777,-85.46921,200,6.8938
"ND2AM",32.61766,-85.46904,201,6.9063
"ND2AM",32.61761,-85.46891,202,6.9146
"ND2AM",32.61758,-85.46879,203,6.9219
"ND2AM",32.61756,-85.46854,204,6.9365
"ND2AM",32.61758,-85.46832,205,6.9494
"ND2AM",32.61763,-85.46817,206,6.9588
"ND2AM",32.61773,-85.46803,207,6.9695
"ND2AM",32.61782,-85.46795,208,6.9773
"ND2AM",32.61791,-85.4679,209,6.9842
"ND2AM",32.61817,-85.46788,210,7.0022
"ND2AM",32.61836,-85.46792,211,7.0156
"ND2AM",32.61843,-85.46782,212,7.0231
"ND2AM",32.61849,-85.46766,213,7.0333
"ND2AM",32.61857,-85.46735,214,7.0522
"ND2AM",32.61862,-85.46704,215,7.0706
"ND2AM",32.61863,-85.46643,216,7.1062
"ND2AM",32.61863,-85.46628,217,7.1149
"ND2AM",32.61911,-85.46629,218,7.1481
"ND2AM",32.61923,-85.46628,219,7.1564
"ND2AM",32.61922,-85.46606,220,7.1693
"ND2AM",32.61917,-85.46587,221,7.1809
"ND2AM",32.6191,-85.46575,222,7.1894
"ND2AM",32.61857,-85.4651,223,7.2421
"ND2AM",32.61849,-85.46496,224,7.2519
"ND2AM",32.61843,-85.46475,225,7.2648
"ND2AM",32.61841,-85.46445,226,7.2824
"ND2AM",32.618,-85.46444,227,7.3107
"ND2AM",32.61671,-85.46446,228,7.4000
"ND2AM",32.61577,-85.4645,229,7.4650
"ND2AM",32.61458,-85.46453,230,7.5474
"ND2AM",32.61325,-85.46449,231,7.6394
"ND2AM",32.61263,-85.46448,232,7.6823
"ND2AM",32.61216,-85.46455,233,7.7151
"ND2AM",32.61114,-85.4648,234,7.7871
"ND2AM",32.61064,-85.46489,235,7.8221
"ND2AM",32.61047,-85.4649,236,7.8339
"ND2AM",32.60928,-85.46488,237,7.9162
"ND2AM",32.60867,-85.46489,238,7.9584
"ND2AM",32.60781,-85.4649,239,8.0179
"ND2AM",32.60619,-85.46491,240,8.1299
"ND2AM",32.60447,-85.46491,241,8.2489
"ND2AM",32.6044,-85.46581,242,8.3016
"ND2AM",32.60438,-85.46629,243,8.3296
"ND2AM",32.60433,-85.4692,244,8.4992
"ND2AM",32.60429,-85.47118,245,8.6146
"ND2AM",32.60425,-85.47234,246,8.6822
"ND2AM",32.60422,-85.47313,247,8.7283
"ND2AM",32.60422,-85.47557,248,8.8705
"ND2AM",32.6042,-85.47886,249,9.0622
"ND2AM",32.6042,-85.47993,250,9.1245
"ND2AM",32.60423,-85.48057,251,9.1619
"ND2AM",32.60419,-85.48133,252,9.2063
"ND2AM",32.60417,-85.48157,253,9.2203
"ND2AM",32.60412,-85.4818,254,9.2342
"ND2AM",32.604,-85.4818,255,9.2425
"ND2AM",32.60391,-85.48175,256,9.2493
"ND2AM",32.60326,-85.48175,257,9.2943
"ND2AM",32.60105,-85.48176,258,9.4472
"ND2AM",32.59911,-85.48173,259,9.5814
"ND2AM",32.59896,-85.48173,260,9.5917
"ND2AM",32.5988,-85.48188,261,9.6058
"ND2AM",32.59872,-85.48201,262,9.6152
"ND2AM",32.59871,-85.48225,263,9.6292
"ND2AM",32.59868,-85.48244,264,9.6405
"ND2AM",32.59863,-85.4826,265,9.6504
"ND2AM",32.59853,-85.4828,266,9.6640
"ND2AM",32.59835,-85.48309,267,9.6850
"ND2AM",32.59822,-85.48335,268,9.7026
"ND2AM",32.59818,-85.48351,269,9.7123
"ND2AM",32.59815,-85.48384,270,9.7317
"ND2AM",32.59856,-85.48386,271,9.7601
"ND2AM",32.60063,-85.48387,272,9.9032
"ND2AM",32.60106,-85.48387,273,9.9330
"ND2AM",32.60119,-85.48322,274,9.9719
"NDON1",32.60187,-85.48773,1,0.0000
"NDON1",32.60198,-85.48767,2,0.0084
"NDON1",32.60218,-85.48762,3,0.0225
"NDON1",32.60252,-85.48759,4,0.0461
"NDON1",32.60267,-85.4876,5,0.0565
"NDON1",32.60284,-85.48765,6,0.0686
"NDON1",32.60301,-85.48775,7,0.0817
"NDON1",32.60323,-85.48794,8,0.1005
"NDON1",32.6033,-85.48802,9,0.1073
"NDON1",32.60342,-85.48822,10,0.1216
"NDON1",32.60357,-85.48854,11,0.1429
"NDON1",32.60361,-85.48881,12,0.1589
"NDON1",32.60361,-85.48904,13,0.1723
"NDON1",32.60354,-85.48936,14,0.1916
"NDON1",32.60328,-85.48988,15,0.2268
"NDON1",32.60322,-85.49004,16,0.2370
"NDON1",32.60319,-85.49019,17,0.2460
"NDON1",32.60317,-85.49042,18,0.2595
"NDON1",32.60374,-85.49041,19,0.2989
"NDON1",32.60512,-85.49043,20,0.3943
"NDON1",32.60558,-85.49039,21,0.4262
"NDON1",32.6058,-85.49037,22,0.4415
"NDON1",32.60636,-85.49037,23,0.4802
"NDON1",32.60646,-85.49039,24,0.4873
"NDON1",32.60719,-85.49039,25,0.5378
"NDON1",32.60742,-85.49038,26,0.5537
"NDON1",32.60778,-85.49035,27,0.5786
"NDON1",32.60845,-85.49027,28,0.6252
"NDON1",32.60869,-85.49027,29,0.6418
"NDON1",32.60938,-85.49033,30,0.6897
"NDON1",32.61011,-85.49037,31,0.7402
"NDON1",32.61167,-85.49033,32,0.8482
"NDON1",32.61191635725069,-85.49033916204651,33,0.8652
"NDON1",32.61396922990058,-85.49041550855002,34,1.0073
"NDON1",32.61409,-85.49042,35,1.0156
"NDON1",32.61469,-85.49041,36,1.0571
"NDON1",32.61529,-85.49041,37,1.0986
"NDON1",32.61679,-85.49042,38,1.2024
"NDON1",32.61778461177146,-85.49045429695764,39,1.2712
"NDON1",32.61795,-85.49046,40,1.2827
"NDON1",32.6181,-85.49047,41,1.2931
"NDON1",32.61828,-85.49051,42,1.3057
"NDON1",32.61849,-85.49062,43,1.3216
"NDON1",32.61961,-85.49136,44,1.4103
"NDON1",32.62008,-85.49169,45,1.4480
"NDON1",32.6213,-85.49262,46,1.5483
"NDON1",32.62213754197893,-85.49324117696771,47,1.6166
"NDON1",32.6225,-85.49351,48,1.6462
"NDON1",32.62334,-85.4941,49,1.7137
"NDON1",32.62381,-85.49434,50,1.7491
"NDON1",32.62421,-85.49445,51,1.7775
"NDON1",32.62471,-85.49455,52,1.8126
"NDON1",32.62551246350762,-85.49473073502423,53,1.8691
"NDON1",32.62582,-85.4948,54,1.8907
"NDON1",32.62608,-85.49487,55,1.9091
"NDON1",32.62662,-85.49504,56,1.9478
"NDON1",32.62711,-85.49532,57,1.9854
"NDON1",32.62761,-85.49556,58,2.0227
"NDON1",32.62779,-85.49569,59,2.0373
"NDON1",32.62836,-85.49602,60,2.0811
"NDON1",32.62875,-85.49624,61,2.1110
"NDON1",32.63056,-85.49741,62,2.2536
"NDON1",32.63121,-85.49782,63,2.3045
"NDON1",32.63193,-85.49831,64,2.3619
"NDON1",32.6321,-85.49845,65,2.3762
"NDON1",32.63231,-85.49868,66,2.3959
"NDON1",32.63273,-85.49926,67,2.4405
"NDON1",32.63226582824707,-85.49972417175293,68,2.4825
"NDON1",32.63198,-85.50001,69,2.5083
"NDON1",32.63189,-85.50013,70,2.5177
"NDON1",32.63184,-85.50026,71,2.5260
"NDON1",32.63158,-85.50032,72,2.5443
"NDON1",32.63158,-85.501220703125,73,2.5968
"NDON1",32.63158,-85.50133,74,2.6032
"NDON1",32.63283,-85.50135,75,2.6896
"NDON1",32.63311,-85.50133,76,2.7090
"NDON1",32.63327,-85.50128,77,2.7205
"NDON1",32.63345,-85.50111,78,2.7364
"NDON1",32.63373,-85.50078,79,2.7637
"NDON1",32.63383,-85.50066,80,2.7735
"NDON1",32.63309,-85.49973,81,2.8480
"NDON1",32.63231,-85.49868,82,2.9296
"NDON1",32.6321,-85.49845,83,2.9494
"NDON1",32.63193,-85.49831,84,2.9637
"NDON1",32.63159,-85.49808,85,2.9907
"NDON1",32.63008,-85.49711,86,3.1095
"NDON1",32.62858,-85.49614,87,3.2276
"NDON1",32.62779,-85.49569,88,3.2883
"NDON1",32.62761,-85.49556,89,3.3028
"NDON1",32.62705,-85.49529,90,3.3446
"NDON1",32.62662,-85.49504,91,3.3778
"NDON1",32.62608,-85.49487,92,3.4164
"NDON1",32.62503,-85.49462,93,3.4905
"NDON1",32.62506,-85.49451,94,3.4972
"NDON1",32.62503,-85.49462,95,3.5039
"NDON1",32.62421,-85.49445,96,3.5615
"NDON1",32.62381,-85.49434,97,3.5899
"NDON1",32.62335,-85.49411,98,3.6244
"NDON1",32.62231,-85.49337,99,3.7083
"NDON1",32.62225,-85.49345,100,3.7146
"NDON1",32.62204,-85.49345,101,3.7291
"NDON1",32.62183,-85.49323,102,3.7484
"NDON1",32.62181,-85.49311,103,3.7556
"NDON1",32.62035,-85.49191,104,3.8784
"NDON1",32.61984,-85.49151,105,3.9207
"NDON1",32.61877,-85.49081,106,4.0052
"NDON1",32.61836,-85.49055,107,4.0373
"NDON1",32.6182,-85.49049,108,4.0489
"NDON1",32.61795,-85.49046,109,4.0663
"NDON1",32.61695,-85.49043,110,4.1355
"NDON1",32.6151,-85.49041,111,4.2635
"NDON1",32.61406985303932,-85.49041830763677,112,4.3347
"NDON1",32.61386,-85.49042,113,4.3493
"NDON1",32.61321,-85.49039,114,4.3943
"NDON1",32.61190408875894,-85.49033878779447,115,4.4846
"NDON1",32.61168,-85.49033,116,4.5001
"NDON1",32.61125,-85.49034,117,4.5299
"NDON1",32.61011,-85.49037,118,4.6088
"NDON1",32.60955,-85.49034,119,4.6475
"NDON1",32.60869,-85.49027,120,4.7072
"NDON1",32.60845,-85.49027,121,4.7238
"NDON1",32.60801,-85.49032,122,4.7543
"NDON1",32.60778,-85.49035,123,4.7704
"NDON1",32.60719,-85.49039,124,4.8112
"NDON1",32.60653,-85.49039,125,4.8569
"NDON1",32.60636,-85.49037,126,4.8687
"NDON1",32.6058,-85.49037,127,4.9074
"NDON1",32.60539,-85.49042,128,4.9359
"NDON1",32.60509609300894,-85.49042534376348,129,4.9563
"NDON1",32.60484,-85.49043,130,4.9740
"NDON1",32.60403,-85.49041,131,5.0300
"NDON1",32.60276,-85.49043,132,5.1179
"NDON1",32.60145,-85.49047,133,5.2085
"NDON1",32.60105,-85.49046,134,5.2362
"NDON1",32.60098,-85.4894,135,5.2982
"NDON1",32.60101,-85.48896,136,5.3239
"NDON1",32.60106,-85.48864,137,5.3429
"NDON1",32.60109,-85.48852,138,5.3501
"NDON1",32.60116,-85.48836,139,5.3607
"NDON1",32.60126,-85.4882,140,5.3723
"NDON1",32.60146,-85.48799,141,5.3907
"NDON1",32.60161,-85.48787,142,5.4032
"NDON1",32.60186,-85.48773,143,5.4224
"NDON2",32.60186,-85.48772,1,0.0000
"NDON2",32.60198,-85.48767,2,0.0088
"NDON2",32.60218,-85.48762,3,0.0229
"NDON2",32.60252,-85.48759,4,0.0465
"NDON2",32.60267,-85.4876,5,0.0569
"NDON2",32.60284,-85.48765,6,0.0690
"NDON2",32.60301,-85.48775,7,0.0821
"NDON2",32.60323,-85.48794,8,0.1010
"NDON2",32.6033,-85.48802,9,0.1077
"NDON2",32.60342,-85.48822,10,0.1220
"NDON2",32.60357,-85.48854,11,0.1433
"NDON2",32.60361,-85.48881,12,0.1593
"NDON2",32.60361,-85.48904,13,0.1727
"NDON2",32.60354,-85.48936,14,0.1920
"NDON2",32.60328,-85.48988,15,0.2272
"NDON2",32.60322,-85.49004,16,0.2374
"NDON2",32.60319,-85.49019,17,0.2464
"NDON2",32.60317,-85.49042,18,0.2599
"NDON2",32.60374,-85.49041,19,0.2993
"NDON2",32.60512,-85.49043,20,0.3948
"NDON2",32.60558,-85.49039,21,0.4267
"NDON2",32.6058,-85.49037,22,0.4419
"NDON2",32.60636,-85.49037,23,0.4807
"NDON2",32.60646,-85.49039,24,0.4877
"NDON2",32.60719,-85.49039,25,0.5382
"NDON2",32.60742,-85.49038,26,0.5541
"NDON2",32.60778,-85.49035,27,0.5791
"NDON2",32.60845,-85.49027,28,0.6256
"NDON2",32.60869,-85.49027,29,0.6422
"NDON2",32.60938,-85.49033,30,0.6901
"NDON2",32.61011,-85.49037,31,0.7406
"NDON2",32.61167,-85.49033,32,0.8486
"NDON2",32.61191635725069,-85.49033916204651,33,0.8656
"NDON2",32.61396922990058,-85.49041550855002,34,1.0077
"NDON2",32.61409,-85.49042,35,1.0161
"NDON2",32.61469,-85.49041,36,1.0576
"NDON2",32.61529,-85.49041,37,1.0991
"NDON2",32.61679,-85.49042,38,1.2028
"NDON2",32.61778461177146,-85.49045429695764,39,1.2716
"NDON2",32.61795,-85.49046,40,1.2831
"NDON2",32.6181,-85.49047,41,1.2935
"NDON2",32.61828,-85.49051,42,1.3061
"NDON2",32.61849,-85.49062,43,1.3220
"NDON2",32.61961,-85.49136,44,1.4107
"NDON2",32.62008,-85.49169,45,1.4485
"NDON2",32.6213,-85.49262,46,1.5487
"NDON2",32.62213754197893,-85.49324117696771,47,1.6170
"NDON2",32.6225,-85.49351,48,1.6466
"NDON2",32.62334,-85.4941,49,1.7141
"NDON2",32.62381,-85.49434,50,1.7495
"NDON2",32.62421,-85.49445,51,1.7779
"NDON2",32.62471,-85.49455,52,1.8130
"NDON2",32.62551246350762,-85.49473073502423,53,1.8695
"NDON2",32.62582,-85.4948,54,1.8911
"NDON2",32.62608,-85.49487,55,1.9096
"NDON2",32.62662,-85.49504,56,1.9482
"NDON2",32.62711,-85.49532,57,1.9858
"NDON2",32.62761,-85.49556,58,2.0231
"NDON2",32.62779,-85.49569,59,2.0377
"NDON2",32.62836,-85.49602,60,2.0816
"NDON2",32.62875,-85.49624,61,2.1114
"NDON2",32.63056,-85.49741,62,2.2540
"NDON2",32.63121,-85.49782,63,2.3049
"NDON2",32.63193,-85.49831,64,2.3623
"NDON2",32.6321,-85.49845,65,2.3766
"NDON2",32.63231,-85.49868,66,2.3964
"NDON2",32.63273,-85.49926,67,2.4409
"NDON2",32.63226582824707,-85.49972417175293,68,2.4829
"NDON2",32.63198,-85.50001,69,2.5088
"NDON2",32.63189,-85.50013,70,2.5181
"NDON2",32.63184,-85.50026,71,2.5264
"NDON2",32.63158,-85.50032,72,2.5448
"NDON2",32.63158,-85.501220703125,73,2.5972
"NDON2",32.63158,-85.50133,74,2.6036
"NDON2",32.63283,-85.50135,75,2.6901
"NDON2",32.63311,-85.50133,76,2.7095
"NDON2",32.63327,-85.50128,77,2.7209
"NDON2",32.63345,-85.50111,78,2.7368
"NDON2",32.63373,-85.50078,79,2.7641
"NDON2",32.63383,-85.50066,80,2.7739
"NDON2",32.63309,-85.49973,81,2.8485
"NDON2",32.63231,-85.49868,82,2.9300
"NDON2",32.6321,-85.49845,83,2.9498
"NDON2",32.63193,-85.49831,84,2.9641
"NDON2",32.63159,-85.49808,85,2.9912
"NDON2",32.63008,-85.49711,86,3.1099
"NDON2",32.62858,-85.49614,87,3.2281
"NDON2",32.62779,-85.49569,88,3.2887
"NDON2",32.62761,-85.49556,89,3.3032
"NDON2",32.62705,-85.49529,90,3.3451
"NDON2",32.62662,-85.49504,91,3.3782
"NDON2",32.62608,-85.49487,92,3.4168
"NDON2",32.62503,-85.49462,93,3.4909
"NDON2",32.62506,-85.49451,94,3.4976
"NDON2",32.62503,-85.49462,95,3.5044
"NDON2",32.62421,-85.49445,96,3.5619
"NDON2",32.62381,-85.49434,97,3.5903
"NDON2",32.62335,-85.49411,98,3.6249
"NDON2",32.62231,-85.49337,99,3.7087
"NDON2",32.62225,-85.49345,100,3.7150
"NDON2",32.62204,-85.49345,101,3.7295
"NDON2",32.62183,-85.49323,102,3.7489
"NDON2",32.62181,-85.49311,103,3.7560
"NDON2",32.62035,-85.49191,104,3.8788
"NDON2",32.61984,-85.49151,105,3.9211
"NDON2",32.61877,-85.49081,106,4.0056
"NDON2",32.61836,-85.49055,107,4.0378
"NDON2",32.6182,-85.49049,108,4.0494
"NDON2",32.61795,-85.49046,109,4.0667
"NDON2",32.61695,-85.49043,110,4.1359
"NDON2",32.6151,-85.49041,111,4.2639
"NDON2",32.61406985303932,-85.49041830763677,112,4.3352
"NDON2",32.61386,-85.49042,113,4.3497
"NDON2",32.61321,-85.49039,114,4.3947
"NDON2",32.61190408875894,-85.49033878779447,115,4.4851
"NDON2",32.61168,-85.49033,116,4.5006
"NDON2",32.61125,-85.49034,117,4.5303
"NDON2",32.61011,-85.49037,118,4.6092
"NDON2",32.60955,-85.49034,119,4.6480
"NDON2",32.60869,-85.49027,120,4.7076
"NDON2",32.60845,-85.49027,121,4.7242
"NDON2",32.60801,-85.49032,122,4.7548
"NDON2",32.60778,-85.49035,123,4.7708
"NDON2",32.60719,-85.49039,124,4.8117
"NDON2",32.60653,-85.49039,125,4.8573
"NDON2",32.60636,-85.49037,126,4.8691
"NDON2",32.6058,-85.49037,127,4.9079
"NDON2",32.60539,-85.49042,128,4.9364
"NDON2",32.60509609300894,-85.49042534376348,129,4.9567
"NDON2",32.60484,-85.49043,130,4.9744
"NDON2",32.60403,-85.49041,131,5.0305
"NDON2",32.60317,-85.49042,132,5.0899
"NDON2",32.60258,-85.49044,133,5.1308
"NDON2",32.60145,-85.49047,134,5.2090
"NDON2",32.60105,-85.49046,135,5.2366
"NDON2",32.60098,-85.4894,136,5.2986
"NDON2",32.60101,-85.48896,137,5.3243
"NDON2",32.60104,-85.48876,138,5.3361
"NDON2",32.60106,-85.48864,139,5.3433
"NDON2",32.60112,-85.48844,140,5.3556
"NDON2",32.60126,-85.4882,141,5.3727
"NDON2",32.60146,-85.48799,142,5.3911
"NDON2",32.60161,-85.48787,143,5.4036
"NDON2",32.60186,-85.48773,144,5.4228
"NR1",32.60186,-85.48773,1,0.0000
"NR1",32.60202,-85.48766,2,0.0118
"NR1",32.60229,-85.4876,3,0.0308
"NR1",32.6026,-85.48759,4,0.0522
"NR1",32.60284,-85.48765,5,0.0692
"NR1",32.60293,-85.4877,6,0.0761
"NR1",32.60301,-85.48775,7,0.0823
"NR1",32.60323,-85.48794,8,0.1012
"NR1",32.6033,-85.48802,9,0.1079
"NR1",32.60352,-85.48843,10,0.1362
"NR1",32.60357,-85.48854,11,0.1435
"NR1",32.6036,-85.48867,12,0.1513
"NR1",32.60362,-85.48891,13,0.1654
"NR1",32.60359,-85.48918,14,0.1813
"NR1",32.60354,-85.48936,15,0.1923
"NR1",32.60327,-85.48992,16,0.2299
"NR1",32.6032,-85.49012,17,0.2425
"NR1",32.60317,-85.49042,18,0.2601
"NR1",32.60403,-85.49041,19,0.3196
"NR1",32.60508596871305,-85.49041858511148,20,0.3927
"NR1",32.60526,-85.49042,21,0.4047
"NR1",32.6058,-85.49037,22,0.4422
"NR1",32.60636,-85.49037,23,0.4809
"NR1",32.60646,-85.49039,24,0.4879
"NR1",32.60719,-85.49039,25,0.5384
"NR1",32.60755,-85.49037,26,0.5633
"NR1",32.60845,-85.49027,27,0.6259
"NR1",32.60862,-85.49027,28,0.6376
"NR1",32.60906,-85.4903,29,0.6681
"NR1",32.60903,-85.48919,30,0.7328
"NR1",32.60902,-85.48834,31,0.7824
"NR1",32.60901,-85.48748,32,0.8325
"NR1",32.60903,-85.48708,33,0.8558
"NR1",32.60903,-85.4853,34,0.9595
"NR1",32.60907,-85.48307,35,1.0895
"NR1",32.60909,-85.48061,36,1.2328
"NR1",32.6091,-85.4799,37,1.2742
"NR1",32.60908,-85.47888,38,1.3337
"NR1",32.60907,-85.47681,39,1.4543
"NR1",32.60905,-85.4752,40,1.5481
"NR1",32.61002,-85.47524,41,1.6152
"NR1",32.61038,-85.47528,42,1.6402
"NR1",32.61185,-85.47537,43,1.7421
"NR1",32.61197,-85.47539,44,1.7504
"NR1",32.61208,-85.4754,45,1.7581
"NR1",32.61221,-85.47546,46,1.7677
"NR1",32.61246,-85.47565,47,1.7883
"NR1",32.61272,-85.47578,48,1.8078
"NR1",32.613,-85.47585,49,1.8276
"NR1",32.61323,-85.47586,50,1.8435
"NR1",32.61404,-85.47583,51,1.8995
"NR1",32.61431846755019,-85.47583260250047,52,1.9188
"NR1",32.61511,-85.47584,53,1.9736
"NR1",32.61578,-85.47585,54,2.0199
"NR1",32.61602,-85.47581,55,2.0367
"NR1",32.6163,-85.47563,56,2.0587
"NR1",32.61658,-85.47545,57,2.0807
"NR1",32.61702,-85.47525,58,2.1133
"NR1",32.61738,-85.47516,59,2.1388
"NR1",32.61756,-85.47522,60,2.1517
"NR1",32.61848,-85.47576,61,2.2227
"NR1",32.61865,-85.47548,62,2.2428
"NR1",32.61885,-85.47503,63,2.2724
"NR1",32.61894,-85.47479,64,2.2877
"NR1",32.61897,-85.4746,65,2.2990
"NR1",32.61896,-85.47436,66,2.3130
"NR1",32.61887,-85.47395,67,2.3377
"NR1",32.61886,-85.47361,68,2.3575
"NR1",32.61851,-85.47343,69,2.3839
"NR1",32.61836,-85.47333,70,2.3958
"NR1",32.61826,-85.47342,71,2.4045
"NR1",32.6175,-85.47396,72,2.4657
"NR1",32.6172,-85.47424,73,2.4921
"NR1",32.61614,-85.47528,74,2.5872
"NR1",32.61614,-85.47575,75,2.6146
"NR1",32.61602,-85.47581,76,2.6236
"NR1",32.61578,-85.47585,77,2.6404
"NR1",32.61482,-85.47584,78,2.7068
"NR1",32.61404,-85.47583,79,2.7608
"NR1",32.61342,-85.47586,80,2.8037
"NR1",32.61307,-85.47586,81,2.8279
"NR1",32.61273,-85.47579,82,2.8518
"NR1",32.61256,-85.47571,83,2.8644
"NR1",32.612364379140494,-85.47557027081464,84,2.8802
"NR1",32.61221,-85.47546,85,2.8927
"NR1",32.61212,-85.47542,86,2.8993
"NR1",32.61185,-85.47537,87,2.9182
"NR1",32.61123,-85.47534,88,2.9611
"NR1",32.61059,-85.47529,89,3.0055
"NR1",32.60986,-85.47524,90,3.0561
"NR1",32.60905,-85.4752,91,3.1122
"NR1",32.60906,-85.47587,92,3.1512
"NR1",32.60906,-85.47639,93,3.1815
"NR1",32.60907,-85.47692,94,3.2124
"NR1",32.60907,-85.47746,95,3.2438
"NR1",32.60908,-85.47803,96,3.2771
"NR1",32.60908,-85.47867,97,3.3144
"NR1",32.60909,-85.47957,98,3.3668
"NR1",32.60909,-85.48046,99,3.4187
"NR1",32.60909,-85.48136,100,3.4711
"NR1",32.60908,-85.48181,101,3.4973
"NR1",32.60908,-85.48225,102,3.5230
"NR1",32.60907,-85.48268,103,3.5480
"NR1",32.60907,-85.48312,104,3.5737
"NR1",32.60906,-85.48356,105,3.5993
"NR1",32.60906,-85.484,106,3.6250
"NR1",32.60905,-85.48443,107,3.6500
"NR1",32.60904,-85.48487,108,3.6757
"NR1",32.60903,-85.48532,109,3.7019
"NR1",32.60903,-85.48571,110,3.7246
"NR1",32.60902,-85.48608,111,3.7462
"NR1",32.60902,-85.48654,112,3.7730
"NR1",32.60902,-85.48699,113,3.7992
"NR1",32.60901,-85.48745,114,3.8260
"NR1",32.60901,-85.48791,115,3.8528
"NR1",32.60902,-85.48837,116,3.8796
"NR1",32.60902,-85.48884,117,3.9070
"NR1",32.60903,-85.48931,118,3.9344
"NR1",32.60905,-85.48978,119,3.9618
"NR1",32.60906,-85.49024,120,3.9887
"NR1",32.60858,-85.49027,121,4.0219
"NR1",32.60845,-85.49027,122,4.0309
"NR1",32.60808,-85.49031,123,4.0566
"NR1",32.60759,-85.49036,124,4.0906
"NR1",32.60708,-85.49039,125,4.1259
"NR1",32.60658,-85.49039,126,4.1605
"NR1",32.60646,-85.49039,127,4.1688
"NR1",32.60636,-85.49037,128,4.1758
"NR1",32.60619,-85.49037,129,4.1876
"NR1",32.6058,-85.49037,130,4.2146
"NR1",32.60537,-85.49042,131,4.2445
"NR1",32.60509603927241,-85.49042507334681,132,4.2634
"NR1",32.60483,-85.49043,133,4.2818
"NR1",32.60451,-85.49041,134,4.3040
"NR1",32.60317,-85.49042,135,4.3967
"NR1",32.60175,-85.49047,136,4.4949
"NR1",32.60105,-85.49046,137,4.5434
"NR1",32.60098,-85.4894,138,4.6053
"NR1",32.60101,-85.48896,139,4.6310
"NR1",32.60106,-85.48864,140,4.6500
"NR1",32.60116,-85.48836,141,4.6677
"NR1",32.60126,-85.4882,142,4.6793
"NR1",32.60146,-85.48799,143,4.6978
"NR1",32.60161,-85.48787,144,4.7103
"NR1",32.60186,-85.48773,145,4.7294
"NR2",32.60186,-85.48773,1,0.0000
"NR2",32.60202,-85.48766,2,0.0118
"NR2",32.60229,-85.4876,3,0.0308
"NR2",32.6026,-85.48759,4,0.0522
"NR2",32.60284,-85.48765,5,0.0692
"NR2",32.60293,-85.4877,6,0.0761
"NR2",32.60301,-85.48775,7,0.0823
"NR2",32.60323,-85.48794,8,0.1012
"NR2",32.6033,-85.48802,9,0.1079
"NR2",32.60352,-85.48843,10,0.1362
"NR2",32.60357,-85.48854,11,0.1435
"NR2",32.6036,-85.48867,12,0.1513
"NR2",32.60362,-85.48891,13,0.1654
"NR2",32.60359,-85.48918,14,0.1813
"NR2",32.60354,-85.48936,15,0.1923
"NR2",32.60327,-85.48992,16,0.2299
"NR2",32.6032,-85.49012,17,0.2425
"NR2",32.60317,-85.49042,18,0.2601
"NR2",32.60403,-85.49041,19,0.3196
"NR2",32.60508596871305,-85.49041858511148,20,0.3927
"NR2",32.60526,-85.49042,21,0.4047
"NR2",32.6058,-85.49037,22,0.4422
"NR2",32.60636,-85.49037,23,0.4809
"NR2",32.60646,-85.49039,24,0.4879
"NR2",32.60719,-85.49039,25,0.5384
"NR2",32.60755,-85.49037,26,0.5633
"NR2",32.60845,-85.49027,27,0.6259
"NR2",32.60862,-85.49027,28,0.6376
"NR2",32.60906,-85.4903,29,0.6681
"NR2",32.60903,-85.48919,30,0.7328
"NR2",32.60902,-85.48834,31,0.7824
"NR2",32.60901,-85.48748,32,0.8325
"NR2",32.60903,-85.48708,33,0.8558
"NR2",32.60903,-85.4853,34,0.9595
"NR2",32.60907,-85.48307,35,1.0895
"NR2",32.60909,-85.48061,36,1.2328
"NR2",32.6091,-85.4799,37,1.2742
"NR2",32.60908,-85.47888,38,1.3337
"NR2",32.60907,-85.47681,39,1.4543
"NR2",32.60905,-85.4752,40,1.5481
"NR2",32.61002,-85.47524,41,1.6152
"NR2",32.61038,-85.47528,42,1.6402
"NR2",32.61185,-85.47537,43,1.7421
"NR2",32.61197,-85.47539,44,1.7504
"NR2",32.61208,-85.4754,45,1.7581
"NR2",32.61221,-85.47546,46,1.7677
"NR2",32.61246,-85.47565,47,1.7883
"NR2",32.61272,-85.47578,48,1.8078
"NR2",32.613,-85.47585,49,1.8276
"NR2",32.61323,-85.47586,50,1.8435
"NR2",32.61404,-85.47583,51,1.8995
"NR2",32.61431846755019,-85.47583260250047,52,1.9188
"NR2",32.61511,-85.47584,53,1.9736
"NR2",32.61578,-85.47585,54,2.0199
"NR2",32.61602,-85.47581,55,2.0367
"NR2",32.6163,-85.47563,56,2.0587
"NR2",32.61658,-85.47545,57,2.0807
"NR2",32.61702,-85.47525,58,2.1133
"NR2",32.61738,-85.47516,59,2.1388
"NR2",32.61756,-85.47522,60,2.1517
"NR2",32.61848,-85.47576,61,2.2227
"NR2",32.61865,-85.47548,62,2.2428
"NR2",32.61885,-85.47503,63,2.2724
"NR2",32.61894,-85.47479,64,2.2877
"NR2",32.61897,-85.4746,65,2.2990
"NR2",32.61896,-85.47436,66,2.3130
"NR2",32.61887,-85.47395,67,2.3377
"NR2",32.61886,-85.47361,68,2.3575
"NR2",32.61851,-85.47343,69,2.3839
"NR2",32.61836,-85.47333,70,2.3958
"NR2",32.61826,-85.47342,71,2.4045
"NR2",32.6175,-85.47396,72,2.4657
"NR2",32.6172,-85.47424,73,2.4921
"NR2",32.61614,-85.47528,74,2.5872
"NR2",32.61614,-85.47575,75,2.6146
"NR2",32.61602,-85.47581,76,2.6236
"NR2",32.61578,-85.47585,77,2.6404
"NR2",32.61482,-85.47584,78,2.7068
"NR2",32.61404,-85.47583,79,2.7608
"NR2",32.61342,-85.47586,80,2.8037
"NR2",32.61307,-85.47586,81,2.8279
"NR2",32.61273,-85.47579,82,2.8518
"NR2",32.61256,-85.47571,83,2.8644
"NR2",32.612364379140494,-85.47557027081464,84,2.8802
"NR2",32.61221,-85.47546,85,2.8927
"NR2",32.61212,-85.47542,86,2.8993
"NR2",32.61185,-85.47537,87,2.9182
"NR2",32.61123,-85.47534,88,2.9611
"NR2",32.61059,-85.47529,89,3.0055
"NR2",32.60986,-85.47524,90,3.0561
"NR2",32.60905,-85.4752,91,3.1122
"NR2",32.60906,-85.47587,92,3.1512
"NR2",32.60906,-85.47639,93,3.1815
"NR2",32.60907,-85.47692,94,3.2124
"NR2",32.60907,-85.47746,95,3.2438
"NR2",32.60908,-85.47803,96,3.2771
"NR2",32.60908,-85.47867,97,3.3144
"NR2",32.60909,-85.47957,98,3.3668
"NR2",32.60909,-85.48046,99,3.4187
"NR2",32.60909,-85.48136,100,3.4711
"NR2",32.60908,-85.48181,101,3.4973
"NR2",32.60908,-85.48225,102,3.5230
"NR2",32.60907,-85.48268,103,3.5480
"NR2",32.60907,-85.48312,104,3.5737
"NR2",32.60906,-85.48356,105,3.5993
"NR2",32.60906,-85.484,106,3.6250
"NR2",32.60905,-85.48443,107,3.6500
"NR2",32.60904,-85.48487,108,3.6757
"NR2",32.60903,-85.48532,109,3.7019
"NR2",32.60903,-85.48571,110,3.7246
"NR2",32.60902,-85.48608,111,3.7462
"NR2",32.60902,-85.48654,112,3.7730
"NR2",32.60902,-85.48699,113,3.7992
"NR2",32.60901,-85.48745,114,3.8260
"NR2",32.60901,-85.48791,115,3.8528
"NR2",32.60902,-85.48837,116,3.8796
"NR2",32.60902,-85.48884,117,3.9070
"NR2",32.60903,-85.48931,118,3.9344
"NR2",32.60905,-85.48978,119,3.9618
"NR2",32.60906,-85.49024,120,3.9887
"NR2",32.60858,-85.49027,121,4.0219
"NR2",32.60845,-85.49027,122,4.0309
"NR2",32.60808,-85.49031,123,4.0566
"NR2",32.60759,-85.49036,124,4.0906
"NR2",32.60708,-85.49039,125,4.1259
"NR2",32.60658,-85.49039,126,4.1605
"NR2",32.60646,-85.49039,127,4.1688
"NR2",32.60636,-85.49037,128,4.1758
"NR2",32.60619,-85.49037,129,4.1876
"NR2",32.6058,-85.49037,130,4.2146
"NR2",32.60537,-85.49042,131,4.2445
"NR2",32.605098724365234,-85.49042,132,4.2632
"NR2",32.60275,-85.49042,133,4.4257
"NR2",32.60173,-85.49048,134,4.4963
"NR2",32.60105,-85.49047,135,4.5434
"NR2",32.60099,-85.48986,136,4.5791
"NR2",32.60099,-85.48931,137,4.6112
"NR2",32.60103,-85.48875,138,4.6439
"NR2",32.60113,-85.48841,139,4.6649
"NR2",32.60132,-85.48811,140,4.6868
"NR2",32.60157,-85.4879,141,4.7080
"NR2",32.60184,-85.48774,142,4.7289
"NR3",32.60186,-85.48773,1,0.0000
"NR3",32.60202,-85.48766,2,0.0118
"NR3",32.60229,-85.4876,3,0.0308
"NR3",32.6026,-85.48759,4,0.0522
"NR3",32.60284,-85.48765,5,0.0692
"NR3",32.60293,-85.4877,6,0.0761
"NR3",32.60301,-85.48775,7,0.0823
"NR3",32.60323,-85.48794,8,0.1012
"NR3",32.6033,-85.48802,9,0.1079
"NR3",32.60352,-85.48843,10,0.1362
"NR3",32.60357,-85.48854,11,0.1435
"NR3",32.6036,-85.48867,12,0.1513
"NR3",32.60362,-85.48891,13,0.1654
"NR3",32.60359,-85.48918,14,0.1813
"NR3",32.60354,-85.48936,15,0.1923
"NR3",32.60327,-85.48992,16,0.2299
"NR3",32.6032,-85.49012,17,0.2425
"NR3",32.60317,-85.49042,18,0.2601
"NR3",32.60403,-85.49041,19,0.3196
"NR3",32.60508596871305,-85.49041858511148,20,0.3927
"NR3",32.60526,-85.49042,21,0.4047
"NR3",32.6058,-85.49037,22,0.4422
"NR3",32.60636,-85.49037,23,0.4809
"NR3",32.60646,-85.49039,24,0.4879
"NR3",32.60719,-85.49039,25,0.5384
"NR3",32.60755,-85.49037,26,0.5633
"NR3",32.60845,-85.49027,27,0.6259
"NR3",32.60862,-85.49027,28,0.6376
"NR3",32.60906,-85.4903,29,0.6681
"NR3",32.60903,-85.48919,30,0.7328
"NR3",32.60902,-85.48834,31,0.7824
"NR3",32.60901,-85.48748,32,0.8325
"NR3",32.60903,-85.48708,33,0.8558
"NR3",32.60903,-85.4853,34,0.9595
"NR3",32.60907,-85.48307,35,1.0895
"NR3",32.60909,-85.48061,36,1.2328
"NR3",32.6091,-85.4799,37,1.2742
"NR3",32.60908,-85.47888,38,1.3337
"NR3",32.60907,-85.47681,39,1.4543
"NR3",32.60905,-85.4752,40,1.5481
"NR3",32.61002,-85.47524,41,1.6152
"NR3",32.61038,-85.47528,42,1.6402
"NR3",32.61185,-85.47537,43,1.7421
"NR3",32.61197,-85.47539,44,1.7504
"NR3",32.61208,-85.4754,45,1.7581
"NR3",32.61221,-85.47546,46,1.7677
"NR3",32.61246,-85.47565,47,1.7883
"NR3",32.61272,-85.47578,48,1.8078
"NR3",32.613,-85.47585,49,1.8276
"NR3",32.61323,-85.47586,50,1.8435
"NR3",32.61404,-85.47583,51,1.8995
"NR3",32.61431846755019,-85.47583260250047,52,1.9188
"NR3",32.61511,-85.47584,53,1.9736
"NR3",32.61578,-85.47585,54,2.0199
"NR3",32.61602,-85.47581,55,2.0367
"NR3",32.6163,-85.47563,56,2.0587
"NR3",32.61658,-85.47545,57,2.0807
"NR3",32.61702,-85.47525,58,2.1133
"NR3",32.61738,-85.47516,59,2.1388
"NR3",32.61756,-85.47522,60,2.1517
"NR3",32.61848,-85.47576,61,2.2227
"NR3",32.61865,-85.47548,62,2.2428
"NR3",32.61885,-85.47503,63,2.2724
"NR3",32.61894,-85.47479,64,2.2877
"NR3",32.61897,-85.4746,65,2.2990
"NR3",32.61896,-85.47436,66,2.3130
"NR3",32.61887,-85.47395,67,2.3377
"NR3",32.61886,-85.47361,68,2.3575
"NR3",32.61851,-85.47343,69,2.3839
"NR3",32.61836,-85.47333,70,2.3958
"NR3",32.61826,-85.47342,71,2.4045
"NR3",32.6175,-85.47396,72,2.4657
"NR3",32.6172,-85.47424,73,2.4921
"NR3",32.61614,-85.47528,74,2.5872
"NR3",32.61614,-85.47575,75,2.6146
"NR3",32.61602,-85.47581,76,2.6236
"NR3",32.61578,-85.47585,77,2.6404
"NR3",32.61482,-85.47584,78,2.7068
"NR3",32.61404,-85.47583,79,2.7608
"NR3",32.61342,-85.47586,80,2.8037
"NR3",32.61307,-85.47586,81,2.8279
"NR3",32.61273,-85.47579,82,2.8518
"NR3",32.61256,-85.47571,83,2.8644
"NR3",32.612364379140494,-85.47557027081464,84,2.8802
"NR3",32.61221,-85.47546,85,2.8927
"NR3",32.61212,-85.47542,86,2.8993
"NR3",32.61185,-85.47537,87,2.9182
"NR3",32.61123,-85.47534,88,2.9611
"NR3",32.61059,-85.47529,89,3.0055
"NR3",32.60986,-85.47524,90,3.0561
"NR3",32.60905,-85.4752,91,3.1122
"NR3",32.60906,-85.47587,92,3.1512
"NR3",32.60906,-85.47639,93,3.1815
"NR3",32.60907,-85.47692,94,3.2124
"NR3",32.60907,-85.47746,95,3.2438
"NR3",32.60908,-85.47803,96,3.2771
"NR3",32.60908,-85.47867,97,3.3144
"NR3",32.60909,-85.47957,98,3.3668
"NR3",32.60909,-85.48046,99,3.4187
"NR3",32.60909,-85.48136,100,3.4711
"NR3",32.60908,-85.48181,101,3.4973
"NR3",32.60908,-85.48225,102,3.5230
"NR3",32.60907,-85.48268,103,3.5480
"NR3",32.60907,-85.48312,104,3.5737
"NR3",32.60906,-85.48356,105,3.5993
"NR3",32.60906,-85.484,106,3.6250
"NR3",32.60905,-85.48443,107,3.6500
"NR3",32.60904,-85.48487,108,3.6757
"NR3",32.60903,-85.48532,109,3.7019
"NR3",32.60903,-85.48571,110,3.7246
"NR3",32.60902,-85.48608,111,3.7462
"NR3",32.60902,-85.48654,112,3.7730
"NR3",32.60902,-85.48699,113,3.7992
"NR3",32.60901,-85.48745,114,3.8260
"NR3",32.60901,-85.48791,115,3.8528
"NR3",32.60902,-85.48837,116,3.8796
"NR3",32.60902,-85.48884,117,3.9070
"NR3",32.60903,-85.48931,118,3.9344
"NR3",32.60905,-85.48978,119,3.9618
"NR3",32.60906,-85.49024,120,3.9887
"NR3",32.60858,-85.49027,121,4.0219
"NR3",32.60845,-85.49027,122,4.0309
"NR3",32.60808,-85.49031,123,4.0566
"NR3",32.60759,-85.49036,124,4.0906
"NR3",32.60708,-85.49039,125,4.1259
"NR3",32.60658,-85.49039,126,4.1605
"NR3",32.60646,-85.49039,127,4.1688
"NR3",32.60636,-85.49037,128,4.1758
"NR3",32.60619,-85.49037,129,4.1876
"NR3",32.6058,-85.49037,130,4.2146
"NR3",32.60537,-85.49042,131,4.2445
"NR3",32.60509603927241,-85.49042507334681,132,4.2634
"NR3",32.60483,-85.49043,133,4.2818
"NR3",32.60451,-85.49041,134,4.3040
"NR3",32.60317,-85.49042,135,4.3967
"NR3",32.60197,-85.49046,136,4.4797
"NR3",32.60145,-85.49047,137,4.5157
"NR3",32.60105,-85.49046,138,4.5434
"NR3",32.60098,-85.4894,139,4.6053
"NR3",32.60101,-85.48896,140,4.6310
"NR3",32.60104,-85.48876,141,4.6429
"NR3",32.60106,-85.48864,142,4.6500
"NR3",32.60112,-85.48844,143,4.6624
"NR3",32.60126,-85.4882,144,4.6794
"NR3",32.60146,-85.48799,145,4.6979
"NR3",32.60161,-85.48787,146,4.7104
"NR3",32.60186,-85.48773,147,4.7295
"ORW2",32.60241,-85.48759,1,0.0000
"ORW2",32.60271,-85.4876,2,0.0208
"ORW2",32.60293,-85.4877,3,0.0371
"ORW2",32.60322,-85.48793,4,0.0612
"ORW2",32.60338,-85.48814,5,0.0777
"ORW2",32.60351,-85.48841,6,0.0958
"ORW2",32.60359,-85.48869,7,0.1130
"ORW2",32.60361,-85.48884,8,0.1219
"ORW2",32.60361,-85.489,9,0.1312
"ORW2",32.60357,-85.48922,10,0.1443
"ORW2",32.6035,-85.48945,11,0.1586
"ORW2",32.60322,-85.49,12,0.1960
"ORW2",32.60318,-85.49018,13,0.2069
"ORW2",32.60318,-85.4904,14,0.2197
"ORW2",32.6051,-85.49042,15,0.3525
"ORW2",32.60543,-85.49041,16,0.3753
"ORW2",32.60572,-85.49038,17,0.3955
"ORW2",32.60636,-85.49038,18,0.4397
"ORW2",32.60635,-85.49219,19,0.5452
"ORW2",32.60636,-85.49327,20,0.6081
"ORW2",32.60635,-85.49353,21,0.6233
"ORW2",32.60632,-85.49369,22,0.6329
"ORW2",32.60623,-85.49403,23,0.6536
"ORW2",32.60608,-85.4944,24,0.6775
"ORW2",32.60594,-85.49463,25,0.6941
"ORW2",32.6058,-85.49481,26,0.7084
"ORW2",32.60569,-85.49492,27,0.7183
"ORW2",32.60554,-85.49505,28,0.7311
"ORW2",32.60539,-85.49516,29,0.7433
"ORW2",32.60502,-85.49539,30,0.7722
"ORW2",32.60476,-85.49549,31,0.7911
"ORW2",32.60455,-85.49553,32,0.8059
"ORW2",32.60433,-85.49553,33,0.8211
"ORW2",32.60409,-85.49551,34,0.8377
"ORW2",32.60405,-85.49584,35,0.8571
"ORW2",32.60402,-85.49634,36,0.8863
"ORW2",32.60402,-85.49653,37,0.8974
"ORW2",32.604,-85.49668,38,0.9063
"ORW2",32.60397,-85.49895,39,1.0386
"ORW2",32.603,-85.4989,40,1.1057
"ORW2",32.60298,-85.50082,41,1.2176
"ORW2",32.60482682595838,-85.50086617064896,42,1.3454
"ORW2",32.60498,-85.50087,43,1.3560
"ORW2",32.60548,-85.50092,44,1.3907
"ORW2",32.60602882978399,-85.50092857546537,45,1.4287
"ORW2",32.60612,-85.50093,46,1.4350
"ORW2",32.6062,-85.49992,47,1.4941
"ORW2",32.60623714158692,-85.49915488330956,48,1.5387
"ORW2",32.6063,-85.49786,49,1.6143
"ORW2",32.60632097674255,-85.49657517451864,50,1.6892
"ORW2",32.60634,-85.49541,51,1.7571
"ORW2",32.60632484604478,-85.49487203458958,52,1.7885
"ORW2",32.60632,-85.4947,53,1.7985
"ORW2",32.60627,-85.49456,54,1.8073
"ORW2",32.60617,-85.49446,55,1.8164
"ORW2",32.60608,-85.4944,56,1.8235
"ORW2",32.60594,-85.49463,57,1.8401
"ORW2",32.6058,-85.49481,58,1.8543
"ORW2",32.60569,-85.49492,59,1.8643
"ORW2",32.60554,-85.49505,60,1.8771
"ORW2",32.60531,-85.49522,61,1.8959
"ORW2",32.60507,-85.49536,62,1.9144
"ORW2",32.60494,-85.49508,63,1.9330
"ORW2",32.60488,-85.49486,64,1.9465
"ORW2",32.60488,-85.49401,65,1.9960
"ORW2",32.60478,-85.49397,66,2.0033
"ORW2",32.60473,-85.49373,67,2.0177
"ORW2",32.6048,-85.4936,68,2.0267
"ORW2",32.60488,-85.49193,69,2.1242
"ORW2",32.60481,-85.49135,70,2.1583
"ORW2",32.60481,-85.49042,71,2.2125
"ORW2",32.60401,-85.4904,72,2.2678
"ORW2",32.60318,-85.4904,73,2.3253
"ORW2",32.60246,-85.49043,74,2.3751
"ORW2",32.60105,-85.49046,75,2.4726
"ORW2",32.60097,-85.48939,76,2.5352
"ORW2",32.60104,-85.48867,77,2.5775
"ORW2",32.6011,-85.48845,78,2.5909
"ORW2",32.60121,-85.48823,79,2.6059
"ORW2",32.60136,-85.48805,80,2.6206
"ORW2",32.60178,-85.48776,81,2.6542
"ORW2",32.60201,-85.48766,82,2.6712
"ORW2",32.60239,-85.48758,83,2.6979
"PR1",32.60242,-85.48759,1,0.0000
"PR1",32.6026,-85.48759,2,0.0125
"PR1",32.60284,-85.48765,3,0.0294
"PR1",32.60301,-85.48775,4,0.0425
"PR1",32.60323,-85.48794,5,0.0614
"PR1",32.60337,-85.48814,6,0.0765
"PR1",32.60347,-85.48832,7,0.0891
"PR1",32.60357,-85.48854,8,0.1036
"PR1",32.60361,-85.48876,9,0.1168
"PR1",32.60361,-85.48904,10,0.1331
"PR1",32.60354,-85.48936,11,0.1523
"PR1",32.60328,-85.48988,12,0.1876
"PR1",32.60322,-85.49004,13,0.1978
"PR1",32.60319,-85.49017,14,0.2056
"PR1",32.60317,-85.49042,15,0.2203
"PR1",32.60208,-85.49046,16,0.2957
"PR1",32.60145,-85.49047,17,0.3393
"PR1",32.60067,-85.49046,18,0.3932
"PR1",32.59926,-85.49044,19,0.4908
"PR1",32.599043955699806,-85.49043693554185,20,0.5057
"PR1",32.59785,-85.49042,21,0.5883
"PR1",32.59742,-85.49038,22,0.6181
"PR1",32.59723,-85.49169,23,0.6956
"PR1",32.59718,-85.49219,24,0.7250
"PR1",32.59718,-85.4926,25,0.7488
"PR1",32.59719,-85.49294,26,0.7687
"PR1",32.59725,-85.49335,27,0.7929
"PR1",32.59728,-85.49355,28,0.8048
"PR1",32.59744,-85.49419,29,0.8437
"PR1",32.59767,-85.49479,30,0.8821
"PR1",32.59779,-85.49503,31,0.8983
"PR1",32.5977,-85.49508,32,0.9052
"PR1",32.59738,-85.49524,33,0.9292
"PR1",32.59729,-85.49534,34,0.9378
"PR1",32.59722,-85.49549,35,0.9478
"PR1",32.5972,-85.49686,36,1.0276
"PR1",32.5972,-85.49758,37,1.0696
"PR1",32.59718,-85.49769,38,1.0761
"PR1",32.59714,-85.4978,39,1.0831
"PR1",32.59695,-85.49794,40,1.0986
"PR1",32.59675,-85.49796,41,1.1124
"PR1",32.59565175557077,-85.49793489727018,42,1.1884
"PR1",32.595,-85.49792,43,1.2335
"PR1",32.59407,-85.49791,44,1.2979
"PR1",32.59384,-85.49793,45,1.3138
"PR1",32.5937,-85.49798,46,1.3239
"PR1",32.59347,-85.49809,47,1.3411
"PR1",32.59328,-85.49821,48,1.3560
"PR1",32.59345,-85.4985,49,1.3765
"PR1",32.59356,-85.49867,50,1.3890
"PR1",32.59366,-85.49878,51,1.3985
"PR1",32.59387,-85.49899,52,1.4175
"PR1",32.59409,-85.49913,53,1.4347
"PR1",32.59428,-85.49923,54,1.4491
"PR1",32.59441,-85.49927,55,1.4584
"PR1",32.59471,-85.49931,56,1.4793
"PR1",32.59493962799376,-85.49933018707637,57,1.4952
"PR1",32.59562,-85.49939,58,1.5424
"PR1",32.59574,-85.49942,59,1.5509
"PR1",32.59601,-85.49957,60,1.5715
"PR1",32.59617,-85.49974,61,1.5863
"PR1",32.59645,-85.5001,62,1.6149
"PR1",32.59715,-85.49929,63,1.6825
"PR1",32.59732,-85.49909,64,1.6991
"PR1",32.59809,-85.49829,65,1.7699
"PR1",32.59881,-85.4976,66,1.8339
"PR1",32.60053,-85.49611,67,1.9812
"PR1",32.6008,-85.49654,68,2.0124
"PR1",32.60096,-85.49673,69,2.0281
"PR1",32.60108,-85.49685,70,2.0389
"PR1",32.60121,-85.49694,71,2.0493
"PR1",32.60197,-85.49732,72,2.1064
"PR1",32.60219,-85.49739,73,2.1221
"PR1",32.6024,-85.49744,74,2.1369
"PR1",32.60259,-85.49745,75,2.1501
"PR1",32.60269,-85.49744,76,2.1570
"PR1",32.60294,-85.49735,77,2.1751
"PR1",32.6031,-85.49725,78,2.1876
"PR1",32.60316,-85.49714,79,2.1953
"PR1",32.60307,-85.49693,80,2.2090
"PR1",32.60306,-85.49672,81,2.2212
"PR1",32.60302,-85.49658,82,2.2299
"PR1",32.60307,-85.49649,83,2.2361
"PR1",32.60309,-85.49564,84,2.2857
"PR1",32.60311,-85.49553,85,2.2922
"PR1",32.60329,-85.49517,86,2.3166
"PR1",32.60283,-85.4948,87,2.3551
"PR1",32.60265,-85.49473,88,2.3682
"PR1",32.60237,-85.49469,89,2.3877
"PR1",32.60239,-85.49435,90,2.4075
"PR1",32.60232,-85.49397,91,2.4302
"PR1",32.60178,-85.49294,92,2.5009
"PR1",32.60151,-85.49236,93,2.5395
"PR1",32.60137,-85.4919,94,2.5680
"PR1",32.60124,-85.49143,95,2.5968
"PR1",32.60111,-85.49086,96,2.6313
"PR1",32.60105,-85.49046,97,2.6549
"PR1",32.60103,-85.4902,98,2.6701
"PR1",32.60098,-85.4894,99,2.7169
"PR1",32.601,-85.48906,100,2.7367
"PR1",32.60104,-85.48876,101,2.7544
"PR1",32.60106,-85.48864,102,2.7616
"PR1",32.60109,-85.48852,103,2.7689
"PR1",32.60116,-85.48836,104,2.7794
"PR1",32.60126,-85.4882,105,2.7910
"PR1",32.60146,-85.48799,106,2.8095
"PR1",32.60161,-85.48788,107,2.8217
"PR1",32.60192,-85.4877,108,2.8455
"PR1",32.60202,-85.48766,109,2.8528
"PR1",32.60224,-85.48761,110,2.8683
"PR1",32.60241,-85.4876,111,2.8801
"PR2",32.60241,-85.48759,1,0.0000
"PR2",32.6026,-85.48759,2,0.0131
"PR2",32.60284,-85.48765,3,0.0301
"PR2",32.60301,-85.48775,4,0.0432
"PR2",32.60323,-85.48794,5,0.0621
"PR2",32.60337,-85.48814,6,0.0772
"PR2",32.60347,-85.48832,7,0.0898
"PR2",32.60357,-85.48854,8,0.1043
"PR2",32.60361,-85.48876,9,0.1174
"PR2",32.60361,-85.48904,10,0.1338
"PR2",32.60354,-85.48936,11,0.1530
"PR2",32.60328,-85.48988,12,0.1883
"PR2",32.60322,-85.49004,13,0.1985
"PR2",32.60319,-85.49017,14,0.2063
"PR2",32.60317,-85.49042,15,0.2210
"PR2",32.60208,-85.49046,16,0.2964
"PR2",32.60145,-85.49047,17,0.3400
"PR2",32.60067,-85.49046,18,0.3939
"PR2",32.59926,-85.49044,19,0.4915
"PR2",32.599043955699806,-85.49043693554185,20,0.5064
"PR2",32.59785,-85.49042,21,0.5890
"PR2",32.59742,-85.49038,22,0.6188
"PR2",32.59723,-85.49169,23,0.6963
"PR2",32.59718,-85.49219,24,0.7256
"PR2",32.59718,-85.4926,25,0.7495
"PR2",32.59719,-85.49294,26,0.7694
"PR2",32.59725,-85.49335,27,0.7936
"PR2",32.59728,-85.49355,28,0.8054
"PR2",32.59744,-85.49419,29,0.8444
"PR2",32.59767,-85.49479,30,0.8828
"PR2",32.59779,-85.49503,31,0.8990
"PR2",32.5977,-85.49508,32,0.9059
"PR2",32.59738,-85.49524,33,0.9299
"PR2",32.59729,-85.49534,34,0.9384
"PR2",32.59722,-85.49549,35,0.9484
"PR2",32.5972,-85.49686,36,1.0283
"PR2",32.5972,-85.49758,37,1.0702
"PR2",32.59718,-85.49769,38,1.0768
"PR2",32.59714,-85.4978,39,1.0838
"PR2",32.59695,-85.49794,40,1.0993
"PR2",32.59675,-85.49796,41,1.1131
"PR2",32.59565175557077,-85.49793489727018,42,1.1891
"PR2",32.595,-85.49792,43,1.2342
"PR2",32.59407,-85.49791,44,1.2985
"PR2",32.59384,-85.49793,45,1.3145
"PR2",32.5937,-85.49798,46,1.3246
"PR2",32.59347,-85.49809,47,1.3418
"PR2",32.59328,-85.49821,48,1.3566
"PR2",32.59345,-85.4985,49,1.3772
"PR2",32.59356,-85.49867,50,1.3897
"PR2",32.59366,-85.49878,51,1.3992
"PR2",32.59387,-85.49899,52,1.4182
"PR2",32.59409,-85.49913,53,1.4354
"PR2",32.59428,-85.49923,54,1.4498
"PR2",32.59441,-85.49927,55,1.4591
"PR2",32.59471,-85.49931,56,1.4800
"PR2",32.59493962799376,-85.49933018707637,57,1.4959
"PR2",32.59562,-85.49939,58,1.5431
"PR2",32.59574,-85.49942,59,1.5516
"PR2",32.59601,-85.49957,60,1.5722
"PR2",32.59617,-85.49974,61,1.5870
"PR2",32.59645,-85.5001,62,1.6156
"PR2",32.59715,-85.49929,63,1.6832
"PR2",32.59732,-85.49909,64,1.6998
"PR2",32.59809,-85.49829,65,1.7706
"PR2",32.59881,-85.4976,66,1.8346
"PR2",32.60053,-85.49611,67,1.9818
"PR2",32.6008,-85.49654,68,2.0131
"PR2",32.60096,-85.49673,69,2.0288
"PR2",32.60108,-85.49685,70,2.0396
"PR2",32.60121,-85.49694,71,2.0500
"PR2",32.60197,-85.49732,72,2.1071
"PR2",32.60219,-85.49739,73,2.1228
"PR2",32.6024,-85.49744,74,2.1376
"PR2",32.60259,-85.49745,75,2.1508
"PR2",32.60269,-85.49744,76,2.1577
"PR2",32.60294,-85.49735,77,2.1758
"PR2",32.6031,-85.49725,78,2.1883
"PR2",32.60316,-85.49714,79,2.1959
"PR2",32.60307,-85.49693,80,2.2097
"PR2",32.60306,-85.49672,81,2.2219
"PR2",32.60302,-85.49658,82,2.2305
"PR2",32.60307,-85.49649,83,2.2368
"PR2",32.60309,-85.49564,84,2.2864
"PR2",32.60311,-85.49553,85,2.2929
"PR2",32.60329,-85.49517,86,2.3173
"PR2",32.60283,-85.4948,87,2.3558
"PR2",32.60265,-85.49473,88,2.3689
"PR2",32.60237,-85.49469,89,2.3884
"PR2",32.60239,-85.49435,90,2.4082
"PR2",32.60232,-85.49397,91,2.4309
"PR2",32.60178,-85.49294,92,2.5016
"PR2",32.60151,-85.49236,93,2.5402
"PR2",32.60137,-85.4919,94,2.5687
"PR2",32.60124,-85.49143,95,2.5975
"PR2",32.60111,-85.49086,96,2.6319
"PR2",32.60105,-85.49046,97,2.6556
"PR2",32.60103,-85.4902,98,2.6708
"PR2",32.60098,-85.4894,99,2.7176
"PR2",32.60101,-85.48896,100,2.7433
"PR2",32.60106,-85.48864,101,2.7623
"PR2",32.60116,-85.48836,102,2.7800
"PR2",32.60126,-85.4882,103,2.7916
"PR2",32.60134,-85.4881,104,2.7996
"PR2",32.60161,-85.48787,105,2.8226
"PR2",32.60184,-85.48774,106,2.8402
"PR2",32.60198,-85.48767,107,2.8508
"PR2",32.60218,-85.48762,108,2.8649
"PR2",32.60239,-85.4876,109,2.8795
"SSJ1",32.60185,-85.48774,1,0.0000
"SSJ1",32.60197,-85.48767,2,0.0092
"SSJ1",32.60221,-85.48762,3,0.0261
"SSJ1",32.60252,-85.48759,4,0.0476
"SSJ1",32.60267,-85.4876,5,0.0580
"SSJ1",32.60284,-85.48765,6,0.0701
"SSJ1",32.60301,-85.48775,7,0.0832
"SSJ1",32.60323,-85.48794,8,0.1021
"SSJ1",32.6033,-85.48802,9,0.1088
"SSJ1",32.60347,-85.48832,10,0.1299
"SSJ1",32.60357,-85.48854,11,0.1444
"SSJ1",32.60362,-85.48891,12,0.1663
"SSJ1",32.60359,-85.48918,13,0.1821
"SSJ1",32.60354,-85.48936,14,0.1932
"SSJ1",32.60328,-85.48988,15,0.2284
"SSJ1",32.60321,-85.4901,16,0.2421
"SSJ1",32.60317,-85.49042,17,0.2610
"SSJ1",32.60187,-85.49046,18,0.3509
"SSJ1",32.60067,-85.49046,19,0.4339
"SSJ1",32.5990439556998,-85.49043693554184,20,0.5464
"SSJ1",32.59785,-85.49042,21,0.6290
"SSJ1",32.59742,-85.49038,22,0.6588
"SSJ1",32.59728,-85.49128,23,0.7122
"SSJ1",32.59718,-85.49219,24,0.7656
"SSJ1",32.59718,-85.4926,25,0.7895
"SSJ1",32.59719,-85.49294,26,0.8094
"SSJ1",32.59723,-85.49323,27,0.8265
"SSJ1",32.59732,-85.49374,28,0.8569
"SSJ1",32.59744,-85.49419,29,0.8844
"SSJ1",32.59754,-85.49446,30,0.9015
"SSJ1",32.59767,-85.49479,31,0.9228
"SSJ1",32.59789,-85.49523,32,0.9526
"SSJ1",32.59811,-85.49564,33,0.9809
"SSJ1",32.59875,-85.49662,34,1.0532
"SSJ1",32.59917,-85.49728,35,1.1014
"SSJ1",32.59881,-85.4976,36,1.1325
"SSJ1",32.59833,-85.49806,37,1.1752
"SSJ1",32.59761,-85.49879,38,1.2407
"SSJ1",32.59732,-85.49909,39,1.2673
"SSJ1",32.59707,-85.49938,40,1.2914
"SSJ1",32.59682038552922,-85.49967470611712,41,1.3158
"SSJ1",32.59552,-85.50121,42,1.4427
"SSJ1",32.59378,-85.50325,43,1.6118
"SSJ1",32.59354,-85.50356,44,1.6364
"SSJ1",32.59327,-85.50396,45,1.6662
"SSJ1",32.59287,-85.5047,46,1.7175
"SSJ1",32.59245,-85.50557,47,1.7759
"SSJ1",32.59252,-85.50595,48,1.7986
"SSJ1",32.59259,-85.50612,49,1.8096
"SSJ1",32.59275,-85.50632,50,1.8257
"SSJ1",32.59294,-85.50643,51,1.8403
"SSJ1",32.59355,-85.50678,52,1.8872
"SSJ1",32.59424,-85.50708,53,1.9380
"SSJ1",32.59475,-85.50727,54,1.9750
"SSJ1",32.59531,-85.50745,55,2.0151
"SSJ1",32.59567,-85.50753,56,2.0404
"SSJ1",32.59568,-85.50728,57,2.0550
"SSJ1",32.5956,-85.50692,58,2.0767
"SSJ1",32.59556,-85.50673,59,2.0881
"SSJ1",32.595473549215896,-85.50643424731754,60,2.1064
"SSJ1",32.59537,-85.50608,61,2.1282
"SSJ1",32.59527,-85.506,62,2.1366
"SSJ1",32.59518,-85.506,63,2.1428
"SSJ1",32.59509,-85.50607,64,2.1502
"SSJ1",32.59491,-85.5063,65,2.1685
"SSJ1",32.59486,-85.50645,66,2.1779
"SSJ1",32.59477,-85.50692,67,2.2060
"SSJ1",32.5947,-85.50725,68,2.2259
"SSJ1",32.59531,-85.50745,69,2.2696
"SSJ1",32.59596,-85.50759,70,2.3153
"SSJ1",32.59643,-85.50767,71,2.3482
"SSJ1",32.59681,-85.50771,72,2.3746
"SSJ1",32.59744,-85.50774,73,2.4182
"SSJ1",32.59836,-85.50777,74,2.4818
"SSJ1",32.59961,-85.50777,75,2.5683
"SSJ1",32.60052,-85.5078,76,2.6313
"SSJ1",32.60073,-85.50764,77,2.6485
"SSJ1",32.6009,-85.5074,78,2.6668
"SSJ1",32.60089,-85.50699,79,2.6907
"SSJ1",32.60085,-85.50574,80,2.7636
"SSJ1",32.60081,-85.50449,81,2.8365
"SSJ1",32.60075,-85.50324,82,2.9094
"SSJ1",32.60073,-85.50266,83,2.9433
"SSJ1",32.60063,-85.50251,84,2.9544
"SSJ1",32.60051,-85.50237,85,2.9661
"SSJ1",32.60032,-85.50224,86,2.9812
"SSJ1",32.59958,-85.50228,87,3.0325
"SSJ1",32.59937,-85.50227,88,3.0470
"SSJ1",32.59916,-85.50225,89,3.0616
"SSJ1",32.59898,-85.50221,90,3.0742
"SSJ1",32.5988,-85.50216,91,3.0870
"SSJ1",32.59859,-85.50209,92,3.1021
"SSJ1",32.59854,-85.50218,93,3.1084
"SSJ1",32.59848,-85.5024,94,3.1219
"SSJ1",32.5984,-85.50284,95,3.1481
"SSJ1",32.59838,-85.50326,96,3.1726
"SSJ1",32.59839,-85.50351,97,3.1872
"SSJ1",32.59887,-85.50348,98,3.2204
"SSJ1",32.59983,-85.50343,99,3.2869
"SSJ1",32.5999,-85.50366,100,3.3012
"SSJ1",32.60002,-85.50363,101,3.3096
"SSJ1",32.60036,-85.50342,102,3.3362
"SSJ1",32.60057,-85.5034,103,3.3507
"SSJ1",32.60076,-85.50339,104,3.3639
"SSJ1",32.60074,-85.50285,105,3.3954
"SSJ1",32.60073,-85.50266,106,3.4065
"SSJ1",32.60065,-85.50253,107,3.4159
"SSJ1",32.60051,-85.50237,108,3.4293
"SSJ1",32.6004,-85.50229,109,3.4382
"SSJ1",32.60032,-85.50224,110,3.4445
"SSJ1",32.60007,-85.50226,111,3.4618
"SSJ1",32.59973,-85.50228,112,3.4854
"SSJ1",32.59936,-85.50227,113,3.5110
"SSJ1",32.59899,-85.50221,114,3.5368
"SSJ1",32.5988,-85.50216,115,3.5503
"SSJ1",32.59852,-85.50206,116,3.5705
"SSJ1",32.59837,-85.502,117,3.5814
"SSJ1",32.59817,-85.50187,118,3.5972
"SSJ1",32.59796,-85.5017,119,3.6148
"SSJ1",32.59773,-85.50148,120,3.6352
"SSJ1",32.5975,-85.50126,121,3.6556
"SSJ1",32.59727,-85.50103,122,3.6764
"SSJ1",32.59686,-85.50058,123,3.7151
"SSJ1",32.59609,-85.49966,124,3.7906
"SSJ1",32.59592,-85.49951,125,3.8053
"SSJ1",32.59574,-85.49942,126,3.8188
"SSJ1",32.59556,-85.49937,127,3.8316
"SSJ1",32.59465,-85.4993,128,3.8947
"SSJ1",32.59441,-85.49927,129,3.9114
"SSJ1",32.59428,-85.49923,130,3.9207
"SSJ1",32.59409,-85.49913,131,3.9350
"SSJ1",32.59387,-85.49899,132,3.9523
"SSJ1",32.5937,-85.49883,133,3.9673
"SSJ1",32.59356,-85.49867,134,3.9807
"SSJ1",32.59348,-85.49854,135,3.9901
"SSJ1",32.59317,-85.49802,136,4.0273
"SSJ1",32.59308,-85.49786,137,4.0385
"SSJ1",32.59299,-85.4975,138,4.0603
"SSJ1",32.5929,-85.49654,139,4.1166
"SSJ1",32.59275,-85.49523,140,4.1937
"SSJ1",32.59265,-85.4942,141,4.2541
"SSJ1",32.59247,-85.49188,142,4.3899
"SSJ1",32.59233,-85.49031,143,4.4819
"SSJ1",32.59332,-85.49034,144,4.5504
"SSJ1",32.59411,-85.49032,145,4.6051
"SSJ1",32.59453,-85.4903,146,4.6341
"SSJ1",32.59548,-85.49021,147,4.7000
"SSJ1",32.59587,-85.4902,148,4.7270
"SSJ1",32.59653,-85.49023,149,4.7727
"SSJ1",32.59673,-85.49026,150,4.7867
"SSJ1",32.59742,-85.49038,151,4.8349
"SSJ1",32.59785,-85.49042,152,4.8647
"SSJ1",32.59988,-85.49045,153,5.0052
"SSJ1",32.60088,-85.49046,154,5.0743
"SSJ1",32.60105,-85.49045,155,5.0861
"SSJ1",32.60098,-85.4894,156,5.1475
"SSJ1",32.60101,-85.48896,157,5.1732
"SSJ1",32.60106,-85.48864,158,5.1922
"SSJ1",32.60109,-85.48852,159,5.1995
"SSJ1",32.60116,-85.48836,160,5.2100
"SSJ1",32.60126,-85.4882,161,5.2216
"SSJ1",32.60134,-85.4881,162,5.2296
"SSJ1",32.6016,-85.48786,163,5.2524
"SSJ1",32.60186,-85.48771,164,5.2724
"SSJ2",32.60186,-85.48773,1,0.0000
"SSJ2",32.60198,-85.48767,2,0.0090
"SSJ2",32.60221,-85.48762,3,0.0252
"SSJ2",32.60252,-85.48759,4,0.0467
"SSJ2",32.60267,-85.4876,5,0.0571
"SSJ2",32.60284,-85.48765,6,0.0692
"SSJ2",32.60301,-85.48775,7,0.0823
"SSJ2",32.60323,-85.48794,8,0.1011
"SSJ2",32.6033,-85.48802,9,0.1079
"SSJ2",32.60347,-85.48832,10,0.1289
"SSJ2",32.60357,-85.48854,11,0.1435
"SSJ2",32.60362,-85.48891,12,0.1653
"SSJ2",32.60359,-85.48918,13,0.1812
"SSJ2",32.60354,-85.48936,14,0.1922
"SSJ2",32.60328,-85.48988,15,0.2275
"SSJ2",32.60321,-85.4901,16,0.2412
"SSJ2",32.60317,-85.49042,17,0.2600
"SSJ2",32.60187,-85.49046,18,0.3500
"SSJ2",32.60067,-85.49046,19,0.4330
"SSJ2",32.5990439556998,-85.49043693554184,20,0.5455
"SSJ2",32.59785,-85.49042,21,0.6281
"SSJ2",32.59742,-85.49038,22,0.6579
"SSJ2",32.59728,-85.49128,23,0.7112
"SSJ2",32.59718,-85.49219,24,0.7647
"SSJ2",32.59718,-85.4926,25,0.7886
"SSJ2",32.59719,-85.49294,26,0.8084
"SSJ2",32.59723,-85.49323,27,0.8256
"SSJ2",32.59732,-85.49374,28,0.8559
"SSJ2",32.59744,-85.49419,29,0.8834
"SSJ2",32.59754,-85.49446,30,0.9006
"SSJ2",32.59767,-85.49479,31,0.9219
"SSJ2",32.59789,-85.49523,32,0.9517
"SSJ2",32.59811,-85.49564,33,0.9800
"SSJ2",32.59875,-85.49662,34,1.0523
"SSJ2",32.59917,-85.49728,35,1.1005
"SSJ2",32.59881,-85.4976,36,1.1316
"SSJ2",32.59833,-85.49806,37,1.1742
"SSJ2",32.59761,-85.49879,38,1.2397
"SSJ2",32.59732,-85.49909,39,1.2663
"SSJ2",32.59707,-85.49938,40,1.2905
"SSJ2",32.59682038552922,-85.49967470611712,41,1.3149
"SSJ2",32.59552,-85.50121,42,1.4417
"SSJ2",32.59378,-85.50325,43,1.6109
"SSJ2",32.59354,-85.50356,44,1.6354
"SSJ2",32.59327,-85.50396,45,1.6653
"SSJ2",32.59287,-85.5047,46,1.7166
"SSJ2",32.59245,-85.50557,47,1.7750
"SSJ2",32.59252,-85.50595,48,1.7977
"SSJ2",32.59259,-85.50612,49,1.8087
"SSJ2",32.59275,-85.50632,50,1.8248
"SSJ2",32.59294,-85.50643,51,1.8394
"SSJ2",32.59355,-85.50678,52,1.8862
"SSJ2",32.59424,-85.50708,53,1.9371
"SSJ2",32.59475,-85.50727,54,1.9741
"SSJ2",32.59531,-85.50745,55,2.0142
"SSJ2",32.59567,-85.50753,56,2.0395
"SSJ2",32.59568,-85.50728,57,2.0541
"SSJ2",32.5956,-85.50692,58,2.0758
"SSJ2",32.59556,-85.50673,59,2.0872
"SSJ2",32.595473549215896,-85.50643424731754,60,2.1055
"SSJ2",32.59537,-85.50608,61,2.1273
"SSJ2",32.59527,-85.506,62,2.1356
"SSJ2",32.59518,-85.506,63,2.1419
"SSJ2",32.59509,-85.50607,64,2.1493
"SSJ2",32.59491,-85.5063,65,2.1676
"SSJ2",32.59486,-85.50645,66,2.1770
"SSJ2",32.59477,-85.50692,67,2.2051
"SSJ2",32.5947,-85.50725,68,2.2249
"SSJ2",32.59531,-85.50745,69,2.2687
"SSJ2",32.59596,-85.50759,70,2.3144
"SSJ2",32.59643,-85.50767,71,2.3472
"SSJ2",32.59681,-85.50771,72,2.3736
"SSJ2",32.59744,-85.50774,73,2.4172
"SSJ2",32.59836,-85.50777,74,2.4809
"SSJ2",32.59961,-85.50777,75,2.5674
"SSJ2",32.60052,-85.5078,76,2.6303
"SSJ2",32.60073,-85.50764,77,2.6476
"SSJ2",32.6009,-85.5074,78,2.6659
"SSJ2",32.60089,-85.50699,79,2.6898
"SSJ2",32.60085,-85.50574,80,2.7627
"SSJ2",32.60081,-85.50449,81,2.8356
"SSJ2",32.60075,-85.50324,82,2.9085
"SSJ2",32.60073,-85.50266,83,2.9423
"SSJ2",32.60063,-85.50251,84,2.9535
"SSJ2",32.60051,-85.50237,85,2.9651
"SSJ2",32.60032,-85.50224,86,2.9803
"SSJ2",32.59958,-85.50228,87,3.0315
"SSJ2",32.59937,-85.50227,88,3.0461
"SSJ2",32.59916,-85.50225,89,3.0606
"SSJ2",32.59898,-85.50221,90,3.0733
"SSJ2",32.5988,-85.50216,91,3.0861
"SSJ2",32.59859,-85.50209,92,3.1012
"SSJ2",32.59854,-85.50218,93,3.1075
"SSJ2",32.59848,-85.5024,94,3.1209
"SSJ2",32.5984,-85.50284,95,3.1472
"SSJ2",32.59838,-85.50326,96,3.1717
"SSJ2",32.59839,-85.50351,97,3.1863
"SSJ2",32.59887,-85.50348,98,3.2195
"SSJ2",32.59983,-85.50343,99,3.2860
"SSJ2",32.5999,-85.50366,100,3.3002
"SSJ2",32.60002,-85.50363,101,3.3087
"SSJ2",32.60036,-85.50342,102,3.3352
"SSJ2",32.60057,-85.5034,103,3.3498
"SSJ2",32.60076,-85.50339,104,3.3630
"SSJ2",32.60074,-85.50285,105,3.3945
"SSJ2",32.60073,-85.50266,106,3.4056
"SSJ2",32.60065,-85.50253,107,3.4149
"SSJ2",32.60051,-85.50237,108,3.4284
"SSJ2",32.6004,-85.50229,109,3.4373
"SSJ2",32.60032,-85.50224,110,3.4436
"SSJ2",32.60007,-85.50226,111,3.4609
"SSJ2",32.59973,-85.50228,112,3.4844
"SSJ2",32.59936,-85.50227,113,3.5100
"SSJ2",32.59899,-85.50221,114,3.5359
"SSJ2",32.5988,-85.50216,115,3.5493
"SSJ2",32.59852,-85.50206,116,3.5696
"SSJ2",32.59837,-85.502,117,3.5805
"SSJ2",32.59817,-85.50187,118,3.5963
"SSJ2",32.59796,-85.5017,119,3.6139
"SSJ2",32.59773,-85.50148,120,3.6343
"SSJ2",32.5975,-85.50126,121,3.6547
"SSJ2",32.59727,-85.50103,122,3.6755
"SSJ2",32.59686,-85.50058,123,3.7141
"SSJ2",32.59609,-85.49966,124,3.7897
"SSJ2",32.59592,-85.49951,125,3.8044
"SSJ2",32.59574,-85.49942,126,3.8179
"SSJ2",32.59556,-85.49937,127,3.8307
"SSJ2",32.59465,-85.4993,128,3.8937
"SSJ2",32.59441,-85.49927,129,3.9104
"SSJ2",32.59428,-85.49923,130,3.9197
"SSJ2",32.59409,-85.49913,131,3.9341
"SSJ2",32.59387,-85.49899,132,3.9514
"SSJ2",32.5937,-85.49883,133,3.9664
"SSJ2",32.59356,-85.49867,134,3.9798
"SSJ2",32.59348,-85.49854,135,3.9892
"SSJ2",32.59317,-85.49802,136,4.0263
"SSJ2",32.59308,-85.49786,137,4.0375
"SSJ2",32.59299,-85.4975,138,4.0594
"SSJ2",32.5929,-85.49654,139,4.1157
"SSJ2",32.59275,-85.49523,140,4.1928
"SSJ2",32.59265,-85.4942,141,4.2532
"SSJ2",32.59247,-85.49188,142,4.3890
"SSJ2",32.59233,-85.49031,143,4.4810
"SSJ2",32.59332,-85.49034,144,4.5495
"SSJ2",32.59411,-85.49032,145,4.6041
"SSJ2",32.59453,-85.4903,146,4.6332
"SSJ2",32.59548,-85.49021,147,4.6991
"SSJ2",32.59587,-85.4902,148,4.7261
"SSJ2",32.59653,-85.49023,149,4.7718
"SSJ2",32.59673,-85.49026,150,4.7857
"SSJ2",32.59742,-85.49038,151,4.8340
"SSJ2",32.59785,-85.49042,152,4.8638
"SSJ2",32.59988,-85.49045,153,5.0042
"SSJ2",32.60088,-85.49046,154,5.0734
"SSJ2",32.60105,-85.49045,155,5.0852
"SSJ2",32.60098,-85.4894,156,5.1466
"SSJ2",32.60101,-85.48896,157,5.1723
"SSJ2",32.60106,-85.48864,158,5.1913
"SSJ2",32.60109,-85.48852,159,5.1985
"SSJ2",32.60116,-85.48836,160,5.2091
"SSJ2",32.60126,-85.4882,161,5.2207
"SSJ2",32.60134,-85.4881,162,5.2287
"SSJ2",32.60161,-85.48787,163,5.2517
"SSJ2",32.60186,-85.48773,164,5.2708
"SA2",32.60114,-85.48839,1,0.0000
"SA2",32.60126,-85.4882,2,0.0138
"SA2",32.60134,-85.4881,3,0.0219
"SA2",32.60161,-85.48787,4,0.0449
"SA2",32.60184,-85.48774,5,0.0625
"SA2",32.60202,-85.48766,6,0.0758
"SA2",32.60229,-85.4876,7,0.0948
"SA2",32.6026,-85.48759,8,0.1162
"SA2",32.60284,-85.48765,9,0.1332
"SA2",32.60301,-85.48775,10,0.1463
"SA2",32.60324,-85.48795,11,0.1660
"SA2",32.60347,-85.48832,12,0.1928
"SA2",32.60357,-85.48854,13,0.2074
"SA2",32.60362,-85.48891,14,0.2292
"SA2",32.60359,-85.48918,15,0.2451
"SA2",32.60354,-85.48936,16,0.2561
"SA2",32.60328,-85.4899,17,0.2924
"SA2",32.6032,-85.49012,18,0.3064
"SA2",32.60317,-85.49042,19,0.3240
"SA2",32.60145,-85.49047,20,0.4430
"SA2",32.60044,-85.49046,21,0.5128
"SA2",32.59904412922654,-85.49043885044283,22,0.6094
"SA2",32.5978,-85.49042,23,0.6955
"SA2",32.59742,-85.49038,24,0.7218
"SA2",32.59653,-85.49023,25,0.7840
"SA2",32.59587,-85.4902,26,0.8297
"SA2",32.59548,-85.49021,27,0.8567
"SA2",32.59512,-85.49024,28,0.8817
"SA2",32.59453,-85.4903,29,0.9226
"SA2",32.59359,-85.49034,30,0.9877
"SA2",32.59311,-85.49034,31,1.0209
"SA2",32.5923,-85.49031,32,1.0769
"SA2",32.59127,-85.49023,33,1.1483
"SA2",32.5895,-85.49019,34,1.2708
"SA2",32.58752,-85.49013,35,1.4078
"SA2",32.58693,-85.49011,36,1.4486
"SA2",32.58669,-85.49008,37,1.4653
"SA2",32.58644,-85.49003,38,1.4828
"SA2",32.58624,-85.48996,39,1.4973
"SA2",32.5858,-85.48976,40,1.5299
"SA2",32.58553,-85.48958,41,1.5513
"SA2",32.58505,-85.48923,42,1.5903
"SA2",32.58482,-85.48925,43,1.6062
"SA2",32.58458,-85.48937,44,1.6242
"SA2",32.58446,-85.48958,45,1.6390
"SA2",32.58287,-85.49232,46,1.8329
"SA2",32.58194,-85.49381,47,1.9410
"SA2",32.58141,-85.49455,48,1.9976
"SA2",32.58114,-85.4949,49,2.0252
"SA2",32.58078,-85.4953,50,2.0594
"SA2",32.58049,-85.49561,51,2.0864
"SA2",32.58001,-85.49608,52,2.1294
"SA2",32.57917,-85.49682,53,2.2018
"SA2",32.57883,-85.49708,54,2.2297
"SA2",32.57815,-85.49754,55,2.2839
"SA2",32.57767,-85.49781,56,2.3206
"SA2",32.57706,-85.49813,57,2.3668
"SA2",32.57675,-85.49826,58,2.3895
"SA2",32.57633,-85.49843,59,2.4202
"SA2",32.57492,-85.49885,60,2.5208
"SA2",32.57418,-85.49906,61,2.5734
"SA2",32.57401,-85.49915,62,2.5863
"SA2",32.57324,-85.49939,63,2.6413
"SA2",32.57316,-85.4995,64,2.6498
"SA2",32.57309,-85.49967,65,2.6608
"SA2",32.57306,-85.49978,66,2.6676
"SA2",32.57308,-85.49989,67,2.6741
"SA2",32.57328,-85.50087,68,2.7329
"SA2",32.57339,-85.50113,69,2.7499
"SA2",32.57355,-85.50146,70,2.7721
"SA2",32.57391,-85.50219,71,2.8214
"SA2",32.57396,-85.50229,72,2.8281
"SA2",32.57426,-85.50266,73,2.8581
"SA2",32.57432,-85.50276,74,2.8652
"SA2",32.57441,-85.50298,75,2.8795
"SA2",32.57445,-85.50312,76,2.8881
"SA2",32.57448,-85.5034,77,2.9045
"SA2",32.57444,-85.50383,78,2.9298
"SA2",32.57436,-85.50432,79,2.9589
"SA2",32.57432,-85.50444,80,2.9664
"SA2",32.57423,-85.50463,81,2.9791
"SA2",32.57413,-85.50479,82,2.9907
"SA2",32.57392,-85.505,83,3.0097
"SA2",32.57373,-85.50511,84,3.0243
"SA2",32.57335,-85.50529,85,3.0526
"SA2",32.57318,-85.50542,86,3.0666
"SA2",32.57296,-85.50568,87,3.0881
"SA2",32.5729,-85.50582,88,3.0972
"SA2",32.57279,-85.5061,89,3.1152
"SA2",32.57275,-85.50636,90,3.1306
"SA2",32.57275,-85.50707,91,3.1720
"SA2",32.57275,-85.50724,92,3.1819
"SA2",32.57278,-85.50748,93,3.1961
"SA2",32.57297,-85.50809,94,3.2340
"SA2",32.57301,-85.50829,95,3.2460
"SA2",32.57302,-85.50873,96,3.2716
"SA2",32.573,-85.51054,97,3.3771
"SA2",32.57299,-85.51076,98,3.3900
"SA2",32.57295,-85.51108,99,3.4088
"SA2",32.57274,-85.51208,100,3.4689
"SA2",32.5724,-85.51361,101,3.5612
"SA2",32.57205,-85.51522,102,3.6581
"SA2",32.57198,-85.51545,103,3.6723
"SA2",32.5719,-85.51565,104,3.6852
"SA2",32.57166,-85.51606,105,3.7143
"SA2",32.57176,-85.51619,106,3.7246
"SA2",32.57207,-85.51651,107,3.7530
"SA2",32.57236,-85.51677,108,3.7782
"SA2",32.57255,-85.51697,109,3.7957
"SA2",32.57265,-85.5171,110,3.8060
"SA2",32.57296,-85.51737,111,3.8326
"SA2",32.57314,-85.51741,112,3.8453
"SA2",32.57344,-85.51743,113,3.8660
"SA2",32.57396,-85.51745,114,3.9020
"SA2",32.57438,-85.51746,115,3.9311
"SA2",32.5743,-85.51827,116,3.9786
"SA2",32.5742,-85.51828,117,3.9856
"SA2",32.5734,-85.51826,118,4.0409
"SA2",32.57273,-85.51823,119,4.0873
"SA2",32.57201,-85.51819,120,4.1371
"SA2",32.57185,-85.51818,121,4.1482
"SA2",32.57172,-85.51813,122,4.1577
"SA2",32.57159,-85.51794,123,4.1719
"SA2",32.57143,-85.51759,124,4.1952
"SA2",32.57172,-85.5174,125,4.2181
"SA2",32.57199,-85.51716,126,4.2414
"SA2",32.57208,-85.51707,127,4.2495
"SA2",32.57224,-85.5169,128,4.2644
"SA2",32.57237,-85.51676,129,4.2765
"SA2",32.57183,-85.51627,130,4.3236
"SA2",32.57166,-85.51606,131,4.3405
"SA2",32.5719,-85.51565,132,4.3696
"SA2",32.57198,-85.51545,133,4.3825
"SA2",32.57213,-85.51486,134,4.4185
"SA2",32.57243,-85.51346,135,4.5027
"SA2",32.57258196098474,-85.51277834643986,136,4.5438
"SA2",32.57278,-85.51189,137,4.5973
"SA2",32.57297,-85.51095,138,4.6537
"SA2",32.573,-85.51029,139,4.6922
"SA2",32.57302,-85.50875,140,4.7820
"SA2",32.57302,-85.50839,141,4.8030
"SA2",32.57298,-85.50815,142,4.8172
"SA2",32.57277,-85.50744,143,4.8611
"SA2",32.57275,-85.50724,144,4.8728
"SA2",32.57275,-85.50636,145,4.9241
"SA2",32.57279,-85.5061,146,4.9395
"SA2",32.57291,-85.5058,147,4.9589
"SA2",32.57296,-85.50568,148,4.9667
"SA2",32.5731,-85.5055,149,4.9810
"SA2",32.57327,-85.50534,150,4.9960
"SA2",32.57335,-85.50529,151,5.0022
"SA2",32.57386,-85.50504,152,5.0404
"SA2",32.57398,-85.50495,153,5.0502
"SA2",32.57413,-85.50479,154,5.0642
"SA2",32.57432,-85.50444,155,5.0884
"SA2",32.5744,-85.50415,156,5.1062
"SA2",32.57446,-85.50367,157,5.1345
"SA2",32.57448,-85.5034,158,5.1503
"SA2",32.57445,-85.50312,159,5.1668
"SA2",32.57439,-85.50293,160,5.1786
"SA2",32.57428,-85.5027,161,5.1940
"SA2",32.57413,-85.5025,162,5.2096
"SA2",32.57386,-85.50273,163,5.2326
"SA2",32.57365,-85.50284,164,5.2485
"SA2",32.57354,-85.50285,165,5.2561
"SA2",32.57345,-85.50283,166,5.2625
"SA2",32.57317,-85.50282,167,5.2818
"SA2",32.573,-85.50281,168,5.2936
"SA2",32.57289,-85.50283,169,5.3013
"SA2",32.57278,-85.50295,170,5.3116
"SA2",32.57271,-85.50309,171,5.3211
"SA2",32.57275,-85.50351,172,5.3458
"SA2",32.57267,-85.50372,173,5.3592
"SA2",32.57163,-85.50438,174,5.4408
"SA2",32.57151,-85.5038,175,5.4756
"SA2",32.5714594007934,-85.50354194404633,176,5.4910
"SA2",32.57141,-85.50329,177,5.5061
"SA2",32.5714,-85.5031,178,5.5172
"SA2",32.57151,-85.50275,179,5.5390
"SA2",32.57163,-85.50242,180,5.5599
"SA2",32.57188,-85.5017,181,5.6053
"SA2",32.5718,-85.5012,182,5.6350
"SA2",32.57174,-85.50088,183,5.6541
"SA2",32.57244,-85.50077,184,5.7029
"SA2",32.57281,-85.50069,185,5.7290
"SA2",32.5731,-85.50059,186,5.7498
"SA2",32.57322,-85.50055,187,5.7585
"SA2",32.57296,-85.49933,188,5.8318
"SA2",32.57365,-85.49915,189,5.8807
"SA2",32.5741,-85.49903,190,5.9126
"SA2",32.5753,-85.49874,191,5.9973
"SA2",32.57627,-85.49845,192,6.0665
"SA2",32.57691,-85.4982,193,6.1131
"SA2",32.57778,-85.49775,194,6.1787
"SA2",32.57808,-85.49759,195,6.2015
"SA2",32.57838,-85.49739,196,6.2253
"SA2",32.57883,-85.49708,197,6.2613
"SA2",32.57909,-85.49688,198,6.2827
"SA2",32.5799,-85.49619,199,6.3517
"SA2",32.58033,-85.49578,200,6.3898
"SA2",32.58114,-85.4949,201,6.4658
"SA2",32.58153,-85.4944,202,6.5055
"SA2",32.58204,-85.49365,203,6.5617
"SA2",32.58274,-85.49253,204,6.6430
"SA2",32.58389,-85.49057,205,6.7822
"SA2",32.5842,-85.49005,206,6.8193
"SA2",32.58477,-85.48901,207,6.8916
"SA2",32.58526,-85.48939,208,6.9321
"SA2",32.58567,-85.48968,209,6.9651
"SA2",32.5858,-85.48976,210,6.9752
"SA2",32.58629,-85.48997,211,7.0113
"SA2",32.58644,-85.49003,212,7.0222
"SA2",32.58675,-85.49009,213,7.0439
"SA2",32.58773,-85.49014,214,7.1118
"SA2",32.58918,-85.49018,215,7.2121
"SA2",32.59065,-85.49021,216,7.3138
"SA2",32.59127,-85.49023,217,7.3567
"SA2",32.59212,-85.49029,218,7.4156
"SA2",32.59233,-85.49031,219,7.4302
"SA2",32.59311,-85.49034,220,7.4842
"SA2",32.59362,-85.49033,221,7.5195
"SA2",32.59453,-85.4903,222,7.5824
"SA2",32.59509,-85.49024,223,7.6213
"SA2",32.59548,-85.49021,224,7.6483
"SA2",32.59587,-85.4902,225,7.6753
"SA2",32.59649,-85.49023,226,7.7183
"SA2",32.59778,-85.49042,227,7.8082
"SA2",32.59921,-85.49044,228,7.9071
"SA2",32.60054,-85.49046,229,7.9991
"SA2",32.60105,-85.49046,230,8.0344
"SA2",32.60104,-85.49032,231,8.0426
"SA2",32.60098,-85.4894,232,8.0963
"SA2",32.60101,-85.48896,233,8.1220
"SA2",32.60104,-85.48876,234,8.1339
"SA2",32.60106,-85.48864,235,8.1410
"SA2",32.60114,-85.4884,236,8.1561
"SA3",32.60114,-85.48839,1,0.0000
"SA3",32.60126,-85.4882,2,0.0138
"SA3",32.60134,-85.4881,3,0.0219
"SA3",32.60161,-85.48787,4,0.0449
"SA3",32.60184,-85.48774,5,0.0625
"SA3",32.60202,-85.48766,6,0.0758
"SA3",32.60229,-85.4876,7,0.0948
"SA3",32.6026,-85.48759,8,0.1162
"SA3",32.60284,-85.48765,9,0.1332
"SA3",32.60301,-85.48775,10,0.1463
"SA3",32.60324,-85.48795,11,0.1660
"SA3",32.60347,-85.48832,12,0.1928
"SA3",32.60357,-85.48854,13,0.2074
"SA3",32.60362,-85.48891,14,0.2292
"SA3",32.60359,-85.48918,15,0.2451
"SA3",32.60354,-85.48936,16,0.2561
"SA3",32.60328,-85.4899,17,0.2924
"SA3",32.6032,-85.49012,18,0.3064
"SA3",32.60317,-85.49042,19,0.3240
"SA3",32.60145,-85.49047,20,0.4430
"SA3",32.60044,-85.49046,21,0.5128
"SA3",32.59904412922654,-85.49043885044283,22,0.6094
"SA3",32.5978,-85.49042,23,0.6955
"SA3",32.59742,-85.49038,24,0.7218
"SA3",32.59653,-85.49023,25,0.7840
"SA3",32.59587,-85.4902,26,0.8297
"SA3",32.59548,-85.49021,27,0.8567
"SA3",32.59512,-85.49024,28,0.8817
"SA3",32.59453,-85.4903,29,0.9226
"SA3",32.59359,-85.49034,30,0.9877
"SA3",32.59311,-85.49034,31,1.0209
"SA3",32.5923,-85.49031,32,1.0769
"SA3",32.59127,-85.49023,33,1.1483
"SA3",32.5895,-85.49019,34,1.2708
"SA3",32.58752,-85.49013,35,1.4078
"SA3",32.58693,-85.49011,36,1.4486
"SA3",32.58669,-85.49008,37,1.4653
"SA3",32.58644,-85.49003,38,1.4828
"SA3",32.58624,-85.48996,39,1.4973
"SA3",32.5858,-85.48976,40,1.5299
"SA3",32.58553,-85.48958,41,1.5513
"SA3",32.58505,-85.48923,42,1.5903
"SA3",32.58482,-85.48925,43,1.6062
"SA3",32.58458,-85.48937,44,1.6242
"SA3",32.58446,-85.48958,45,1.6390
"SA3",32.58287,-85.49232,46,1.8329
"SA3",32.58194,-85.49381,47,1.9410
"SA3",32.58141,-85.49455,48,1.9976
"SA3",32.58114,-85.4949,49,2.0252
"SA3",32.58078,-85.4953,50,2.0594
"SA3",32.58049,-85.49561,51,2.0864
"SA3",32.58001,-85.49608,52,2.1294
"SA3",32.57917,-85.49682,53,2.2018
"SA3",32.57883,-85.49708,54,2.2297
"SA3",32.57815,-85.49754,55,2.2839
"SA3",32.57767,-85.49781,56,2.3206
"SA3",32.57706,-85.49813,57,2.3668
"SA3",32.57675,-85.49826,58,2.3895
"SA3",32.57633,-85.49843,59,2.4202
"SA3",32.57509,-85.49879,60,2.5085
"SA3",32.57492,-85.49885,61,2.5208
"SA3",32.57418,-85.49906,62,2.5734
"SA3",32.57401,-85.49915,63,2.5863
"SA3",32.57324,-85.49939,64,2.6413
"SA3",32.57316,-85.4995,65,2.6498
"SA3",32.57309,-85.49967,66,2.6608
"SA3",32.57306,-85.49978,67,2.6676
"SA3",32.57308,-85.49989,68,2.6741
"SA3",32.57328,-85.50087,69,2.7329
"SA3",32.57339,-85.50113,70,2.7499
"SA3",32.57355,-85.50146,71,2.7721
"SA3",32.57391,-85.50219,72,2.8214
"SA3",32.57396,-85.50229,73,2.8281
"SA3",32.57426,-85.50266,74,2.8581
"SA3",32.57432,-85.50276,75,2.8652
"SA3",32.57441,-85.50298,76,2.8795
"SA3",32.57445,-85.50312,77,2.8881
"SA3",32.57448,-85.5034,78,2.9046
"SA3",32.57444,-85.50383,79,2.9298
"SA3",32.57436,-85.50432,80,2.9589
"SA3",32.57432,-85.50444,81,2.9664
"SA3",32.57423,-85.50463,82,2.9791
"SA3",32.57413,-85.50479,83,2.9907
"SA3",32.57392,-85.505,84,3.0097
"SA3",32.57373,-85.50511,85,3.0243
"SA3",32.57335,-85.50529,86,3.0526
"SA3",32.57318,-85.50542,87,3.0666
"SA3",32.57296,-85.50568,88,3.0881
"SA3",32.5729,-85.50582,89,3.0972
"SA3",32.57279,-85.5061,90,3.1153
"SA3",32.57275,-85.50636,91,3.1307
"SA3",32.57275,-85.50707,92,3.1720
"SA3",32.57275,-85.50724,93,3.1820
"SA3",32.57278,-85.50748,94,3.1961
"SA3",32.57297,-85.50809,95,3.2340
"SA3",32.57301,-85.50829,96,3.2460
"SA3",32.57302,-85.50873,97,3.2716
"SA3",32.573,-85.51054,98,3.3772
"SA3",32.57299,-85.51076,99,3.3900
"SA3",32.57295,-85.51108,100,3.4089
"SA3",32.57274,-85.51208,101,3.4689
"SA3",32.5724,-85.51361,102,3.5612
"SA3",32.57205,-85.51522,103,3.6581
"SA3",32.57198,-85.51545,104,3.6723
"SA3",32.5719,-85.51565,105,3.6852
"SA3",32.57166,-85.51606,106,3.7143
"SA3",32.57176,-85.51619,107,3.7246
"SA3",32.57207,-85.51651,108,3.7530
"SA3",32.57236,-85.51677,109,3.7782
"SA3",32.57253,-85.51696,110,3.7943
"SA3",32.57266,-85.5171,111,3.8065
"SA3",32.57298,-85.51737,112,3.8336
"SA3",32.5732,-85.51743,113,3.8492
"SA3",32.57346,-85.51744,114,3.8672
"SA3",32.57389,-85.51745,115,3.8970
"SA3",32.57437,-85.51746,116,3.9302
"SA3",32.57437,-85.51814,117,3.9698
"SA3",32.57432,-85.51825,118,3.9771
"SA3",32.57408,-85.51828,119,3.9938
"SA3",32.57371,-85.51827,120,4.0194
"SA3",32.5732,-85.51826,121,4.0547
"SA3",32.57269,-85.51823,122,4.0900
"SA3",32.57244,-85.51821,123,4.1073
"SA3",32.57199,-85.51819,124,4.1385
"SA3",32.57185,-85.51818,125,4.1482
"SA3",32.57174,-85.51815,126,4.1560
"SA3",32.57166,-85.51807,127,4.1632
"SA3",32.57156,-85.51786,128,4.1773
"SA3",32.57143,-85.51758,129,4.1959
"SA3",32.5717,-85.51741,130,4.2171
"SA3",32.57191,-85.51725,131,4.2343
"SA3",32.57214,-85.51702,132,4.2551
"SA3",32.57222,-85.51692,133,4.2632
"SA3",32.57235,-85.51678,134,4.2753
"SA3",32.57183,-85.51627,135,4.3220
"SA3",32.57166,-85.51606,136,4.3390
"SA3",32.5719,-85.51565,137,4.3681
"SA3",32.57198,-85.51545,138,4.3810
"SA3",32.57213,-85.51486,139,4.4169
"SA3",32.57243,-85.51346,140,4.5011
"SA3",32.57258196098474,-85.51277834643986,141,4.5422
"SA3",32.57278,-85.51189,142,4.5958
"SA3",32.57297,-85.51095,143,4.6521
"SA3",32.573,-85.51029,144,4.6906
"SA3",32.57302,-85.50875,145,4.7804
"SA3",32.57302,-85.50839,146,4.8014
"SA3",32.57298,-85.50815,147,4.8157
"SA3",32.57277,-85.50744,148,4.8595
"SA3",32.57275,-85.50724,149,4.8713
"SA3",32.57275,-85.50636,150,4.9225
"SA3",32.57279,-85.5061,151,4.9380
"SA3",32.57291,-85.5058,152,4.9573
"SA3",32.57296,-85.50568,153,4.9651
"SA3",32.5731,-85.5055,154,4.9794
"SA3",32.57327,-85.50534,155,4.9944
"SA3",32.57335,-85.50529,156,5.0007
"SA3",32.57386,-85.50504,157,5.0388
"SA3",32.57398,-85.50495,158,5.0486
"SA3",32.57413,-85.50479,159,5.0626
"SA3",32.57432,-85.50444,160,5.0869
"SA3",32.5744,-85.50415,161,5.1046
"SA3",32.57446,-85.50367,162,5.1329
"SA3",32.57448,-85.5034,163,5.1487
"SA3",32.57445,-85.50312,164,5.1652
"SA3",32.57439,-85.50293,165,5.1770
"SA3",32.57428,-85.5027,166,5.1924
"SA3",32.57413,-85.5025,167,5.2080
"SA3",32.57386,-85.50273,168,5.2310
"SA3",32.57365,-85.50284,169,5.2469
"SA3",32.57354,-85.50285,170,5.2545
"SA3",32.57345,-85.50283,171,5.2609
"SA3",32.57317,-85.50282,172,5.2802
"SA3",32.573,-85.50281,173,5.2920
"SA3",32.57289,-85.50283,174,5.2997
"SA3",32.57278,-85.50295,175,5.3101
"SA3",32.57271,-85.50309,176,5.3195
"SA3",32.57275,-85.50351,177,5.3442
"SA3",32.57267,-85.50372,178,5.3576
"SA3",32.57163,-85.50438,179,5.4392
"SA3",32.57151,-85.5038,180,5.4740
"SA3",32.5714594007934,-85.50354194404633,181,5.4894
"SA3",32.57141,-85.50329,182,5.5045
"SA3",32.5714,-85.5031,183,5.5156
"SA3",32.57151,-85.50275,184,5.5374
"SA3",32.57163,-85.50242,185,5.5583
"SA3",32.57188,-85.5017,186,5.6037
"SA3",32.5718,-85.5012,187,5.6334
"SA3",32.57174,-85.50088,188,5.6525
"SA3",32.57244,-85.50077,189,5.7014
"SA3",32.57281,-85.50069,190,5.7274
"SA3",32.5731,-85.50059,191,5.7483
"SA3",32.57322,-85.50055,192,5.7569
"SA3",32.57296,-85.49933,193,5.8302
"SA3",32.57335,-85.49923,194,5.8578
"SA3",32.5741,-85.49903,195,5.9110
"SA3",32.57503,-85.49882,196,5.9765
"SA3",32.57629,-85.49844,197,6.0664
"SA3",32.57706,-85.49813,198,6.1227
"SA3",32.57799,-85.49763,199,6.1933
"SA3",32.57838,-85.49739,200,6.2237
"SA3",32.57883,-85.49708,201,6.2597
"SA3",32.57937,-85.49665,202,6.3046
"SA3",32.5799,-85.49619,203,6.3501
"SA3",32.58021,-85.49589,204,6.3777
"SA3",32.58049,-85.49561,205,6.4031
"SA3",32.58086,-85.49521,206,6.4377
"SA3",32.58114,-85.4949,207,6.4642
"SA3",32.58147,-85.49448,208,6.4976
"SA3",32.58171,-85.49415,209,6.5230
"SA3",32.58214,-85.49349,210,6.5717
"SA3",32.58272,-85.49257,211,6.6386
"SA3",32.5833,-85.49159,212,6.7084
"SA3",32.58453,-85.48946,213,6.8589
"SA3",32.58477,-85.48901,214,6.8900
"SA3",32.58553,-85.48958,215,6.9522
"SA3",32.58567,-85.48968,216,6.9635
"SA3",32.5859,-85.48981,217,6.9811
"SA3",32.58624,-85.48996,218,7.0062
"SA3",32.58644,-85.49003,219,7.0206
"SA3",32.58663,-85.49007,220,7.0340
"SA3",32.58693,-85.49011,221,7.0548
"SA3",32.58731,-85.49012,222,7.0811
"SA3",32.58862,-85.49016,223,7.1718
"SA3",32.58994,-85.4902,224,7.2631
"SA3",32.59127,-85.49023,225,7.3551
"SA3",32.59192,-85.49028,226,7.4002
"SA3",32.59233,-85.49031,227,7.4286
"SA3",32.59291,-85.49033,228,7.4687
"SA3",32.59332,-85.49034,229,7.4971
"SA3",32.59409,-85.49032,230,7.5504
"SA3",32.59453,-85.4903,231,7.5808
"SA3",32.59536,-85.49022,232,7.6384
"SA3",32.59595,-85.4902,233,7.6792
"SA3",32.59653,-85.49023,234,7.7194
"SA3",32.59674,-85.49026,235,7.7340
"SA3",32.59763,-85.4904,236,7.7961
"SA3",32.59785,-85.49042,237,7.8114
"SA3",32.59821,-85.49043,238,7.8363
"SA3",32.59971,-85.49045,239,7.9401
"SA3",32.60105,-85.49046,240,8.0328
"SA3",32.60104,-85.49026,241,8.0444
"SA3",32.60098,-85.4894,242,8.0947
"SA3",32.60101,-85.48896,243,8.1204
"SA3",32.60104,-85.48876,244,8.1323
"SA3",32.60106,-85.48864,245,8.1394
"SA3",32.60114,-85.4884,246,8.1544
"SA4",32.60114,-85.48839,1,0.0000
"SA4",32.60126,-85.4882,2,0.0138
"SA4",32.60134,-85.4881,3,0.0219
"SA4",32.60161,-85.48787,4,0.0449
"SA4",32.60184,-85.48774,5,0.0625
"SA4",32.60202,-85.48766,6,0.0758
"SA4",32.60229,-85.4876,7,0.0948
"SA4",32.6026,-85.48759,8,0.1162
"SA4",32.60284,-85.48765,9,0.1332
"SA4",32.60301,-85.48775,10,0.1463
"SA4",32.60324,-85.48795,11,0.1660
"SA4",32.60347,-85.48832,12,0.1928
"SA4",32.60357,-85.48854,13,0.2074
"SA4",32.60362,-85.48891,14,0.2292
"SA4",32.60359,-85.48918,15,0.2451
"SA4",32.60354,-85.48936,16,0.2561
"SA4",32.60328,-85.4899,17,0.2924
"SA4",32.6032,-85.49012,18,0.3064
"SA4",32.60317,-85.49042,19,0.3240
"SA4",32.60145,-85.49047,20,0.4430
"SA4",32.60044,-85.49046,21,0.5128
"SA4",32.59942,-85.49044,22,0.5834
"SA4",32.599043590161,-85.49043535296495,23,0.6094
"SA4",32.5978,-85.49042,24,0.6955
"SA4",32.59742,-85.49038,25,0.7218
"SA4",32.59653,-85.49023,26,0.7840
"SA4",32.59587,-85.4902,27,0.8297
"SA4",32.59548,-85.49021,28,0.8567
"SA4",32.59512,-85.49024,29,0.8817
"SA4",32.59453,-85.4903,30,0.9226
"SA4",32.59359,-85.49034,31,0.9877
"SA4",32.59311,-85.49034,32,1.0209
"SA4",32.5923,-85.49031,33,1.0769
"SA4",32.59127,-85.49023,34,1.1483
"SA4",32.5895,-85.49019,35,1.2708
"SA4",32.58752,-85.49013,36,1.4078
"SA4",32.58693,-85.49011,37,1.4486
"SA4",32.58669,-85.49008,38,1.4653
"SA4",32.58644,-85.49003,39,1.4829
"SA4",32.58624,-85.48996,40,1.4973
"SA4",32.5858,-85.48976,41,1.5299
"SA4",32.58553,-85.48958,42,1.5513
"SA4",32.58505,-85.48923,43,1.5903
"SA4",32.58482,-85.48925,44,1.6062
"SA4",32.58458,-85.48937,45,1.6242
"SA4",32.58446,-85.48958,46,1.6390
"SA4",32.58287,-85.49232,47,1.8329
"SA4",32.58194,-85.49381,48,1.9410
"SA4",32.58141,-85.49455,49,1.9976
"SA4",32.58114,-85.4949,50,2.0253
"SA4",32.58078,-85.4953,51,2.0594
"SA4",32.58049,-85.49561,52,2.0864
"SA4",32.58001,-85.49608,53,2.1294
"SA4",32.57917,-85.49682,54,2.2018
"SA4",32.57883,-85.49708,55,2.2297
"SA4",32.57815,-85.49754,56,2.2839
"SA4",32.57767,-85.49781,57,2.3206
"SA4",32.57706,-85.49813,58,2.3668
"SA4",32.57675,-85.49826,59,2.3895
"SA4",32.57633,-85.49843,60,2.4202
"SA4",32.57492,-85.49885,61,2.5208
"SA4",32.57418,-85.49906,62,2.5734
"SA4",32.57401,-85.49915,63,2.5863
"SA4",32.57324,-85.49939,64,2.6413
"SA4",32.57316,-85.4995,65,2.6498
"SA4",32.57309,-85.49967,66,2.6608
"SA4",32.57306,-85.49978,67,2.6676
"SA4",32.57308,-85.49989,68,2.6741
"SA4",32.57328,-85.50087,69,2.7329
"SA4",32.57339,-85.50113,70,2.7499
"SA4",32.57355,-85.50146,71,2.7721
"SA4",32.57391,-85.50219,72,2.8214
"SA4",32.57396,-85.50229,73,2.8281
"SA4",32.57426,-85.50266,74,2.8581
"SA4",32.57432,-85.50276,75,2.8652
"SA4",32.57441,-85.50298,76,2.8795
"SA4",32.57445,-85.50312,77,2.8881
"SA4",32.57448,-85.5034,78,2.9045
"SA4",32.57444,-85.50383,79,2.9298
"SA4",32.57436,-85.50432,80,2.9589
"SA4",32.57432,-85.50444,81,2.9664
"SA4",32.57423,-85.50463,82,2.9791
"SA4",32.57413,-85.50479,83,2.9907
"SA4",32.57392,-85.505,84,3.0097
"SA4",32.57373,-85.50511,85,3.0243
"SA4",32.57335,-85.50529,86,3.0526
"SA4",32.57318,-85.50542,87,3.0666
"SA4",32.57296,-85.50568,88,3.0881
"SA4",32.5729,-85.50582,89,3.0972
"SA4",32.57279,-85.5061,90,3.1152
"SA4",32.57275,-85.50636,91,3.1306
"SA4",32.57275,-85.50707,92,3.1720
"SA4",32.57275,-85.50724,93,3.1819
"SA4",32.57278,-85.50748,94,3.1961
"SA4",32.57297,-85.50809,95,3.2340
"SA4",32.57301,-85.50829,96,3.2460
"SA4",32.57302,-85.50873,97,3.2716
"SA4",32.573,-85.51054,98,3.3771
"SA4",32.57299,-85.51076,99,3.3900
"SA4",32.57295,-85.51108,100,3.4088
"SA4",32.57274,-85.51208,101,3.4689
"SA4",32.5724,-85.51361,102,3.5612
"SA4",32.57205,-85.51522,103,3.6581
"SA4",32.57198,-85.51545,104,3.6723
"SA4",32.5719,-85.51565,105,3.6852
"SA4",32.57166,-85.51606,106,3.7143
"SA4",32.57176,-85.51619,107,3.7246
"SA4",32.57207,-85.51651,108,3.7530
"SA4",32.57236,-85.51677,109,3.7782
"SA4",32.57251,-85.51696,110,3.7933
"SA4",32.57269,-85.51714,111,3.8096
"SA4",32.57288,-85.5173,112,3.8257
"SA4",32.57302,-85.51738,113,3.8365
"SA4",32.57327,-85.51742,114,3.8539
"SA4",32.57352,-85.51743,115,3.8712
"SA4",32.57388,-85.51745,116,3.8962
"SA4",32.57438,-85.51746,117,3.9307
"SA4",32.57438,-85.51785,118,3.9535
"SA4",32.57437,-85.51807,119,3.9663
"SA4",32.57436,-85.51818,120,3.9728
"SA4",32.5743,-85.51827,121,3.9795
"SA4",32.57379,-85.51827,122,4.0147
"SA4",32.57329,-85.51825,123,4.0493
"SA4",32.5727,-85.51823,124,4.0902
"SA4",32.572,-85.51819,125,4.1386
"SA4",32.57185,-85.51818,126,4.1490
"SA4",32.57176,-85.51815,127,4.1555
"SA4",32.57166,-85.51808,128,4.1635
"SA4",32.57144,-85.51759,129,4.1959
"SA4",32.57172,-85.5174,130,4.2182
"SA4",32.57188,-85.51728,131,4.2313
"SA4",32.57201,-85.51716,132,4.2427
"SA4",32.57219,-85.51696,133,4.2598
"SA4",32.57235,-85.51678,134,4.2750
"SA4",32.57183,-85.51627,135,4.3217
"SA4",32.57166,-85.51606,136,4.3386
"SA4",32.5719,-85.51565,137,4.3677
"SA4",32.57198,-85.51545,138,4.3806
"SA4",32.57213,-85.51486,139,4.4166
"SA4",32.57243,-85.51346,140,4.5008
"SA4",32.57258196098474,-85.51277834643986,141,4.5419
"SA4",32.57278,-85.51189,142,4.5954
"SA4",32.57297,-85.51095,143,4.6518
"SA4",32.573,-85.51029,144,4.6903
"SA4",32.57302,-85.50875,145,4.7801
"SA4",32.57302,-85.50839,146,4.8011
"SA4",32.57298,-85.50815,147,4.8153
"SA4",32.57277,-85.50744,148,4.8592
"SA4",32.57275,-85.50724,149,4.8709
"SA4",32.57275,-85.50636,150,4.9222
"SA4",32.57279,-85.5061,151,4.9376
"SA4",32.57291,-85.5058,152,4.9570
"SA4",32.57296,-85.50568,153,4.9648
"SA4",32.5731,-85.5055,154,4.9791
"SA4",32.57327,-85.50534,155,4.9941
"SA4",32.57335,-85.50529,156,5.0003
"SA4",32.57386,-85.50504,157,5.0385
"SA4",32.57398,-85.50495,158,5.0483
"SA4",32.57413,-85.50479,159,5.0623
"SA4",32.57432,-85.50444,160,5.0865
"SA4",32.5744,-85.50415,161,5.1043
"SA4",32.57446,-85.50367,162,5.1326
"SA4",32.57448,-85.5034,163,5.1484
"SA4",32.57445,-85.50312,164,5.1649
"SA4",32.57439,-85.50293,165,5.1767
"SA4",32.57428,-85.5027,166,5.1921
"SA4",32.57413,-85.5025,167,5.2077
"SA4",32.57386,-85.50273,168,5.2307
"SA4",32.57365,-85.50284,169,5.2466
"SA4",32.57354,-85.50285,170,5.2542
"SA4",32.57345,-85.50283,171,5.2606
"SA4",32.57317,-85.50282,172,5.2799
"SA4",32.573,-85.50281,173,5.2917
"SA4",32.57289,-85.50283,174,5.2994
"SA4",32.57278,-85.50295,175,5.3097
"SA4",32.57271,-85.50309,176,5.3192
"SA4",32.57275,-85.50351,177,5.3439
"SA4",32.57267,-85.50372,178,5.3573
"SA4",32.57163,-85.50438,179,5.4389
"SA4",32.57151,-85.5038,180,5.4737
"SA4",32.5714594007934,-85.50354194404633,181,5.4891
"SA4",32.57141,-85.50329,182,5.5042
"SA4",32.5714,-85.5031,183,5.5153
"SA4",32.57151,-85.50275,184,5.5371
"SA4",32.57163,-85.50242,185,5.5580
"SA4",32.57188,-85.5017,186,5.6034
"SA4",32.5718,-85.5012,187,5.6331
"SA4",32.57174,-85.50088,188,5.6522
"SA4",32.57244,-85.50077,189,5.7010
"SA4",32.57281,-85.50069,190,5.7271
"SA4",32.5731,-85.50059,191,5.7479
"SA4",32.57322,-85.50055,192,5.7566
"SA4",32.57296,-85.49933,193,5.8299
"SA4",32.5741,-85.49903,194,5.9107
"SA4",32.57408,-85.49881,195,5.9236
"SA4",32.57451,-85.49869,196,5.9541
"SA4",32.5745,-85.49885,197,5.9635
"SA4",32.57451,-85.49896,198,5.9699
"SA4",32.57548,-85.49869,199,6.0389
"SA4",32.57633,-85.49843,200,6.0996
"SA4",32.57698,-85.49816,201,6.1472
"SA4",32.57767,-85.49781,202,6.1991
"SA4",32.57808,-85.49759,203,6.2302
"SA4",32.57858,-85.49726,204,6.2698
"SA4",32.57917,-85.49682,205,6.3180
"SA4",32.57997,-85.49612,206,6.3868
"SA4",32.58049,-85.49561,207,6.4334
"SA4",32.58114,-85.4949,208,6.4945
"SA4",32.58128,-85.49472,209,6.5088
"SA4",32.58171,-85.49415,210,6.5534
"SA4",32.58194,-85.49381,211,6.5788
"SA4",32.58275,-85.49252,212,6.6726
"SA4",32.58403,-85.49033,213,6.8279
"SA4",32.58477,-85.48901,214,6.9203
"SA4",32.58536,-85.48946,215,6.9689
"SA4",32.5858,-85.48976,216,7.0040
"SA4",32.5863,-85.48998,217,7.0408
"SA4",32.58644,-85.49003,218,7.0510
"SA4",32.58675,-85.49009,219,7.0727
"SA4",32.58786,-85.49014,220,7.1495
"SA4",32.58945,-85.49019,221,7.2595
"SA4",32.59109,-85.49023,222,7.3730
"SA4",32.59266,-85.49032,223,7.4817
"SA4",32.59332,-85.49034,224,7.5274
"SA4",32.59433,-85.49031,225,7.5973
"SA4",32.59548,-85.49021,226,7.6770
"SA4",32.59597,-85.4902,227,7.7109
"SA4",32.59653,-85.49023,228,7.7497
"SA4",32.59769,-85.49041,229,7.8306
"SA4",32.59785,-85.49042,230,7.8417
"SA4",32.59934,-85.49044,231,7.9448
"SA4",32.60045,-85.49046,232,8.0216
"SA4",32.60103,-85.49046,233,8.0617
"SA4",32.60098,-85.4894,234,8.1236
"SA4",32.60101,-85.48896,235,8.1493
"SA4",32.60104,-85.48876,236,8.1611
"SA4",32.60106,-85.48864,237,8.1682
"SA4",32.60114,-85.4884,238,8.1833
"SC1",32.60119,-85.48321,1,0.0000
"SC1",32.60131,-85.4823,2,0.0537
"SC1",32.60137,-85.48177,3,0.0848
"SC1",32.6001544436941,-85.48174413709988,4,0.1689
"SC1",32.59996,-85.48174,5,0.1824
"SC1",32.59788,-85.48171,6,0.3263
"SC1",32.59647,-85.48171,7,0.4238
"SC1",32.59599,-85.48173,8,0.4570
"SC1",32.59568,-85.48178,9,0.4787
"SC1",32.59539,-85.48186,10,0.4993
"SC1",32.59483,-85.48207,11,0.5399
"SC1",32.59387,-85.48251,12,0.6111
"SC1",32.59151,-85.48359,13,0.7860
"SC1",32.58886,-85.48481,14,0.9826
"SC1",32.58813,-85.48521,15,1.0382
"SC1",32.58779,-85.48543,16,1.0650
"SC1",32.58729,-85.4858,17,1.1058
"SC1",32.58695,-85.4861,18,1.1351
"SC1",32.58663,-85.4864,19,1.1633
"SC1",32.58626,-85.48681,20,1.1983
"SC1",32.58607,-85.48703,21,1.2167
"SC1",32.5856,-85.48766,22,1.2657
"SC1",32.58526,-85.4882,23,1.3050
"SC1",32.58477,-85.48901,24,1.3631
"SC1",32.5842,-85.49005,25,1.4354
"SC1",32.58376,-85.49078,26,1.4877
"SC1",32.58277,-85.49248,27,1.6082
"SC1",32.58204,-85.49365,28,1.6930
"SC1",32.58157,-85.49434,29,1.7448
"SC1",32.58114,-85.4949,30,1.7889
"SC1",32.58078,-85.4953,31,1.8230
"SC1",32.58049,-85.49561,32,1.8500
"SC1",32.57986,-85.49622,33,1.9063
"SC1",32.57917,-85.49682,34,1.9654
"SC1",32.57883,-85.49708,35,1.9934
"SC1",32.57851,-85.4973,36,2.0190
"SC1",32.57808,-85.49759,37,2.0532
"SC1",32.57767,-85.49781,38,2.0843
"SC1",32.57706,-85.49813,39,2.1305
"SC1",32.57665,-85.4983,40,2.1605
"SC1",32.57624,-85.49846,41,2.1904
"SC1",32.57569,-85.49862,42,2.2295
"SC1",32.57474,-85.4989,43,2.2972
"SC1",32.57418,-85.49906,44,2.3371
"SC1",32.57401,-85.49915,45,2.3499
"SC1",32.57324,-85.49939,46,2.4050
"SC1",32.573,-85.49948,47,2.4224
"SC1",32.57246,-85.49963,48,2.4608
"SC1",32.57189,-85.49977,49,2.5011
"SC1",32.57065,-85.50013,50,2.5894
"SC1",32.57045,-85.50019,51,2.6036
"SC1",32.57025,-85.50024,52,2.6178
"SC1",32.56966,-85.50045,53,2.6604
"SC1",32.56952,-85.50043,54,2.6701
"SC1",32.5691,-85.50059,55,2.7006
"SC1",32.56855,-85.50083,56,2.7412
"SC1",32.56795,-85.50112,57,2.7860
"SC1",32.56786,-85.50123,58,2.7949
"SC1",32.56704,-85.50168,59,2.8574
"SC1",32.5664,-85.50203,60,2.9062
"SC1",32.56627,-85.50169,61,2.9279
"SC1",32.5662,-85.50152,62,2.9390
"SC1",32.56594,-85.50076,63,2.9868
"SC1",32.56572,-85.50028,64,3.0186
"SC1",32.56551,-85.50004,65,3.0388
"SC1",32.5654308128701,-85.49998835621963,66,3.0450
"SC1",32.56528,-85.49989,67,3.0569
"SC1",32.56508,-85.49986,68,3.0709
"SC1",32.56389,-85.49913,69,3.1635
"SC1",32.5644,-85.49841,70,3.2184
"SC1",32.56468,-85.498,71,3.2491
"SC1",32.56494,-85.49752,72,3.2824
"SC1",32.56561,-85.49646,73,3.3596
"SC1",32.56583,-85.49611,74,3.3851
"SC1",32.56601929159523,-85.49611390291949,75,3.3982
"SC1",32.5668,-85.49613,76,3.4522
"SC1",32.5679,-85.49615,77,3.5283
"SC1",32.56802147317261,-85.49618168865372,78,3.5369
"SC1",32.56813,-85.49621,79,3.5446
"SC1",32.56823,-85.49627,80,3.5523
"SC1",32.56836,-85.49637,81,3.5631
"SC1",32.56854,-85.49658,82,3.5805
"SC1",32.56865,-85.49677,83,3.5940
"SC1",32.5689,-85.49767,84,3.6492
"SC1",32.56904,-85.4981,85,3.6761
"SC1",32.56908,-85.49831,86,3.6886
"SC1",32.5691,-85.4986,87,3.7056
"SC1",32.56908,-85.4994,88,3.7522
"SC1",32.56906,-85.50036,89,3.8082
"SC1",32.56906,-85.5006,90,3.8222
"SC1",32.56952,-85.50043,91,3.8555
"SC1",32.56962,-85.50033,92,3.8646
"SC1",32.57018,-85.50014,93,3.9049
"SC1",32.57082,-85.49995,94,3.9505
"SC1",32.57092524085252,-85.49991974325489,95,3.9580
"SC1",32.57162,-85.49972,96,4.0074
"SC1",32.57243,-85.49949,97,4.0650
"SC1",32.57324,-85.49926,98,4.1227
"SC1",32.57406,-85.49903,99,4.1809
"SC1",32.57418,-85.49906,100,4.1894
"SC1",32.57586,-85.49858,101,4.3089
"SC1",32.57633,-85.49843,102,4.3426
"SC1",32.57661,-85.49832,103,4.3630
"SC1",32.57691,-85.4982,104,4.3849
"SC1",32.57724,-85.49803,105,4.4098
"SC1",32.57727,-85.49791,106,4.4171
"SC1",32.57738,-85.49766,107,4.4335
"SC1",32.57741,-85.4975,108,4.4431
"SC1",32.57744,-85.49738,109,4.4504
"SC1",32.57734,-85.49718,110,4.4639
"SC1",32.5771,-85.49665,111,4.4990
"SC1",32.577,-85.49636,112,4.5173
"SC1",32.57694,-85.49612,113,4.5319
"SC1",32.5769,-85.49579,114,4.5513
"SC1",32.57689,-85.49557,115,4.5641
"SC1",32.5769,-85.49531,116,4.5793
"SC1",32.57693,-85.49498,117,4.5987
"SC1",32.57703,-85.49453,118,4.6258
"SC1",32.57707,-85.49442,119,4.6328
"SC1",32.57721,-85.49409,120,4.6543
"SC1",32.57738,-85.4938,121,4.6749
"SC1",32.57789777231252,-85.49313350585304,122,4.7277
"SC1",32.57832,-85.49259,123,4.7708
"SC1",32.57877,-85.49192,124,4.8208
"SC1",32.57912,-85.49129,125,4.8647
"SC1",32.57929,-85.49094,126,4.8883
"SC1",32.57959,-85.49021,127,4.9356
"SC1",32.57987,-85.48933,128,4.9905
"SC1",32.58003,-85.48866,129,5.0310
"SC1",32.58009,-85.48826,130,5.0547
"SC1",32.5808,-85.48827,131,5.1038
"SC1",32.58286,-85.48827,132,5.2463
"SC1",32.58337,-85.48826,133,5.2816
"SC1",32.58352,-85.48827,134,5.2920
"SC1",32.58373,-85.48831,135,5.3067
"SC1",32.58393,-85.48839,136,5.3213
"SC1",32.58413,-85.48849,137,5.3363
"SC1",32.58451,-85.48878,138,5.3676
"SC1",32.58517,-85.48931,139,5.4227
"SC1",32.58555,-85.4896,140,5.4539
"SC1",32.58597,-85.48984,141,5.4862
"SC1",32.58648,-85.49005,142,5.5235
"SC1",32.58691,-85.49011,143,5.5535
"SC1",32.58745,-85.49013,144,5.5909
"SC1",32.58808,-85.49015,145,5.6344
"SC1",32.58874,-85.49015,146,5.6801
"SC1",32.58953,-85.4902,147,5.7348
"SC1",32.5904,-85.49021,148,5.7950
"SC1",32.59125,-85.49021,149,5.8538
"SC1",32.59233,-85.49029,150,5.9286
"SC1",32.59235,-85.4898,151,5.9572
"SC1",32.59236,-85.48927,152,5.9881
"SC1",32.5924,-85.48892,153,6.0087
"SC1",32.59246,-85.48861,154,6.0273
"SC1",32.59256,-85.48821,155,6.0516
"SC1",32.59278,-85.48768,156,6.0860
"SC1",32.59309,-85.48711,157,6.1255
"SC1",32.59359,-85.48624,158,6.1869
"SC1",32.59401,-85.48557,159,6.2356
"SC1",32.5943,-85.48511,160,6.2691
"SC1",32.59467,-85.48459,161,6.3087
"SC1",32.59502,-85.48414,162,6.3444
"SC1",32.59526,-85.48397,163,6.3637
"SC1",32.59561,-85.48388,164,6.3885
"SC1",32.59601,-85.48386,165,6.4162
"SC1",32.59666,-85.48382,166,6.4612
"SC1",32.59728,-85.48382,167,6.5041
"SC1",32.59797,-85.48383,168,6.5519
"SC1",32.59815,-85.48384,169,6.5643
"SC1",32.59856,-85.48386,170,6.5927
"SC1",32.60063,-85.48387,171,6.7359
"SC1",32.6011,-85.48387,172,6.7684
"SC1",32.60117,-85.48336,173,6.7985
"SC1",32.60119,-85.48322,174,6.8068
"SC2",32.60119,-85.48321,1,0.0000
"SC2",32.60128,-85.48255,2,0.0390
"SC2",32.60133,-85.48215,3,0.0625
"SC2",32.60137,-85.48177,4,0.0848
"SC2",32.60015457385423,-85.48174328733745,5,0.1689
"SC2",32.59955,-85.48173,6,0.2108
"SC2",32.59788,-85.48171,7,0.3263
"SC2",32.59681,-85.48171,8,0.4003
"SC2",32.59647,-85.48171,9,0.4238
"SC2",32.59599,-85.48173,10,0.4570
"SC2",32.59568,-85.48178,11,0.4787
"SC2",32.59539,-85.48186,12,0.4993
"SC2",32.59483,-85.48207,13,0.5399
"SC2",32.59387,-85.48251,14,0.6111
"SC2",32.59151,-85.48359,15,0.7860
"SC2",32.58886,-85.48481,16,0.9826
"SC2",32.58813,-85.48521,17,1.0382
"SC2",32.58779,-85.48543,18,1.0650
"SC2",32.58729,-85.4858,19,1.1058
"SC2",32.58695,-85.4861,20,1.1351
"SC2",32.58663,-85.4864,21,1.1633
"SC2",32.58626,-85.48681,22,1.1983
"SC2",32.58607,-85.48703,23,1.2167
"SC2",32.5856,-85.48766,24,1.2657
"SC2",32.58526,-85.4882,25,1.3050
"SC2",32.58477,-85.48901,26,1.3631
"SC2",32.5842,-85.49005,27,1.4354
"SC2",32.58376,-85.49078,28,1.4877
"SC2",32.58277,-85.49248,29,1.6082
"SC2",32.58204,-85.49365,30,1.6930
"SC2",32.58157,-85.49434,31,1.7448
"SC2",32.58114,-85.4949,32,1.7889
"SC2",32.58078,-85.4953,33,1.8230
"SC2",32.58049,-85.49561,34,1.8500
"SC2",32.57986,-85.49622,35,1.9063
"SC2",32.57917,-85.49682,36,1.9654
"SC2",32.57883,-85.49708,37,1.9934
"SC2",32.57851,-85.4973,38,2.0190
"SC2",32.57808,-85.49759,39,2.0532
"SC2",32.57767,-85.49781,40,2.0843
"SC2",32.57706,-85.49813,41,2.1305
"SC2",32.57665,-85.4983,42,2.1605
"SC2",32.57624,-85.49846,43,2.1904
"SC2",32.57569,-85.49862,44,2.2295
"SC2",32.57474,-85.4989,45,2.2972
"SC2",32.57418,-85.49906,46,2.3371
"SC2",32.57401,-85.49915,47,2.3500
"SC2",32.57324,-85.49939,48,2.4050
"SC2",32.573,-85.49948,49,2.4224
"SC2",32.57246,-85.49963,50,2.4608
"SC2",32.57189,-85.49977,51,2.5011
"SC2",32.57065,-85.50013,52,2.5894
"SC2",32.57045,-85.50019,53,2.6036
"SC2",32.57025,-85.50024,54,2.6178
"SC2",32.56966,-85.50045,55,2.6604
"SC2",32.56952,-85.50043,56,2.6701
"SC2",32.5691,-85.50059,57,2.7006
"SC2",32.56855,-85.50083,58,2.7412
"SC2",32.56795,-85.50112,59,2.7860
"SC2",32.56786,-85.50123,60,2.7949
"SC2",32.56704,-85.50168,61,2.8574
"SC2",32.5664,-85.50203,62,2.9062
"SC2",32.56627,-85.50169,63,2.9279
"SC2",32.5662,-85.50152,64,2.9390
"SC2",32.56594,-85.50076,65,2.9868
"SC2",32.56572,-85.50028,66,3.0186
"SC2",32.56551,-85.50004,67,3.0388
"SC2",32.5654308128701,-85.49998835621963,68,3.0450
"SC2",32.56528,-85.49989,69,3.0569
"SC2",32.56508,-85.49986,70,3.0709
"SC2",32.56389,-85.49913,71,3.1636
"SC2",32.5644,-85.49841,72,3.2184
"SC2",32.56468,-85.498,73,3.2491
"SC2",32.56494,-85.49752,74,3.2824
"SC2",32.56561,-85.49646,75,3.3597
"SC2",32.56583,-85.49611,76,3.3851
"SC2",32.56601929159523,-85.49611390291949,77,3.3982
"SC2",32.5668,-85.49613,78,3.4522
"SC2",32.5679,-85.49615,79,3.5283
"SC2",32.56802147317261,-85.49618168865372,80,3.5369
"SC2",32.56813,-85.49621,81,3.5446
"SC2",32.56823,-85.49627,82,3.5523
"SC2",32.56836,-85.49637,83,3.5631
"SC2",32.56854,-85.49658,84,3.5805
"SC2",32.56865,-85.49677,85,3.5940
"SC2",32.5689,-85.49767,86,3.6492
"SC2",32.56904,-85.4981,87,3.6761
"SC2",32.56908,-85.49831,88,3.6886
"SC2",32.5691,-85.4986,89,3.7056
"SC2",32.56908,-85.4994,90,3.7522
"SC2",32.56906,-85.50036,91,3.8082
"SC2",32.56906,-85.5006,92,3.8222
"SC2",32.56952,-85.50043,93,3.8555
"SC2",32.56962,-85.50033,94,3.8646
"SC2",32.57018,-85.50014,95,3.9049
"SC2",32.57082,-85.49995,96,3.9505
"SC2",32.57092524085252,-85.49991974325489,97,3.9580
"SC2",32.57162,-85.49972,98,4.0074
"SC2",32.57243,-85.49949,99,4.0651
"SC2",32.57324,-85.49926,100,4.1227
"SC2",32.57406,-85.49903,101,4.1809
"SC2",32.57418,-85.49906,102,4.1894
"SC2",32.57586,-85.49858,103,4.3090
"SC2",32.57633,-85.49843,104,4.3426
"SC2",32.57661,-85.49832,105,4.3630
"SC2",32.57691,-85.4982,106,4.3849
"SC2",32.57724,-85.49803,107,4.4098
"SC2",32.57727,-85.49791,108,4.4171
"SC2",32.57738,-85.49766,109,4.4335
"SC2",32.57741,-85.4975,110,4.4431
"SC2",32.57744,-85.49738,111,4.4504
"SC2",32.57734,-85.49718,112,4.4639
"SC2",32.5771,-85.49665,113,4.4990
"SC2",32.577,-85.49636,114,4.5173
"SC2",32.57694,-85.49612,115,4.5319
"SC2",32.5769,-85.49579,116,4.5513
"SC2",32.57689,-85.49557,117,4.5641
"SC2",32.5769,-85.49531,118,4.5793
"SC2",32.57693,-85.49498,119,4.5987
"SC2",32.57703,-85.49453,120,4.6258
"SC2",32.57707,-85.49442,121,4.6328
"SC2",32.57721,-85.49409,122,4.6543
"SC2",32.57738,-85.4938,123,4.6749
"SC2",32.57789777231252,-85.49313350585304,124,4.7277
"SC2",32.57832,-85.49259,125,4.7708
"SC2",32.57877,-85.49192,126,4.8208
"SC2",32.57912,-85.49129,127,4.8647
"SC2",32.57929,-85.49094,128,4.8883
"SC2",32.57959,-85.49021,129,4.9356
"SC2",32.57987,-85.48933,130,4.9905
"SC2",32.58003,-85.48866,131,5.0310
"SC2",32.58009,-85.48826,132,5.0547
"SC2",32.5808,-85.48827,133,5.1038
"SC2",32.58286,-85.48827,134,5.2463
"SC2",32.58337,-85.48826,135,5.2816
"SC2",32.58352,-85.48827,136,5.2920
"SC2",32.58373,-85.48831,137,5.3067
"SC2",32.58393,-85.48839,138,5.3213
"SC2",32.58413,-85.48849,139,5.3363
"SC2",32.58451,-85.48878,140,5.3676
"SC2",32.58497,-85.48912,141,5.4051
"SC2",32.58531,-85.48943,142,5.4347
"SC2",32.58579,-85.48976,143,5.4731
"SC2",32.58638,-85.49001,144,5.5164
"SC2",32.58686,-85.4901,145,5.5500
"SC2",32.58736,-85.49012,146,5.5846
"SC2",32.58842,-85.49015,147,5.6580
"SC2",32.58939,-85.49018,148,5.7251
"SC2",32.59043,-85.4902,149,5.7971
"SC2",32.5918,-85.49027,150,5.8919
"SC2",32.59235,-85.49031,151,5.9300
"SC2",32.59233,-85.49004,152,5.9458
"SC2",32.59234,-85.48978,153,5.9610
"SC2",32.59235,-85.4894,154,5.9831
"SC2",32.5924,-85.48895,155,6.0096
"SC2",32.5925,-85.48846,156,6.0390
"SC2",32.59261,-85.48808,157,6.0624
"SC2",32.5927,-85.48784,158,6.0777
"SC2",32.59288,-85.4875,159,6.1011
"SC2",32.59311,-85.48709,160,6.1298
"SC2",32.59343,-85.48654,161,6.1688
"SC2",32.59393,-85.48568,162,6.2297
"SC2",32.59417,-85.48532,163,6.2564
"SC2",32.59448,-85.48482,164,6.2926
"SC2",32.59477,-85.48444,165,6.3225
"SC2",32.595,-85.48416,166,6.3453
"SC2",32.59521,-85.48399,167,6.3628
"SC2",32.59544,-85.48391,168,6.3794
"SC2",32.59579,-85.48387,169,6.4037
"SC2",32.59666,-85.48383,170,6.4640
"SC2",32.59746,-85.48382,171,6.5193
"SC2",32.59792,-85.48384,172,6.5511
"SC2",32.59812,-85.48384,173,6.5650
"SC2",32.59856,-85.48386,174,6.5954
"SC2",32.60044,-85.48387,175,6.7255
"SC2",32.6011,-85.48387,176,6.7711
"SC2",32.60117,-85.48336,177,6.8012
"SC2",32.60119,-85.48322,178,6.8095
"SD1",32.60114,-85.48839,1,0.0000
"SD1",32.60126,-85.4882,2,0.0138
"SD1",32.60146,-85.48799,3,0.0323
"SD1",32.60161,-85.48787,4,0.0448
"SD1",32.60184,-85.48774,5,0.0624
"SD1",32.60202,-85.48766,6,0.0757
"SD1",32.60229,-85.4876,7,0.0947
"SD1",32.60252,-85.48759,8,0.1107
"SD1",32.60267,-85.4876,9,0.1210
"SD1",32.60284,-85.48765,10,0.1332
"SD1",32.60301,-85.48775,11,0.1463
"SD1",32.60323,-85.48794,12,0.1651
"SD1",32.6033,-85.48802,13,0.1718
"SD1",32.60344,-85.48826,14,0.1888
"SD1",32.60357,-85.48854,15,0.2075
"SD1",32.60361,-85.48881,16,0.2234
"SD1",32.60361,-85.48904,17,0.2368
"SD1",32.60354,-85.48936,18,0.2561
"SD1",32.60328,-85.48988,19,0.2913
"SD1",32.60322,-85.49004,20,0.3015
"SD1",32.60319,-85.49019,21,0.3105
"SD1",32.60317,-85.49042,22,0.3240
"SD1",32.60268,-85.49044,23,0.3579
"SD1",32.60145,-85.49047,24,0.4430
"SD1",32.60033,-85.49045,25,0.5205
"SD1",32.59904370148789,-85.49043357916793,26,0.6095
"SD1",32.59798,-85.49042,27,0.6831
"SD1",32.59763,-85.4904,28,0.7073
"SD1",32.59653,-85.49023,29,0.7840
"SD1",32.59595,-85.4902,30,0.8242
"SD1",32.59572,-85.49021,31,0.8401
"SD1",32.59548,-85.49021,32,0.8567
"SD1",32.59453,-85.4903,33,0.9226
"SD1",32.59332,-85.49034,34,1.0064
"SD1",32.59235,-85.49031,35,1.0735
"SD1",32.59127,-85.49023,36,1.1483
"SD1",32.58962,-85.49019,37,1.2625
"SD1",32.5874,-85.49013,38,1.4161
"SD1",32.58675,-85.49009,39,1.4611
"SD1",32.58665,-85.49016,40,1.4691
"SD1",32.58655,-85.49022,41,1.4769
"SD1",32.58643,-85.49036,42,1.4885
"SD1",32.5864,-85.49213,43,1.5917
"SD1",32.5864,-85.49276,44,1.6284
"SD1",32.58638,-85.49293,45,1.6384
"SD1",32.5863,-85.49322,46,1.6562
"SD1",32.58625,-85.49331,47,1.6625
"SD1",32.58617,-85.49347,48,1.6733
"SD1",32.58602,-85.49365,49,1.6881
"SD1",32.58582,-85.4938,50,1.7045
"SD1",32.58574,-85.49385,51,1.7107
"SD1",32.58552,-85.49393,52,1.7266
"SD1",32.58463,-85.49394,53,1.7882
"SD1",32.58441925048828,-85.49394,54,1.8028
"SD1",32.58384,-85.49394,55,1.8428
"SD1",32.58353,-85.49392,56,1.8643
"SD1",32.5833,-85.49389,57,1.8803
"SD1",32.58298,-85.49378,58,1.9034
"SD1",32.5828,-85.4937,59,1.9166
"SD1",32.58261,-85.49361,60,1.9308
"SD1",32.58223,-85.49336,61,1.9609
"SD1",32.58171,-85.49415,62,2.0193
"SD1",32.58147,-85.49448,63,2.0447
"SD1",32.58114,-85.4949,64,2.0782
"SD1",32.58064,-85.49545,65,2.1253
"SD1",32.58021,-85.49589,66,2.1646
"SD1",32.5799,-85.49619,67,2.1923
"SD1",32.57917,-85.49682,68,2.2547
"SD1",32.57872,-85.49716,69,2.2916
"SD1",32.57808,-85.49759,70,2.3425
"SD1",32.57767,-85.49781,71,2.3736
"SD1",32.57706,-85.49813,72,2.4197
"SD1",32.57633,-85.49843,73,2.4732
"SD1",32.57559,-85.49865,74,2.5259
"SD1",32.57418,-85.49906,75,2.6263
"SD1",32.57401,-85.49915,76,2.6392
"SD1",32.57324,-85.49939,77,2.6943
"SD1",32.573,-85.49948,78,2.7117
"SD1",32.57282,-85.4988,79,2.7532
"SD1",32.5724,-85.49725,80,2.8482
"SD1",32.57237,-85.49712,81,2.8560
"SD1",32.57236,-85.49697,82,2.8648
"SD1",32.57238,-85.49667,83,2.8823
"SD1",32.57243,-85.49648,84,2.8939
"SD1",32.57249,-85.49634,85,2.9031
"SD1",32.57259,-85.49615,86,2.9161
"SD1",32.57327,-85.49506,87,2.9952
"SD1",32.57353147695834,-85.49463741097642,88,3.0258
"SD1",32.57426,-85.49346,89,3.1109
"SD1",32.57439,-85.49318,90,3.1295
"SD1",32.57448,-85.49291,91,3.1465
"SD1",32.57496,-85.49149,92,3.2356
"SD1",32.57502,-85.49119,93,3.2536
"SD1",32.57503,-85.49088,94,3.2717
"SD1",32.57503193808379,-85.4906774702438,95,3.2835
"SD1",32.57505,-85.48879,96,3.3935
"SD1",32.57504,-85.48824,97,3.4256
"SD1",32.577,-85.48826,98,3.5612
"SD1",32.57765,-85.48827,99,3.6061
"SD1",32.57764,-85.4887,100,3.6312
"SD1",32.57763399209253,-85.4895471149532,101,3.6806
"SD1",32.57763,-85.49011,102,3.7134
"SD1",32.5775,-85.49035,103,3.7300
"SD1",32.5773,-85.49035,104,3.7439
"SD1",32.57689,-85.49035,105,3.7722
"SD1",32.57651,-85.49034,106,3.7985
"SD1",32.57646,-85.49013,107,3.8112
"SD1",32.57645,-85.48957,108,3.8439
"SD1",32.5768,-85.48957,109,3.8681
"SD1",32.57748,-85.48958,110,3.9151
"SD1",32.57764,-85.48958,111,3.9262
"SD1",32.57764,-85.48877,112,3.9734
"SD1",32.57765,-85.48827,113,4.0026
"SD1",32.5776,-85.48786,114,4.0267
"SD1",32.57789,-85.48775,115,4.0478
"SD1",32.57812,-85.48777,116,4.0637
"SD1",32.57852,-85.48787,117,4.0920
"SD1",32.57874,-85.48789,118,4.1073
"SD1",32.57875,-85.48825,119,4.1283
"SD1",32.57949,-85.48826,120,4.1794
"SD1",32.58025,-85.48826,121,4.2320
"SD1",32.5812,-85.48827,122,4.2977
"SD1",32.58233,-85.48827,123,4.3759
"SD1",32.58345,-85.48827,124,4.4534
"SD1",32.58373,-85.48831,125,4.4729
"SD1",32.58393,-85.48839,126,4.4875
"SD1",32.58413,-85.48849,127,4.5025
"SD1",32.58444,-85.48873,128,4.5281
"SD1",32.58477,-85.48901,129,4.5561
"SD1",32.58443,-85.48963,130,4.5993
"SD1",32.58384,-85.49061,131,4.6695
"SD1",32.58225,-85.49337,132,4.8643
"SD1",32.58257,-85.49358,133,4.8896
"SD1",32.58289,-85.49374,134,4.9136
"SD1",32.58319,-85.49385,135,4.9354
"SD1",32.58333,-85.49389,136,4.9453
"SD1",32.58351,-85.49392,137,4.9579
"SD1",32.58371,-85.49393,138,4.9717
"SD1",32.58406,-85.49394,139,4.9959
"SD1",32.58449,-85.49394,140,5.0257
"SD1",32.58494,-85.49394,141,5.0568
"SD1",32.5854,-85.49393,142,5.0886
"SD1",32.58559,-85.49391,143,5.1018
"SD1",32.58573,-85.49385,144,5.1121
"SD1",32.58592,-85.49373,145,5.1270
"SD1",32.58607,-85.4936,146,5.1399
"SD1",32.5862,-85.49343,147,5.1532
"SD1",32.5863,-85.49319,148,5.1689
"SD1",32.5864,-85.49289,149,5.1877
"SD1",32.5864,-85.49246,150,5.2127
"SD1",32.58641,-85.49191,151,5.2448
"SD1",32.58641,-85.4913,152,5.2803
"SD1",32.58641,-85.49072,153,5.3141
"SD1",32.58643,-85.49024,154,5.3421
"SD1",32.58643,-85.49007,155,5.3521
"SD1",32.58675,-85.49009,156,5.3742
"SD1",32.58693,-85.49011,157,5.3867
"SD1",32.58855,-85.49016,158,5.4988
"SD1",32.59085,-85.49022,159,5.6579
"SD1",32.59127,-85.49023,160,5.6870
"SD1",32.59233,-85.49031,161,5.7605
"SD1",32.59311,-85.49034,162,5.8145
"SD1",32.59352,-85.49034,163,5.8428
"SD1",32.59453,-85.4903,164,5.9127
"SD1",32.59548,-85.49021,165,5.9786
"SD1",32.59595,-85.4902,166,6.0112
"SD1",32.59626,-85.49022,167,6.0326
"SD1",32.59653,-85.49023,168,6.0513
"SD1",32.59742,-85.49038,169,6.1135
"SD1",32.59778,-85.49042,170,6.1385
"SD1",32.59878,-85.49043,171,6.2077
"SD1",32.60105,-85.49046,172,6.3647
"SD1",32.60103,-85.49021,173,6.3793
"SD1",32.60098,-85.4894,174,6.4267
"SD1",32.60101,-85.48896,175,6.4524
"SD1",32.60104,-85.48876,176,6.4642
"SD1",32.60106,-85.48864,177,6.4714
"SD1",32.60113,-85.48842,178,6.4851
"SD2",32.60114,-85.4884,1,0.0000
"SD2",32.60126,-85.4882,2,0.0143
"SD2",32.60146,-85.48799,3,0.0328
"SD2",32.60161,-85.48787,4,0.0453
"SD2",32.60184,-85.48774,5,0.0629
"SD2",32.60202,-85.48766,6,0.0762
"SD2",32.60229,-85.4876,7,0.0952
"SD2",32.60252,-85.48759,8,0.1111
"SD2",32.60267,-85.4876,9,0.1215
"SD2",32.60284,-85.48765,10,0.1336
"SD2",32.60301,-85.48775,11,0.1468
"SD2",32.60323,-85.48794,12,0.1656
"SD2",32.6033,-85.48802,13,0.1723
"SD2",32.60344,-85.48826,14,0.1893
"SD2",32.60357,-85.48854,15,0.2079
"SD2",32.60361,-85.48881,16,0.2239
"SD2",32.60361,-85.48904,17,0.2373
"SD2",32.60354,-85.48936,18,0.2566
"SD2",32.60328,-85.48988,19,0.2918
"SD2",32.60322,-85.49004,20,0.3020
"SD2",32.60319,-85.49019,21,0.3110
"SD2",32.60317,-85.49042,22,0.3245
"SD2",32.60268,-85.49044,23,0.3584
"SD2",32.60145,-85.49047,24,0.4435
"SD2",32.60033,-85.49045,25,0.5210
"SD2",32.59904370148789,-85.49043357916793,26,0.6099
"SD2",32.59798,-85.49042,27,0.6835
"SD2",32.59763,-85.4904,28,0.7078
"SD2",32.59653,-85.49023,29,0.7845
"SD2",32.59595,-85.4902,30,0.8247
"SD2",32.59572,-85.49021,31,0.8406
"SD2",32.59548,-85.49021,32,0.8572
"SD2",32.59453,-85.4903,33,0.9231
"SD2",32.59332,-85.49034,34,1.0068
"SD2",32.59235,-85.49031,35,1.0739
"SD2",32.59127,-85.49023,36,1.1488
"SD2",32.58962,-85.49019,37,1.2629
"SD2",32.5874,-85.49013,38,1.4165
"SD2",32.58675,-85.49009,39,1.4616
"SD2",32.58665,-85.49016,40,1.4696
"SD2",32.58655,-85.49022,41,1.4773
"SD2",32.58643,-85.49036,42,1.4890
"SD2",32.5864,-85.49213,43,1.5922
"SD2",32.5864,-85.49276,44,1.6289
"SD2",32.58638,-85.49293,45,1.6389
"SD2",32.5863,-85.49322,46,1.6567
"SD2",32.58625,-85.49331,47,1.6630
"SD2",32.58617,-85.49347,48,1.6738
"SD2",32.58602,-85.49365,49,1.6886
"SD2",32.58582,-85.4938,50,1.7049
"SD2",32.58574,-85.49385,51,1.7112
"SD2",32.58552,-85.49393,52,1.7271
"SD2",32.58463,-85.49394,53,1.7887
"SD2",32.58441925048828,-85.49394,54,1.8032
"SD2",32.58384,-85.49394,55,1.8433
"SD2",32.58353,-85.49392,56,1.8648
"SD2",32.5833,-85.49389,57,1.8808
"SD2",32.58298,-85.49378,58,1.9038
"SD2",32.5828,-85.4937,59,1.9171
"SD2",32.58261,-85.49361,60,1.9313
"SD2",32.58223,-85.49336,61,1.9613
"SD2",32.58171,-85.49415,62,2.0198
"SD2",32.58147,-85.49448,63,2.0452
"SD2",32.58114,-85.4949,64,2.0786
"SD2",32.58064,-85.49545,65,2.1258
"SD2",32.58021,-85.49589,66,2.1651
"SD2",32.5799,-85.49619,67,2.1927
"SD2",32.57917,-85.49682,68,2.2552
"SD2",32.57872,-85.49716,69,2.2921
"SD2",32.57808,-85.49759,70,2.3429
"SD2",32.57767,-85.49781,71,2.3741
"SD2",32.57706,-85.49813,72,2.4202
"SD2",32.57633,-85.49843,73,2.4736
"SD2",32.57559,-85.49865,74,2.5264
"SD2",32.57418,-85.49906,75,2.6268
"SD2",32.57401,-85.49915,76,2.6397
"SD2",32.57324,-85.49939,77,2.6948
"SD2",32.573,-85.49948,78,2.7122
"SD2",32.57282,-85.4988,79,2.7537
"SD2",32.5724,-85.49725,80,2.8486
"SD2",32.57237,-85.49712,81,2.8565
"SD2",32.57236,-85.49697,82,2.8653
"SD2",32.57238,-85.49667,83,2.8828
"SD2",32.57243,-85.49648,84,2.8944
"SD2",32.57249,-85.49634,85,2.9036
"SD2",32.57259,-85.49615,86,2.9166
"SD2",32.57327,-85.49506,87,2.9957
"SD2",32.57353147695834,-85.49463741097642,88,3.0262
"SD2",32.57426,-85.49346,89,3.1114
"SD2",32.57439,-85.49318,90,3.1300
"SD2",32.57448,-85.49291,91,3.1469
"SD2",32.57496,-85.49149,92,3.2361
"SD2",32.57502,-85.49119,93,3.2541
"SD2",32.57503,-85.49088,94,3.2722
"SD2",32.57503193808379,-85.4906774702438,95,3.2840
"SD2",32.57505,-85.48879,96,3.3940
"SD2",32.57504,-85.48824,97,3.4261
"SD2",32.577,-85.48826,98,3.5616
"SD2",32.57765,-85.48827,99,3.6066
"SD2",32.57764,-85.4887,100,3.6317
"SD2",32.57763399209253,-85.4895471149532,101,3.6811
"SD2",32.57763,-85.49011,102,3.7139
"SD2",32.5775,-85.49035,103,3.7305
"SD2",32.5773,-85.49035,104,3.7443
"SD2",32.57689,-85.49035,105,3.7727
"SD2",32.57651,-85.49034,106,3.7990
"SD2",32.57646,-85.49013,107,3.8117
"SD2",32.57645,-85.48957,108,3.8444
"SD2",32.5768,-85.48957,109,3.8686
"SD2",32.57748,-85.48958,110,3.9156
"SD2",32.57764,-85.48958,111,3.9267
"SD2",32.57764,-85.48877,112,3.9739
"SD2",32.57765,-85.48827,113,4.0030
"SD2",32.5776,-85.48786,114,4.0272
"SD2",32.57789,-85.48775,115,4.0482
"SD2",32.57812,-85.48777,116,4.0642
"SD2",32.57852,-85.48787,117,4.0925
"SD2",32.57874,-85.48789,118,4.1077
"SD2",32.57875,-85.48825,119,4.1287
"SD2",32.57949,-85.48826,120,4.1799
"SD2",32.58025,-85.48826,121,4.2325
"SD2",32.5812,-85.48827,122,4.2982
"SD2",32.58233,-85.48827,123,4.3764
"SD2",32.58345,-85.48827,124,4.4538
"SD2",32.58373,-85.48831,125,4.4733
"SD2",32.58393,-85.48839,126,4.4879
"SD2",32.58413,-85.48849,127,4.5029
"SD2",32.58444,-85.48873,128,4.5286
"SD2",32.58477,-85.48901,129,4.5566
"SD2",32.58439,-85.48972,130,4.6056
"SD2",32.58356,-85.49114,131,4.7064
"SD2",32.58238,-85.49306,132,4.8449
"SD2",32.58224,-85.49334,133,4.8638
"SD2",32.58256,-85.49359,134,4.8903
"SD2",32.58294,-85.49375,135,4.9182
"SD2",32.58329,-85.49388,136,4.9436
"SD2",32.58356,-85.49393,137,4.9625
"SD2",32.58396,-85.49394,138,4.9902
"SD2",32.58467,-85.49394,139,5.0393
"SD2",32.58506,-85.49394,140,5.0663
"SD2",32.58543,-85.49394,141,5.0919
"SD2",32.58566,-85.49389,142,5.1080
"SD2",32.58587,-85.49377,143,5.1242
"SD2",32.58594151817211,-85.49370470079937,144,5.1304
"SD2",32.5861,-85.49356,145,5.1442
"SD2",32.58627,-85.49328,146,5.1643
"SD2",32.58638,-85.49296,147,5.1845
"SD2",32.5864,-85.49255,148,5.2084
"SD2",32.58641,-85.49189,149,5.2469
"SD2",32.58641,-85.49139,150,5.2760
"SD2",32.58641,-85.49087,151,5.3063
"SD2",32.58642,-85.49037,152,5.3355
"SD2",32.58644,-85.49002,153,5.3559
"SD2",32.58675,-85.49009,154,5.3778
"SD2",32.58693,-85.49011,155,5.3903
"SD2",32.58845,-85.49016,156,5.4954
"SD2",32.59127,-85.49023,157,5.6906
"SD2",32.59233,-85.49031,158,5.7640
"SD2",32.59311,-85.49034,159,5.8180
"SD2",32.5935,-85.49034,160,5.8450
"SD2",32.59453,-85.4903,161,5.9163
"SD2",32.59548,-85.49021,162,5.9822
"SD2",32.59595,-85.4902,163,6.0147
"SD2",32.59617,-85.49021,164,6.0299
"SD2",32.59653,-85.49023,165,6.0549
"SD2",32.59742,-85.49038,166,6.1170
"SD2",32.59785,-85.49042,167,6.1469
"SD2",32.59894,-85.49044,168,6.2223
"SD2",32.60105,-85.49046,169,6.3682
"SD2",32.60103,-85.49017,170,6.3852
"SD2",32.60098,-85.4894,171,6.4302
"SD2",32.60101,-85.48896,172,6.4559
"SD2",32.60106,-85.48864,173,6.4749
"SD2",32.60114,-85.4884,174,6.4899
"SD3",32.60114,-85.4884,1,0.0000
"SD3",32.60126,-85.4882,2,0.0143
"SD3",32.60146,-85.48799,3,0.0328
"SD3",32.60161,-85.48787,4,0.0453
"SD3",32.60184,-85.48774,5,0.0629
"SD3",32.60202,-85.48766,6,0.0762
"SD3",32.60229,-85.4876,7,0.0952
"SD3",32.60252,-85.48759,8,0.1111
"SD3",32.60267,-85.4876,9,0.1215
"SD3",32.60284,-85.48765,10,0.1336
"SD3",32.60301,-85.48775,11,0.1468
"SD3",32.60323,-85.48794,12,0.1656
"SD3",32.6033,-85.48802,13,0.1723
"SD3",32.60344,-85.48826,14,0.1893
"SD3",32.60357,-85.48854,15,0.2079
"SD3",32.60361,-85.48881,16,0.2239
"SD3",32.60361,-85.48904,17,0.2373
"SD3",32.60354,-85.48936,18,0.2566
"SD3",32.60328,-85.48988,19,0.2918
"SD3",32.60322,-85.49004,20,0.3020
"SD3",32.60319,-85.49019,21,0.3110
"SD3",32.60317,-85.49042,22,0.3245
"SD3",32.60268,-85.49044,23,0.3584
"SD3",32.60145,-85.49047,24,0.4435
"SD3",32.60033,-85.49045,25,0.5210
"SD3",32.59904370148789,-85.49043357916793,26,0.6099
"SD3",32.59798,-85.49042,27,0.6835
"SD3",32.59763,-85.4904,28,0.7078
"SD3",32.59653,-85.49023,29,0.7845
"SD3",32.59595,-85.4902,30,0.8247
"SD3",32.59572,-85.49021,31,0.8406
"SD3",32.59548,-85.49021,32,0.8572
"SD3",32.59453,-85.4903,33,0.9231
"SD3",32.59332,-85.49034,34,1.0068
"SD3",32.59235,-85.49031,35,1.0739
"SD3",32.59127,-85.49023,36,1.1488
"SD3",32.58962,-85.49019,37,1.2629
"SD3",32.5874,-85.49013,38,1.4165
"SD3",32.58675,-85.49009,39,1.4616
"SD3",32.58665,-85.49016,40,1.4696
"SD3",32.58655,-85.49022,41,1.4773
"SD3",32.58643,-85.49036,42,1.4890
"SD3",32.5864,-85.49213,43,1.5922
"SD3",32.5864,-85.49276,44,1.6289
"SD3",32.58638,-85.49293,45,1.6389
"SD3",32.5863,-85.49322,46,1.6567
"SD3",32.58625,-85.49331,47,1.6630
"SD3",32.58617,-85.49347,48,1.6738
"SD3",32.58602,-85.49365,49,1.6886
"SD3",32.58582,-85.4938,50,1.7049
"SD3",32.58574,-85.49385,51,1.7112
"SD3",32.58552,-85.49393,52,1.7271
"SD3",32.58463,-85.49394,53,1.7887
"SD3",32.58441925048828,-85.49394,54,1.8032
"SD3",32.58384,-85.49394,55,1.8433
"SD3",32.58353,-85.49392,56,1.8648
"SD3",32.5833,-85.49389,57,1.8808
"SD3",32.58298,-85.49378,58,1.9038
"SD3",32.5828,-85.4937,59,1.9171
"SD3",32.58261,-85.49361,60,1.9313
"SD3",32.58223,-85.49336,61,1.9613
"SD3",32.58171,-85.49415,62,2.0198
"SD3",32.58147,-85.49448,63,2.0452
"SD3",32.58114,-85.4949,64,2.0786
"SD3",32.58064,-85.49545,65,2.1258
"SD3",32.58021,-85.49589,66,2.1651
"SD3",32.5799,-85.49619,67,2.1927
"SD3",32.57917,-85.49682,68,2.2552
"SD3",32.57872,-85.49716,69,2.2921
"SD3",32.57808,-85.49759,70,2.3429
"SD3",32.57767,-85.49781,71,2.3741
"SD3",32.57706,-85.49813,72,2.4202
"SD3",32.57633,-85.49843,73,2.4736
"SD3",32.57559,-85.49865,74,2.5264
"SD3",32.57418,-85.49906,75,2.6268
"SD3",32.57401,-85.49915,76,2.6397
"SD3",32.57324,-85.49939,77,2.6948
"SD3",32.573,-85.49948,78,2.7122
"SD3",32.57282,-85.4988,79,2.7537
"SD3",32.5724,-85.49725,80,2.8486
"SD3",32.57237,-85.49712,81,2.8565
"SD3",32.57236,-85.49697,82,2.8653
"SD3",32.57238,-85.49667,83,2.8828
"SD3",32.57243,-85.49648,84,2.8944
"SD3",32.57249,-85.49634,85,2.9036
"SD3",32.57259,-85.49615,86,2.9166
"SD3",32.57327,-85.49506,87,2.9957
"SD3",32.57353147695834,-85.49463741097642,88,3.0262
"SD3",32.57426,-85.49346,89,3.1114
"SD3",32.57439,-85.49318,90,3.1300
"SD3",32.57448,-85.49291,91,3.1469
"SD3",32.57496,-85.49149,92,3.2361
"SD3",32.57502,-85.49119,93,3.2541
"SD3",32.57503,-85.49088,94,3.2722
"SD3",32.57503193808379,-85.4906774702438,95,3.2840
"SD3",32.57505,-85.48879,96,3.3940
"SD3",32.57504,-85.48824,97,3.4261
"SD3",32.577,-85.48826,98,3.5616
"SD3",32.57765,-85.48827,99,3.6066
"SD3",32.57764,-85.4887,100,3.6317
"SD3",32.57763399209253,-85.4895471149532,101,3.6811
"SD3",32.57763,-85.49011,102,3.7139
"SD3",32.5775,-85.49035,103,3.7305
"SD3",32.5773,-85.49035,104,3.7443
"SD3",32.57689,-85.49035,105,3.7727
"SD3",32.57651,-85.49034,106,3.7990
"SD3",32.57646,-85.49013,107,3.8117
"SD3",32.57645,-85.48957,108,3.8444
"SD3",32.5768,-85.48957,109,3.8686
"SD3",32.57748,-85.48958,110,3.9156
"SD3",32.57764,-85.48958,111,3.9267
"SD3",32.57764,-85.48877,112,3.9739
"SD3",32.57765,-85.48827,113,4.0030
"SD3",32.5776,-85.48786,114,4.0272
"SD3",32.57789,-85.48775,115,4.0482
"SD3",32.57812,-85.48777,116,4.0642
"SD3",32.57852,-85.48787,117,4.0925
"SD3",32.57874,-85.48789,118,4.1077
"SD3",32.57875,-85.48825,119,4.1287
"SD3",32.57949,-85.48826,120,4.1799
"SD3",32.58025,-85.48826,121,4.2325
"SD3",32.5812,-85.48827,122,4.2982
"SD3",32.58233,-85.48827,123,4.3764
"SD3",32.58345,-85.48827,124,4.4538
"SD3",32.58373,-85.48831,125,4.4733
"SD3",32.58393,-85.48839,126,4.4879
"SD3",32.58413,-85.48849,127,4.5029
"SD3",32.58444,-85.48873,128,4.5286
"SD3",32.58477,-85.48901,129,4.5566
"SD3",32.58442,-85.48963,130,4.6001
"SD3",32.58362,-85.49105,131,4.6997
"SD3",32.58279,-85.49237,132,4.7957
"SD3",32.58223,-85.49334,133,4.8642
"SD3",32.58256,-85.49357,134,4.8907
"SD3",32.583,-85.4938,135,4.9239
"SD3",32.58332,-85.49389,136,4.9467
"SD3",32.58364,-85.49393,137,4.9689
"SD3",32.58419,-85.49395,138,5.0070
"SD3",32.58489,-85.49394,139,5.0554
"SD3",32.58547,-85.49394,140,5.0955
"SD3",32.58569,-85.49389,141,5.1110
"SD3",32.58589,-85.49376,142,5.1268
"SD3",32.58605,-85.49361,143,5.1409
"SD3",32.5862,-85.49342,144,5.1561
"SD3",32.58635,-85.49309,145,5.1779
"SD3",32.58639,-85.49283,146,5.1933
"SD3",32.5864,-85.49224,147,5.2277
"SD3",32.58641,-85.49144,148,5.2744
"SD3",32.58642,-85.49082,149,5.3105
"SD3",32.58643,-85.49007,150,5.3542
"SD3",32.58675,-85.49009,151,5.3764
"SD3",32.58693,-85.49011,152,5.3889
"SD3",32.58807,-85.49015,153,5.4678
"SD3",32.59059,-85.49021,154,5.6421
"SD3",32.59127,-85.49023,155,5.6892
"SD3",32.59233,-85.49031,156,5.7626
"SD3",32.59311,-85.49034,157,5.8166
"SD3",32.5937,-85.49033,158,5.8574
"SD3",32.59453,-85.4903,159,5.9149
"SD3",32.59548,-85.49021,160,5.9808
"SD3",32.59595,-85.4902,161,6.0133
"SD3",32.59653,-85.49023,162,6.0535
"SD3",32.59671,-85.49026,163,6.0660
"SD3",32.59742,-85.49038,164,6.1156
"SD3",32.59785,-85.49042,165,6.1455
"SD3",32.59915,-85.49044,166,6.2354
"SD3",32.60105,-85.49046,167,6.3668
"SD3",32.60103,-85.49017,168,6.3838
"SD3",32.60098,-85.4894,169,6.4288
"SD3",32.60101,-85.48896,170,6.4545
"SD3",32.60106,-85.48864,171,6.4735
"SD3",32.60114,-85.4884,172,6.4885
"SD4",32.60114,-85.48839,1,0.0000
"SD4",32.60126,-85.4882,2,0.0138
"SD4",32.60146,-85.48799,3,0.0323
"SD4",32.60161,-85.48787,4,0.0448
"SD4",32.60184,-85.48774,5,0.0624
"SD4",32.60202,-85.48766,6,0.0757
"SD4",32.60229,-85.4876,7,0.0947
"SD4",32.60252,-85.48759,8,0.1107
"SD4",32.60267,-85.4876,9,0.1210
"SD4",32.60284,-85.48765,10,0.1332
"SD4",32.60301,-85.48775,11,0.1463
"SD4",32.60323,-85.48794,12,0.1651
"SD4",32.6033,-85.48802,13,0.1718
"SD4",32.60344,-85.48826,14,0.1888
"SD4",32.60357,-85.48854,15,0.2075
"SD4",32.60361,-85.48881,16,0.2234
"SD4",32.60361,-85.48904,17,0.2368
"SD4",32.60354,-85.48936,18,0.2561
"SD4",32.60328,-85.48988,19,0.2913
"SD4",32.60322,-85.49004,20,0.3015
"SD4",32.60319,-85.49019,21,0.3105
"SD4",32.60317,-85.49042,22,0.3240
"SD4",32.60268,-85.49044,23,0.3579
"SD4",32.60145,-85.49047,24,0.4430
"SD4",32.60033,-85.49045,25,0.5205
"SD4",32.59904370148789,-85.49043357916793,26,0.6095
"SD4",32.59798,-85.49042,27,0.6831
"SD4",32.59763,-85.4904,28,0.7073
"SD4",32.59653,-85.49023,29,0.7840
"SD4",32.59595,-85.4902,30,0.8242
"SD4",32.59572,-85.49021,31,0.8401
"SD4",32.59548,-85.49021,32,0.8567
"SD4",32.59453,-85.4903,33,0.9226
"SD4",32.59332,-85.49034,34,1.0064
"SD4",32.59235,-85.49031,35,1.0735
"SD4",32.59127,-85.49023,36,1.1483
"SD4",32.58962,-85.49019,37,1.2625
"SD4",32.5874,-85.49013,38,1.4161
"SD4",32.58675,-85.49009,39,1.4611
"SD4",32.58665,-85.49016,40,1.4691
"SD4",32.58655,-85.49022,41,1.4769
"SD4",32.58643,-85.49036,42,1.4885
"SD4",32.5864,-85.49213,43,1.5917
"SD4",32.5864,-85.49276,44,1.6284
"SD4",32.58638,-85.49293,45,1.6384
"SD4",32.5863,-85.49322,46,1.6562
"SD4",32.58625,-85.49331,47,1.6625
"SD4",32.58617,-85.49347,48,1.6733
"SD4",32.58602,-85.49365,49,1.6881
"SD4",32.58582,-85.4938,50,1.7045
"SD4",32.58574,-85.49385,51,1.7107
"SD4",32.58552,-85.49393,52,1.7266
"SD4",32.58463,-85.49394,53,1.7882
"SD4",32.58441925048828,-85.49394,54,1.8028
"SD4",32.58384,-85.49394,55,1.8428
"SD4",32.58353,-85.49392,56,1.8643
"SD4",32.5833,-85.49389,57,1.8803
"SD4",32.58298,-85.49378,58,1.9034
"SD4",32.5828,-85.4937,59,1.9166
"SD4",32.58261,-85.49361,60,1.9308
"SD4",32.58223,-85.49336,61,1.9609
"SD4",32.58171,-85.49415,62,2.0193
"SD4",32.58147,-85.49448,63,2.0447
"SD4",32.58114,-85.4949,64,2.0782
"SD4",32.58064,-85.49545,65,2.1253
"SD4",32.58021,-85.49589,66,2.1646
"SD4",32.5799,-85.49619,67,2.1923
"SD4",32.57917,-85.49682,68,2.2547
"SD4",32.57872,-85.49716,69,2.2916
"SD4",32.57808,-85.49759,70,2.3425
"SD4",32.57767,-85.49781,71,2.3736
"SD4",32.57706,-85.49813,72,2.4197
"SD4",32.57633,-85.49843,73,2.4732
"SD4",32.57559,-85.49865,74,2.5259
"SD4",32.57418,-85.49906,75,2.6263
"SD4",32.57401,-85.49915,76,2.6392
"SD4",32.57324,-85.49939,77,2.6943
"SD4",32.573,-85.49948,78,2.7117
"SD4",32.57282,-85.4988,79,2.7532
"SD4",32.5724,-85.49725,80,2.8482
"SD4",32.57237,-85.49712,81,2.8560
"SD4",32.57236,-85.49697,82,2.8648
"SD4",32.57238,-85.49667,83,2.8823
"SD4",32.57243,-85.49648,84,2.8939
"SD4",32.57249,-85.49634,85,2.9031
"SD4",32.57259,-85.49615,86,2.9161
"SD4",32.57327,-85.49506,87,2.9952
"SD4",32.57353147695834,-85.49463741097642,88,3.0258
"SD4",32.57426,-85.49346,89,3.1109
"SD4",32.57439,-85.49318,90,3.1295
"SD4",32.57448,-85.49291,91,3.1465
"SD4",32.57496,-85.49149,92,3.2356
"SD4",32.57502,-85.49119,93,3.2536
"SD4",32.57503,-85.49088,94,3.2717
"SD4",32.57503193808379,-85.4906774702438,95,3.2835
"SD4",32.57505,-85.48879,96,3.3935
"SD4",32.57504,-85.48824,97,3.4256
"SD4",32.577,-85.48826,98,3.5612
"SD4",32.57765,-85.48827,99,3.6061
"SD4",32.57764,-85.4887,100,3.6312
"SD4",32.57763399209253,-85.4895471149532,101,3.6806
"SD4",32.57763,-85.49011,102,3.7134
"SD4",32.5775,-85.49035,103,3.7300
"SD4",32.5773,-85.49035,104,3.7439
"SD4",32.57689,-85.49035,105,3.7722
"SD4",32.57651,-85.49034,106,3.7985
"SD4",32.57646,-85.49013,107,3.8112
"SD4",32.57645,-85.48957,108,3.8439
"SD4",32.5768,-85.48957,109,3.8681
"SD4",32.57748,-85.48958,110,3.9151
"SD4",32.57764,-85.48958,111,3.9262
"SD4",32.57764,-85.48877,112,3.9734
"SD4",32.57765,-85.48827,113,4.0026
"SD4",32.5776,-85.48786,114,4.0267
"SD4",32.57789,-85.48775,115,4.0478
"SD4",32.57812,-85.48777,116,4.0637
"SD4",32.57852,-85.48787,117,4.0920
"SD4",32.57874,-85.48789,118,4.1073
"SD4",32.57875,-85.48825,119,4.1283
"SD4",32.57949,-85.48826,120,4.1794
"SD4",32.58025,-85.48826,121,4.2320
"SD4",32.5812,-85.48827,122,4.2977
"SD4",32.58233,-85.48827,123,4.3759
"SD4",32.58345,-85.48827,124,4.4534
"SD4",32.58373,-85.48831,125,4.4729
"SD4",32.58393,-85.48839,126,4.4875
"SD4",32.58413,-85.48849,127,4.5025
"SD4",32.58444,-85.48873,128,4.5281
"SD4",32.58477,-85.48901,129,4.5561
"SD4",32.58435,-85.48975,130,4.6081
"SD4",32.58384,-85.49069,131,4.6733
"SD4",32.58294,-85.49217,132,4.7797
"SD4",32.58224,-85.49335,133,4.8638
"SD4",32.5826,-85.4936,134,4.8926
"SD4",32.58292,-85.49375,135,4.9164
"SD4",32.58319,-85.49385,136,4.9360
"SD4",32.58348,-85.49392,137,4.9565
"SD4",32.58383,-85.49395,138,4.9807
"SD4",32.58434,-85.49395,139,5.0160
"SD4",32.58484,-85.49394,140,5.0506
"SD4",32.58538,-85.49393,141,5.0880
"SD4",32.5856,-85.49392,142,5.1032
"SD4",32.58587,-85.49378,143,5.1236
"SD4",32.58601,-85.49366,144,5.1355
"SD4",32.58621,-85.4934,145,5.1560
"SD4",32.58635,-85.49306,146,5.1781
"SD4",32.58639,-85.49269,147,5.1998
"SD4",32.58641,-85.4917,148,5.2576
"SD4",32.58642,-85.49071,149,5.3153
"SD4",32.58645,-85.49002,150,5.3555
"SD4",32.58675,-85.49009,151,5.3767
"SD4",32.58693,-85.49011,152,5.3892
"SD4",32.58847,-85.49016,153,5.4957
"SD4",32.59094,-85.49022,154,5.6666
"SD4",32.59127,-85.49023,155,5.6895
"SD4",32.59233,-85.49031,156,5.7629
"SD4",32.59311,-85.49034,157,5.8169
"SD4",32.5943,-85.49031,158,5.8992
"SD4",32.59548,-85.49021,159,5.9811
"SD4",32.59595,-85.4902,160,6.0136
"SD4",32.59653,-85.49023,161,6.0538
"SD4",32.59703,-85.49031,162,6.0886
"SD4",32.59742,-85.49038,163,6.1159
"SD4",32.59785,-85.49042,164,6.1458
"SD4",32.59979,-85.49045,165,6.2800
"SD4",32.60105,-85.49046,166,6.3671
"SD4",32.60103,-85.4902,167,6.3823
"SD4",32.60098,-85.4894,168,6.4291
"SD4",32.60101,-85.48896,169,6.4548
"SD4",32.60106,-85.48864,170,6.4738
"SD4",32.60114,-85.4884,171,6.4888
"WC1",32.60242,-85.4876,1,0.0000
"WC1",32.60252,-85.48759,2,0.0069
"WC1",32.60267,-85.4876,3,0.0173
"WC1",32.60284,-85.48765,4,0.0294
"WC1",32.60301,-85.48775,5,0.0426
"WC1",32.60323,-85.48794,6,0.0614
"WC1",32.60338,-85.48815,7,0.0774
"WC1",32.60347,-85.48832,8,0.0891
"WC1",32.60357,-85.48854,9,0.1037
"WC1",32.60361,-85.48881,10,0.1197
"WC1",32.60361,-85.48904,11,0.1331
"WC1",32.60354,-85.48936,12,0.1523
"WC1",32.60323,-85.49003,13,0.1969
"WC1",32.60319,-85.49019,14,0.2066
"WC1",32.60317,-85.49042,15,0.2201
"WC1",32.603688637187105,-85.4904157834375,16,0.2560
"WC1",32.6044,-85.49041,17,0.3052
"WC1",32.60512,-85.49043,18,0.3550
"WC1",32.6058,-85.49037,19,0.4021
"WC1",32.6062,-85.49037,20,0.4298
"WC1",32.60636,-85.49037,21,0.4409
"WC1",32.60636,-85.49236,22,0.5568
"WC1",32.60634,-85.4936,23,0.6291
"WC1",32.60623,-85.49408,24,0.6581
"WC1",32.60618,-85.49419,25,0.6654
"WC1",32.60608,-85.49439,26,0.6789
"WC1",32.60592,-85.49463,27,0.6968
"WC1",32.60577,-85.49482,28,0.7119
"WC1",32.60555,-85.49504,29,0.7318
"WC1",32.60515,-85.4953,30,0.7634
"WC1",32.60478,-85.49547,31,0.7908
"WC1",32.60446,-85.49554,32,0.8133
"WC1",32.60429,-85.49554,33,0.8251
"WC1",32.60408,-85.49551,34,0.8397
"WC1",32.60405,-85.49585,35,0.8596
"WC1",32.60401,-85.4964,36,0.8918
"WC1",32.604,-85.49764,37,0.9641
"WC1",32.60398,-85.49895,38,1.0404
"WC1",32.60396,-85.50085,39,1.1511
"WC1",32.60478,-85.50086,40,1.2079
"WC1",32.60546,-85.50092,41,1.2550
"WC1",32.60614,-85.50093,42,1.3021
"WC1",32.60609,-85.50171,43,1.3476
"WC1",32.60602,-85.5028,44,1.4113
"WC1",32.606,-85.5032,45,1.4347
"WC1",32.60745,-85.50323,46,1.5350
"WC1",32.60846,-85.50326,47,1.6049
"WC1",32.60856,-85.50261,48,1.6434
"WC1",32.60874,-85.50207,49,1.6772
"WC1",32.60884,-85.50172,50,1.6988
"WC1",32.60898,-85.50102,51,1.7407
"WC1",32.60904,-85.50054,52,1.7690
"WC1",32.60907,-85.50006,53,1.7970
"WC1",32.609098536636644,-85.49926097417396,54,1.8436
"WC1",32.60911,-85.49894,55,1.8623
"WC1",32.60863,-85.49893,56,1.8955
"WC1",32.60796,-85.49894,57,1.9419
"WC1",32.60728,-85.49895,58,1.9889
"WC1",32.60661,-85.49896,59,2.0353
"WC1",32.60624,-85.49897,60,2.0609
"WC1",32.60627,-85.49861,61,2.0819
"WC1",32.60631,-85.49785,62,2.1263
"WC1",32.60632,-85.49714,63,2.1677
"WC1",32.60634,-85.49527,64,2.2767
"WC1",32.60633,-85.49481,65,2.3035
"WC1",32.6063,-85.49467,66,2.3119
"WC1",32.60625,-85.49457,67,2.3187
"WC1",32.60608,-85.49439,68,2.3344
"WC1",32.60623,-85.49408,69,2.3553
"WC1",32.60633,-85.49364,70,2.3818
"WC1",32.60635,-85.49308,71,2.4145
"WC1",32.60636,-85.49256,72,2.4448
"WC1",32.60636,-85.49204,73,2.4751
"WC1",32.60636,-85.49151,74,2.5060
"WC1",32.60636,-85.49099,75,2.5363
"WC1",32.60636,-85.49046,76,2.5671
"WC1",32.60593,-85.49037,77,2.5973
"WC1",32.60555,-85.4904,78,2.6237
"WC1",32.60512,-85.49043,79,2.6535
"WC1",32.60455,-85.49041,80,2.6929
"WC1",32.60389,-85.49041,81,2.7386
"WC1",32.60324,-85.49041,82,2.7835
"WC1",32.60262,-85.49044,83,2.8265
"WC1",32.60145,-85.49047,84,2.9074
"WC1",32.60105,-85.49046,85,2.9351
"WC1",32.60103,-85.49019,86,2.9509
"WC1",32.60098,-85.4894,87,2.9970
"WC1",32.60101,-85.48896,88,3.0228
"WC1",32.60106,-85.48864,89,3.0417
"WC1",32.60116,-85.48836,90,3.0595
"WC1",32.60126,-85.4882,91,3.0711
"WC1",32.60146,-85.48799,92,3.0895
"WC1",32.60166,-85.48784,93,3.1059
"WC1",32.60198,-85.48767,94,3.1301
"WC1",32.60218,-85.48762,95,3.1443
"WC1",32.60239,-85.4876,96,3.1589
"WC2",32.60243,-85.48759,1,0.0000
"WC2",32.60252,-85.48759,2,0.0062
"WC2",32.60267,-85.4876,3,0.0166
"WC2",32.60284,-85.48765,4,0.0287
"WC2",32.60301,-85.48775,5,0.0419
"WC2",32.60323,-85.48794,6,0.0607
"WC2",32.60338,-85.48815,7,0.0767
"WC2",32.60347,-85.48832,8,0.0884
"WC2",32.60357,-85.48854,9,0.1030
"WC2",32.60361,-85.48881,10,0.1190
"WC2",32.60361,-85.48904,11,0.1324
"WC2",32.60354,-85.48936,12,0.1516
"WC2",32.60323,-85.49003,13,0.1962
"WC2",32.60319,-85.49019,14,0.2059
"WC2",32.60317,-85.49042,15,0.2194
"WC2",32.603688637187105,-85.4904157834375,16,0.2552
"WC2",32.6044,-85.49041,17,0.3044
"WC2",32.60512,-85.49043,18,0.3543
"WC2",32.6058,-85.49037,19,0.4014
"WC2",32.6062,-85.49037,20,0.4291
"WC2",32.60636,-85.49037,21,0.4402
"WC2",32.60636,-85.49236,22,0.5561
"WC2",32.60634,-85.4936,23,0.6284
"WC2",32.60623,-85.49408,24,0.6574
"WC2",32.60618,-85.49419,25,0.6647
"WC2",32.60608,-85.49439,26,0.6782
"WC2",32.60592,-85.49463,27,0.6960
"WC2",32.60577,-85.49482,28,0.7112
"WC2",32.60555,-85.49504,29,0.7311
"WC2",32.60515,-85.4953,30,0.7627
"WC2",32.60478,-85.49547,31,0.7901
"WC2",32.60446,-85.49554,32,0.8126
"WC2",32.60429,-85.49554,33,0.8244
"WC2",32.60408,-85.49551,34,0.8390
"WC2",32.60405,-85.49585,35,0.8589
"WC2",32.60401,-85.4964,36,0.8911
"WC2",32.604,-85.49764,37,0.9633
"WC2",32.60398,-85.49895,38,1.0397
"WC2",32.60396,-85.50033,39,1.1201
"WC2",32.60396,-85.50085,40,1.1504
"WC2",32.60413,-85.50085,41,1.1622
"WC2",32.60478,-85.50086,42,1.2071
"WC2",32.60552,-85.50092,43,1.2584
"WC2",32.60614,-85.50093,44,1.3013
"WC2",32.60608,-85.50181,45,1.3528
"WC2",32.606,-85.5032,46,1.4340
"WC2",32.60633,-85.50321,47,1.4568
"WC2",32.60842,-85.50326,48,1.6014
"WC2",32.60848,-85.50295,49,1.6199
"WC2",32.60856,-85.50261,50,1.6405
"WC2",32.60871,-85.50216,51,1.6687
"WC2",32.60884,-85.50172,52,1.6959
"WC2",32.60894,-85.50124,53,1.7247
"WC2",32.60904,-85.50054,54,1.7660
"WC2",32.60907,-85.49999,55,1.7982
"WC2",32.60909777091937,-85.49926101336668,56,1.8407
"WC2",32.60911,-85.49894,57,1.8594
"WC2",32.60827,-85.49894,58,1.9175
"WC2",32.60645,-85.49897,59,2.0434
"WC2",32.60624,-85.49897,60,2.0579
"WC2",32.60631,-85.49785,61,2.1234
"WC2",32.60631,-85.49748,62,2.1449
"WC2",32.60634,-85.49559,63,2.2551
"WC2",32.60634,-85.49487,64,2.2970
"WC2",32.60632,-85.49472,65,2.3059
"WC2",32.60626,-85.49458,66,2.3150
"WC2",32.60608,-85.49439,67,2.3317
"WC2",32.60616,-85.49423,68,2.3425
"WC2",32.60623,-85.49408,69,2.3525
"WC2",32.60634,-85.4936,70,2.3815
"WC2",32.60636,-85.49256,71,2.4421
"WC2",32.60636,-85.49155,72,2.5010
"WC2",32.60636,-85.49053,73,2.5604
"WC2",32.60636,-85.49037,74,2.5697
"WC2",32.6059,-85.49037,75,2.6016
"WC2",32.60558,-85.49039,76,2.6237
"WC2",32.60512,-85.49043,77,2.6556
"WC2",32.60452,-85.49041,78,2.6971
"WC2",32.60346,-85.49041,79,2.7705
"WC2",32.60279,-85.49043,80,2.8168
"WC2",32.60212,-85.49046,81,2.8632
"WC2",32.60145,-85.49047,82,2.9096
"WC2",32.60105,-85.49046,83,2.9372
"WC2",32.601,-85.48977,84,2.9776
"WC2",32.60098,-85.4894,85,2.9992
"WC2",32.60101,-85.48896,86,3.0249
"WC2",32.60106,-85.48864,87,3.0439
"WC2",32.60116,-85.48836,88,3.0616
"WC2",32.60126,-85.4882,89,3.0732
"WC2",32.60146,-85.48799,90,3.0917
"WC2",32.60161,-85.48787,91,3.1042
"WC2",32.60194,-85.48769,92,3.1293
"WC2",32.60218,-85.48762,93,3.1464
"WC2",32.60241,-85.4876,94,3.1624
"WC3",32.60243,-85.4876,1,0.0000
"WC3",32.60252,-85.48759,2,0.0063
"WC3",32.60267,-85.4876,3,0.0166
"WC3",32.60284,-85.48765,4,0.0288
"WC3",32.60301,-85.48775,5,0.0419
"WC3",32.60323,-85.48794,6,0.0607
"WC3",32.60338,-85.48815,7,0.0767
"WC3",32.60347,-85.48832,8,0.0884
"WC3",32.60357,-85.48854,9,0.1030
"WC3",32.60361,-85.48881,10,0.1190
"WC3",32.60361,-85.48904,11,0.1324
"WC3",32.60354,-85.48936,12,0.1517
"WC3",32.60323,-85.49003,13,0.1962
"WC3",32.60319,-85.49019,14,0.2059
"WC3",32.60317,-85.49042,15,0.2194
"WC3",32.603688637187105,-85.4904157834375,16,0.2553
"WC3",32.6044,-85.49041,17,0.3045
"WC3",32.60512,-85.49043,18,0.3543
"WC3",32.6058,-85.49037,19,0.4015
"WC3",32.6062,-85.49037,20,0.4291
"WC3",32.60636,-85.49037,21,0.4402
"WC3",32.60636,-85.49236,22,0.5561
"WC3",32.60634,-85.4936,23,0.6284
"WC3",32.60623,-85.49408,24,0.6574
"WC3",32.60618,-85.49419,25,0.6647
"WC3",32.60608,-85.49439,26,0.6782
"WC3",32.60592,-85.49463,27,0.6961
"WC3",32.60577,-85.49482,28,0.7112
"WC3",32.60555,-85.49504,29,0.7311
"WC3",32.60515,-85.4953,30,0.7627
"WC3",32.60478,-85.49547,31,0.7901
"WC3",32.60446,-85.49554,32,0.8126
"WC3",32.60429,-85.49554,33,0.8244
"WC3",32.60408,-85.49551,34,0.8390
"WC3",32.60405,-85.49585,35,0.8589
"WC3",32.60401,-85.4964,36,0.8911
"WC3",32.604,-85.49764,37,0.9634
"WC3",32.60398,-85.49895,38,1.0397
"WC3",32.60396,-85.50068,39,1.1405
"WC3",32.60396,-85.50085,40,1.1504
"WC3",32.60478,-85.50086,41,1.2072
"WC3",32.60542,-85.50091,42,1.2515
"WC3",32.60614,-85.50093,43,1.3013
"WC3",32.60606,-85.50209,44,1.3692
"WC3",32.606,-85.5032,45,1.4340
"WC3",32.607,-85.50322,46,1.5032
"WC3",32.60842,-85.50326,47,1.6014
"WC3",32.60856,-85.50261,48,1.6405
"WC3",32.60861,-85.50247,49,1.6494
"WC3",32.60884,-85.50172,50,1.6959
"WC3",32.60898,-85.50102,51,1.7378
"WC3",32.60901,-85.50077,52,1.7525
"WC3",32.60907,-85.50013,53,1.7900
"WC3",32.60909921221639,-85.49926093656232,54,1.8407
"WC3",32.60911,-85.49894,55,1.8594
"WC3",32.60855,-85.49893,56,1.8982
"WC3",32.60645,-85.49897,57,2.0434
"WC3",32.60624,-85.49897,58,2.0580
"WC3",32.60631,-85.49785,59,2.1234
"WC3",32.60632,-85.49733,60,2.1537
"WC3",32.60634,-85.49517,61,2.2796
"WC3",32.60634,-85.49487,62,2.2971
"WC3",32.6063,-85.49467,63,2.3090
"WC3",32.6062,-85.49451,64,2.3206
"WC3",32.60608,-85.49439,65,2.3315
"WC3",32.60619,-85.49416,66,2.3469
"WC3",32.60629,-85.49385,67,2.3663
"WC3",32.60634,-85.4936,68,2.3812
"WC3",32.60635,-85.49308,69,2.4115
"WC3",32.60636,-85.49203,70,2.4727
"WC3",32.60636,-85.49099,71,2.5333
"WC3",32.60636,-85.49037,72,2.5694
"WC3",32.60608,-85.49037,73,2.5888
"WC3",32.60562,-85.49039,74,2.6207
"WC3",32.60512,-85.49043,75,2.6553
"WC3",32.60428,-85.49041,76,2.7134
"WC3",32.60302,-85.49042,77,2.8006
"WC3",32.60176,-85.49047,78,2.8878
"WC3",32.60105,-85.49046,79,2.9369
"WC3",32.60098,-85.4894,80,2.9989
"WC3",32.60101,-85.48896,81,3.0246
"WC3",32.60106,-85.48864,82,3.0436
"WC3",32.60116,-85.48836,83,3.0613
"WC3",32.60126,-85.4882,84,3.0729
"WC3",32.60146,-85.48799,85,3.0914
"WC3",32.60175,-85.48779,86,3.1146
"WC3",32.60198,-85.48767,87,3.1319
"WC3",32.60218,-85.48762,88,3.1461
"WC3",32.60234,-85.4876,89,3.1572
"WR1",32.60186,-85.48773,1,0.0000
"WR1",32.60202,-85.48766,2,0.0118
"WR1",32.60229,-85.4876,3,0.0308
"WR1",32.6026,-85.48759,4,0.0522
"WR1",32.60284,-85.48765,5,0.0692
"WR1",32.60301,-85.48775,6,0.0823
"WR1",32.6032,-85.48791,7,0.0984
"WR1",32.6033,-85.48802,8,0.1079
"WR1",32.60347,-85.48832,9,0.1289
"WR1",32.60357,-85.48854,10,0.1435
"WR1",32.6036,-85.48867,11,0.1514
"WR1",32.60362,-85.48891,12,0.1654
"WR1",32.60361,-85.48904,13,0.1730
"WR1",32.60354,-85.48936,14,0.1923
"WR1",32.60347,-85.48953,15,0.2033
"WR1",32.60328,-85.48988,16,0.2276
"WR1",32.60322,-85.49004,17,0.2378
"WR1",32.60319,-85.49019,18,0.2468
"WR1",32.60317,-85.49042,19,0.2602
"WR1",32.60222,-85.49045,20,0.3260
"WR1",32.60145,-85.49047,21,0.3793
"WR1",32.60055,-85.49046,22,0.4415
"WR1",32.59904479298245,-85.49043312130325,23,0.5456
"WR1",32.59887,-85.49043,24,0.5577
"WR1",32.59785,-85.49042,25,0.6283
"WR1",32.59742,-85.49039,26,0.6581
"WR1",32.59738,-85.49073,27,0.6781
"WR1",32.59729,-85.49121,28,0.7067
"WR1",32.59722,-85.49187,29,0.7455
"WR1",32.59716,-85.49241,30,0.7772
"WR1",32.59719,-85.49285,31,0.8030
"WR1",32.59723,-85.49332,32,0.8305
"WR1",32.59741,-85.49411,33,0.8782
"WR1",32.59756,-85.49446,34,0.9011
"WR1",32.59793,-85.49537,35,0.9600
"WR1",32.5985,-85.49624,36,1.0242
"WR1",32.59917,-85.49728,37,1.1005
"WR1",32.59867,-85.49773,38,1.1439
"WR1",32.59801,-85.49837,39,1.2028
"WR1",32.5976,-85.49881,40,1.2411
"WR1",32.59707,-85.49938,41,1.2905
"WR1",32.59664,-85.49989,42,1.3326
"WR1",32.59645,-85.5001,43,1.3505
"WR1",32.59534,-85.50142,44,1.4592
"WR1",32.59431,-85.50262,45,1.5591
"WR1",32.59389,-85.50311,46,1.5998
"WR1",32.59346,-85.50368,47,1.6444
"WR1",32.59327,-85.50396,48,1.6653
"WR1",32.59302,-85.5044,49,1.6963
"WR1",32.59264,-85.50519,50,1.7493
"WR1",32.59245,-85.50557,51,1.7750
"WR1",32.59214,-85.50626,52,1.8206
"WR1",32.59201,-85.50652,53,1.8382
"WR1",32.59175,-85.50693,54,1.8681
"WR1",32.59133,-85.50747,55,1.9110
"WR1",32.59064,-85.50829,56,1.9785
"WR1",32.58993,-85.50913,57,2.0478
"WR1",32.58951,-85.50966,58,2.0902
"WR1",32.58918800773326,-85.51010583544625,59,2.1245
"WR1",32.58834,-85.51128,60,2.2146
"WR1",32.58716,-85.51294,61,2.3412
"WR1",32.586782851108076,-85.51346739519846,62,2.3815
"WR1",32.58593,-85.51466,63,2.4727
"WR1",32.58532,-85.51552,64,2.5382
"WR1",32.58472,-85.5164,65,2.6041
"WR1",32.58438,-85.51693,66,2.6430
"WR1",32.58408,-85.51735,67,2.6751
"WR1",32.58448,-85.51785,68,2.7152
"WR1",32.58493,-85.51842,69,2.7608
"WR1",32.58514,-85.51863,70,2.7798
"WR1",32.58572,-85.51934,71,2.8374
"WR1",32.58632,-85.52006,72,2.8964
"WR1",32.58648,-85.52028,73,2.9134
"WR1",32.58677,-85.52065,74,2.9428
"WR1",32.58714,-85.52102,75,2.9763
"WR1",32.5874,-85.52122,76,2.9977
"WR1",32.587529257699316,-85.52130756166727,77,3.0080
"WR1",32.58771,-85.52143,78,3.0224
"WR1",32.58785,-85.5215,79,3.0329
"WR1",32.58833,-85.5217,80,3.0681
"WR1",32.58859,-85.52178,81,3.0867
"WR1",32.58989,-85.5222,82,3.1799
"WR1",32.59076,-85.5225,83,3.2425
"WR1",32.59117,-85.52269,84,3.2730
"WR1",32.59166,-85.52295,85,3.3101
"WR1",32.59236,-85.5234,86,3.3652
"WR1",32.59298,-85.52378,87,3.4134
"WR1",32.59344,-85.524,88,3.4477
"WR1",32.5936,-85.52404,89,3.4591
"WR1",32.59392,-85.52414,90,3.4819
"WR1",32.59441,-85.52422,91,3.5162
"WR1",32.59511,-85.52424,92,3.5646
"WR1",32.59521484375,-85.52424,93,3.5718
"WR1",32.59639,-85.52424,94,3.6531
"WR1",32.597,-85.52423,95,3.6953
"WR1",32.5974,-85.52416,96,3.7233
"WR1",32.59773,-85.52406,97,3.7469
"WR1",32.59778,-85.52433,98,3.7630
"WR1",32.59778,-85.52452,99,3.7740
"WR1",32.59768,-85.52513,100,3.8103
"WR1",32.59751,-85.52605,101,3.8651
"WR1",32.59738,-85.52667,102,3.9024
"WR1",32.59692,-85.52846,103,4.0114
"WR1",32.59685,-85.52875,104,4.0290
"WR1",32.59895,-85.52948,105,4.1804
"WR1",32.59921,-85.52957,106,4.1991
"WR1",32.59935,-85.52952,107,4.2092
"WR1",32.59951,-85.52957,108,4.2207
"WR1",32.59949,-85.52968,109,4.2272
"WR1",32.59939,-85.52973,110,4.2347
"WR1",32.59932,-85.52965,111,4.2414
"WR1",32.5979,-85.52911,112,4.3446
"WR1",32.59916,-85.52955,113,4.4354
"WR1",32.59891,-85.52947,114,4.4533
"WR1",32.59871,-85.52939,115,4.4679
"WR1",32.59843,-85.5293,116,4.4880
"WR1",32.59788,-85.5291,117,4.5278
"WR1",32.5973,-85.52891,118,4.5694
"WR1",32.59685,-85.52875,119,4.6019
"WR1",32.59699,-85.52818,120,4.6365
"WR1",32.59721,-85.5273,121,4.6900
"WR1",32.59743,-85.52641,122,4.7440
"WR1",32.59756,-85.52577,123,4.7824
"WR1",32.59769,-85.52508,124,4.8236
"WR1",32.59778,-85.52452,125,4.8568
"WR1",32.59778,-85.52433,126,4.8679
"WR1",32.59776,-85.52419,127,4.8762
"WR1",32.59773,-85.52406,128,4.8840
"WR1",32.59729,-85.52418,129,4.9153
"WR1",32.597,-85.52423,130,4.9355
"WR1",32.59687,-85.52423,131,4.9445
"WR1",32.59604,-85.52424,132,5.0019
"WR1",32.5952,-85.52424,133,5.0600
"WR1",32.59441,-85.52422,134,5.1147
"WR1",32.59431,-85.5242,135,5.1217
"WR1",32.59392,-85.52414,136,5.1489
"WR1",32.59343,-85.52399,137,5.1839
"WR1",32.59298,-85.52378,138,5.2174
"WR1",32.59253,-85.52351,139,5.2522
"WR1",32.59163,-85.52294,140,5.3228
"WR1",32.59121,-85.52271,141,5.3548
"WR1",32.59068,-85.52247,142,5.3940
"WR1",32.5896,-85.5221,143,5.4718
"WR1",32.58851,-85.52176,144,5.5498
"WR1",32.58785,-85.5215,145,5.5979
"WR1",32.58771,-85.52143,146,5.6084
"WR1",32.58747,-85.52127,147,5.6274
"WR1",32.58736308614411,-85.52119710418916,148,5.6359
"WR1",32.58725,-85.52112,149,5.6450
"WR1",32.58711,-85.52099,150,5.6572
"WR1",32.58672,-85.52058,151,5.6933
"WR1",32.5861,-85.5198,152,5.7558
"WR1",32.58548,-85.51904,153,5.8174
"WR1",32.58514,-85.51863,154,5.8510
"WR1",32.58484,-85.5183,155,5.8793
"WR1",32.58422,-85.51753,156,5.9413
"WR1",32.58408,-85.51735,157,5.9556
"WR1",32.58454,-85.51667,158,6.0064
"WR1",32.58506,-85.51588,159,6.0649
"WR1",32.58540790683088,-85.51539828284955,160,6.1018
"WR1",32.58558,-85.51516,161,6.1201
"WR1",32.58609,-85.51445,162,6.1745
"WR1",32.5866,-85.51373,163,6.2293
"WR1",32.58677972736407,-85.51347626725072,164,6.2486
"WR1",32.58711,-85.51301,165,6.2842
"WR1",32.58762,-85.51229,166,6.3390
"WR1",32.58813,-85.51157,167,6.3938
"WR1",32.58864,-85.51085,168,6.4486
"WR1",32.58894196257175,-85.51043881692357,169,6.4804
"WR1",32.58911,-85.51021,170,6.4981
"WR1",32.58938,-85.50985,171,6.5262
"WR1",32.59002,-85.50903,172,6.5913
"WR1",32.59075,-85.50816,173,6.6629
"WR1",32.59148,-85.50728,174,6.7349
"WR1",32.59181,-85.50685,175,6.7688
"WR1",32.59201,-85.50652,176,6.7924
"WR1",32.59214,-85.50626,177,6.8101
"WR1",32.59245,-85.50557,178,6.8556
"WR1",32.59294,-85.50457,179,6.9230
"WR1",32.59327,-85.50396,180,6.9653
"WR1",32.59354,-85.50356,181,6.9952
"WR1",32.59389,-85.50311,182,7.0309
"WR1",32.59488,-85.50195,183,7.1271
"WR1",32.59645,-85.5001,184,7.2801
"WR1",32.59631,-85.49992,185,7.2944
"WR1",32.59615,-85.49972,186,7.3105
"WR1",32.59601,-85.49958,187,7.3231
"WR1",32.59574,-85.49942,188,7.3440
"WR1",32.59556,-85.49937,189,7.3568
"WR1",32.59478,-85.49932,190,7.4108
"WR1",32.59453,-85.49929,191,7.4282
"WR1",32.59441,-85.49927,192,7.4366
"WR1",32.59421,-85.49919,193,7.4512
"WR1",32.59412,-85.49915,194,7.4578
"WR1",32.59403,-85.4991,195,7.4647
"WR1",32.59387,-85.49899,196,7.4775
"WR1",32.5937,-85.49883,197,7.4925
"WR1",32.59356,-85.49867,198,7.5059
"WR1",32.5931,-85.49789,199,7.5614
"WR1",32.59304,-85.49769,200,7.5738
"WR1",32.59299,-85.49748,201,7.5865
"WR1",32.59295,-85.4971,202,7.6088
"WR1",32.59268,-85.49453,203,7.7598
"WR1",32.59255,-85.49298,204,7.8505
"WR1",32.59233,-85.49031,205,8.0069
"WR1",32.59331,-85.49034,206,8.0747
"WR1",32.59453,-85.4903,207,8.1591
"WR1",32.59525,-85.49023,208,8.2091
"WR1",32.59595,-85.4902,209,8.2575
"WR1",32.59652,-85.49023,210,8.2970
"WR1",32.59759,-85.49041,211,8.3718
"WR1",32.59813,-85.49043,212,8.4091
"WR1",32.60105,-85.49046,213,8.6111
"WR1",32.60098,-85.4894,214,8.6731
"WR1",32.60101,-85.48896,215,8.6988
"WR1",32.60106,-85.48864,216,8.7178
"WR1",32.60109,-85.48852,217,8.7250
"WR1",32.60116,-85.48836,218,8.7356
"WR1",32.60129,-85.48815,219,8.7507
"WR1",32.60146,-85.48799,220,8.7657
"WR1",32.60161,-85.48787,221,8.7783
"WR1",32.60185,-85.48773,222,8.7968
"WR2",32.60182,-85.48776,1,0.0000
"WR2",32.60202,-85.48766,2,0.0150
"WR2",32.60229,-85.4876,3,0.0340
"WR2",32.6026,-85.48759,4,0.0555
"WR2",32.60284,-85.48765,5,0.0724
"WR2",32.60301,-85.48775,6,0.0856
"WR2",32.6032,-85.48791,7,0.1017
"WR2",32.6033,-85.48802,8,0.1111
"WR2",32.60347,-85.48832,9,0.1322
"WR2",32.60357,-85.48854,10,0.1467
"WR2",32.6036,-85.48867,11,0.1546
"WR2",32.60362,-85.48891,12,0.1686
"WR2",32.60361,-85.48904,13,0.1762
"WR2",32.60354,-85.48936,14,0.1955
"WR2",32.60347,-85.48953,15,0.2065
"WR2",32.60328,-85.48988,16,0.2308
"WR2",32.60322,-85.49004,17,0.2410
"WR2",32.60319,-85.49019,18,0.2500
"WR2",32.60317,-85.49042,19,0.2635
"WR2",32.60222,-85.49045,20,0.3292
"WR2",32.60145,-85.49047,21,0.3825
"WR2",32.60055,-85.49046,22,0.4447
"WR2",32.59904479298245,-85.49043312130325,23,0.5489
"WR2",32.59887,-85.49043,24,0.5609
"WR2",32.59785,-85.49042,25,0.6315
"WR2",32.59742,-85.49038,26,0.6613
"WR2",32.59728,-85.49123,27,0.7118
"WR2",32.59721,-85.49194,28,0.7535
"WR2",32.59721,-85.49275,29,0.8007
"WR2",32.59726,-85.49354,30,0.8468
"WR2",32.5976,-85.49464,31,0.9151
"WR2",32.59819,-85.49579,32,0.9936
"WR2",32.59892,-85.4969,33,1.0756
"WR2",32.59917,-85.49729,34,1.1042
"WR2",32.59869,-85.49772,35,1.1458
"WR2",32.59833,-85.49806,36,1.1776
"WR2",32.59804,-85.49834,37,1.2035
"WR2",32.59774,-85.49866,38,1.2314
"WR2",32.59722,-85.49921,39,1.2795
"WR2",32.59653,-85.50002,40,1.3467
"WR2",32.59645,-85.5001,41,1.3539
"WR2",32.59534,-85.50142,42,1.4626
"WR2",32.59431,-85.50262,43,1.5624
"WR2",32.59389,-85.50311,44,1.6032
"WR2",32.59346,-85.50368,45,1.6478
"WR2",32.59327,-85.50396,46,1.6687
"WR2",32.59302,-85.5044,47,1.6996
"WR2",32.59264,-85.50519,48,1.7526
"WR2",32.59245,-85.50557,49,1.7784
"WR2",32.59214,-85.50626,50,1.8240
"WR2",32.59201,-85.50652,51,1.8416
"WR2",32.59175,-85.50693,52,1.8715
"WR2",32.59133,-85.50747,53,1.9143
"WR2",32.59064,-85.50829,54,1.9819
"WR2",32.58993,-85.50913,55,2.0512
"WR2",32.58951,-85.50966,56,2.0936
"WR2",32.58918800773326,-85.51010583544625,57,2.1278
"WR2",32.58834,-85.51128,58,2.2180
"WR2",32.58716,-85.51294,59,2.3445
"WR2",32.586782851108076,-85.51346739519846,60,2.3849
"WR2",32.58593,-85.51466,61,2.4760
"WR2",32.58532,-85.51552,62,2.5415
"WR2",32.58472,-85.5164,63,2.6075
"WR2",32.58438,-85.51693,64,2.6463
"WR2",32.58408,-85.51735,65,2.6784
"WR2",32.58448,-85.51785,66,2.7186
"WR2",32.58493,-85.51842,67,2.7641
"WR2",32.58514,-85.51863,68,2.7831
"WR2",32.58572,-85.51934,69,2.8408
"WR2",32.58632,-85.52006,70,2.8998
"WR2",32.58648,-85.52028,71,2.9167
"WR2",32.58677,-85.52065,72,2.9462
"WR2",32.58714,-85.52102,73,2.9797
"WR2",32.5874,-85.52122,74,3.0011
"WR2",32.587529257699316,-85.52130756166727,75,3.0114
"WR2",32.58771,-85.52143,76,3.0258
"WR2",32.58785,-85.5215,77,3.0363
"WR2",32.58833,-85.5217,78,3.0715
"WR2",32.58859,-85.52178,79,3.0900
"WR2",32.58989,-85.5222,80,3.1832
"WR2",32.59076,-85.5225,81,3.2459
"WR2",32.59117,-85.52269,82,3.2764
"WR2",32.59166,-85.52295,83,3.3135
"WR2",32.59236,-85.5234,84,3.3685
"WR2",32.59298,-85.52378,85,3.4168
"WR2",32.59344,-85.524,86,3.4511
"WR2",32.5936,-85.52404,87,3.4624
"WR2",32.59392,-85.52414,88,3.4853
"WR2",32.59441,-85.52422,89,3.5195
"WR2",32.59511,-85.52424,90,3.5680
"WR2",32.59521484375,-85.52424,91,3.5752
"WR2",32.59639,-85.52424,92,3.6565
"WR2",32.597,-85.52423,93,3.6987
"WR2",32.5974,-85.52416,94,3.7267
"WR2",32.59773,-85.52406,95,3.7502
"WR2",32.59778,-85.52433,96,3.7663
"WR2",32.59778,-85.52452,97,3.7774
"WR2",32.59768,-85.52513,98,3.8136
"WR2",32.59751,-85.52605,99,3.8685
"WR2",32.59738,-85.52667,100,3.9057
"WR2",32.59692,-85.52846,101,4.0148
"WR2",32.59685,-85.52875,102,4.0324
"WR2",32.59895,-85.52948,103,4.1837
"WR2",32.59921,-85.52957,104,4.2025
"WR2",32.59935,-85.52952,105,4.2126
"WR2",32.59951,-85.52957,106,4.2240
"WR2",32.59949,-85.52968,107,4.2306
"WR2",32.59939,-85.52973,108,4.2381
"WR2",32.59932,-85.52965,109,4.2448
"WR2",32.5979,-85.52911,110,4.3480
"WR2",32.59916,-85.52955,111,4.4388
"WR2",32.59891,-85.52947,112,4.4567
"WR2",32.59871,-85.52939,113,4.4713
"WR2",32.59843,-85.5293,114,4.4914
"WR2",32.59788,-85.5291,115,4.5312
"WR2",32.5973,-85.52891,116,4.5728
"WR2",32.59685,-85.52875,117,4.6053
"WR2",32.59699,-85.52818,118,4.6399
"WR2",32.59721,-85.5273,119,4.6934
"WR2",32.59743,-85.52641,120,4.7474
"WR2",32.59756,-85.52577,121,4.7858
"WR2",32.59769,-85.52508,122,4.8270
"WR2",32.59778,-85.52452,123,4.8602
"WR2",32.59778,-85.52433,124,4.8713
"WR2",32.59776,-85.52419,125,4.8796
"WR2",32.59773,-85.52406,126,4.8874
"WR2",32.59729,-85.52418,127,4.9186
"WR2",32.597,-85.52423,128,4.9389
"WR2",32.59687,-85.52423,129,4.9479
"WR2",32.59604,-85.52424,130,5.0053
"WR2",32.5952,-85.52424,131,5.0634
"WR2",32.59441,-85.52422,132,5.1181
"WR2",32.59431,-85.5242,133,5.1251
"WR2",32.59392,-85.52414,134,5.1523
"WR2",32.59343,-85.52399,135,5.1873
"WR2",32.59298,-85.52378,136,5.2207
"WR2",32.59253,-85.52351,137,5.2556
"WR2",32.59163,-85.52294,138,5.3262
"WR2",32.59121,-85.52271,139,5.3582
"WR2",32.59068,-85.52247,140,5.3974
"WR2",32.5896,-85.5221,141,5.4752
"WR2",32.58851,-85.52176,142,5.5531
"WR2",32.58785,-85.5215,143,5.6012
"WR2",32.58771,-85.52143,144,5.6117
"WR2",32.58747,-85.52127,145,5.6308
"WR2",32.58736308614411,-85.52119710418916,146,5.6393
"WR2",32.58725,-85.52112,147,5.6483
"WR2",32.58711,-85.52099,148,5.6606
"WR2",32.58672,-85.52058,149,5.6967
"WR2",32.5861,-85.5198,150,5.7592
"WR2",32.58548,-85.51904,151,5.8208
"WR2",32.58514,-85.51863,152,5.8543
"WR2",32.58484,-85.5183,153,5.8826
"WR2",32.58422,-85.51753,154,5.9447
"WR2",32.58408,-85.51735,155,5.9590
"WR2",32.58454,-85.51667,156,6.0098
"WR2",32.58506,-85.51588,157,6.0682
"WR2",32.58540790683088,-85.51539828284955,158,6.1052
"WR2",32.58558,-85.51516,159,6.1235
"WR2",32.58609,-85.51445,160,6.1779
"WR2",32.5866,-85.51373,161,6.2327
"WR2",32.58677972736407,-85.51347626725072,162,6.2520
"WR2",32.58711,-85.51301,163,6.2875
"WR2",32.58762,-85.51229,164,6.3423
"WR2",32.58813,-85.51157,165,6.3972
"WR2",32.58864,-85.51085,166,6.4520
"WR2",32.58894196257175,-85.51043881692357,167,6.4838
"WR2",32.58911,-85.51021,168,6.5015
"WR2",32.58938,-85.50985,169,6.5296
"WR2",32.59002,-85.50903,170,6.5947
"WR2",32.59075,-85.50816,171,6.6663
"WR2",32.59148,-85.50728,172,6.7382
"WR2",32.59181,-85.50685,173,6.7721
"WR2",32.59201,-85.50652,174,6.7958
"WR2",32.59214,-85.50626,175,6.8134
"WR2",32.59245,-85.50557,176,6.8590
"WR2",32.59302,-85.5044,177,6.9378
"WR2",32.59327,-85.50396,178,6.9687
"WR2",32.59354,-85.50356,179,6.9986
"WR2",32.59389,-85.50311,180,7.0343
"WR2",32.59512,-85.50167,181,7.1538
"WR2",32.59645,-85.5001,182,7.2835
"WR2",32.59616,-85.49974,183,7.3125
"WR2",32.59601,-85.49958,184,7.3265
"WR2",32.59592,-85.49951,185,7.3339
"WR2",32.59574,-85.49941,186,7.3477
"WR2",32.59556,-85.49937,187,7.3603
"WR2",32.59471,-85.49931,188,7.4192
"WR2",32.59441,-85.49926,189,7.4402
"WR2",32.59409,-85.49913,190,7.4636
"WR2",32.59387,-85.49899,191,7.4809
"WR2",32.5937,-85.49883,192,7.4959
"WR2",32.59356,-85.49867,193,7.5093
"WR2",32.59336,-85.49836,194,7.5321
"WR2",32.59308,-85.49786,195,7.5670
"WR2",32.59299,-85.49747,196,7.5906
"WR2",32.59298,-85.49732,197,7.5994
"WR2",32.59272,-85.4949,198,7.7416
"WR2",32.59265,-85.4942,199,7.7826
"WR2",32.59249,-85.49224,200,7.8974
"WR2",32.59233,-85.49031,201,8.0104
"WR2",32.59291,-85.49033,202,8.0506
"WR2",32.59331,-85.49035,203,8.0782
"WR2",32.59451,-85.4903,204,8.1613
"WR2",32.59548,-85.49021,205,8.2286
"WR2",32.59614,-85.49021,206,8.2743
"WR2",32.59648,-85.49023,207,8.2978
"WR2",32.5977,-85.49041,208,8.3828
"WR2",32.59785,-85.49042,209,8.3932
"WR2",32.59918,-85.49044,210,8.4852
"WR2",32.60053,-85.49046,211,8.5786
"WR2",32.60104,-85.49046,212,8.6139
"WR2",32.60098,-85.4894,213,8.6758
"WR2",32.60101,-85.48896,214,8.7015
"WR2",32.60106,-85.48864,215,8.7205
"WR2",32.60109,-85.48852,216,8.7278
"WR2",32.60116,-85.48836,217,8.7383
"WR2",32.60126,-85.4882,218,8.7499
"WR2",32.60134,-85.4881,219,8.7579
"WR2",32.60161,-85.48787,220,8.7809
"WR2",32.60181,-85.48776,221,8.7962
"WR3",32.60186,-85.48773,1,0.0000
"WR3",32.60202,-85.48766,2,0.0118
"WR3",32.60229,-85.4876,3,0.0308
"WR3",32.6026,-85.48759,4,0.0522
"WR3",32.60284,-85.48765,5,0.0692
"WR3",32.60301,-85.48775,6,0.0823
"WR3",32.6032,-85.48791,7,0.0984
"WR3",32.6033,-85.48802,8,0.1079
"WR3",32.60347,-85.48832,9,0.1289
"WR3",32.60357,-85.48854,10,0.1435
"WR3",32.6036,-85.48867,11,0.1514
"WR3",32.60362,-85.48891,12,0.1654
"WR3",32.60361,-85.48904,13,0.1730
"WR3",32.60354,-85.48936,14,0.1923
"WR3",32.60347,-85.48953,15,0.2033
"WR3",32.60328,-85.48988,16,0.2276
"WR3",32.60322,-85.49004,17,0.2378
"WR3",32.60319,-85.49019,18,0.2468
"WR3",32.60317,-85.49042,19,0.2602
"WR3",32.60222,-85.49045,20,0.3260
"WR3",32.60145,-85.49047,21,0.3793
"WR3",32.60055,-85.49046,22,0.4415
"WR3",32.59904479298245,-85.49043312130325,23,0.5456
"WR3",32.59887,-85.49043,24,0.5577
"WR3",32.59785,-85.49042,25,0.6283
"WR3",32.59739,-85.49041,26,0.6601
"WR3",32.59725,-85.49145,27,0.7215
"WR3",32.59718,-85.49225,28,0.7684
"WR3",32.59717,-85.49285,29,0.8033
"WR3",32.59725,-85.49349,30,0.8410
"WR3",32.59737,-85.49392,31,0.8674
"WR3",32.59768,-85.49484,32,0.9252
"WR3",32.59809,-85.49565,33,0.9802
"WR3",32.59862,-85.49644,34,1.0391
"WR3",32.59918,-85.4973,35,1.1024
"WR3",32.59849,-85.49794,36,1.1630
"WR3",32.59795,-85.49844,37,1.2104
"WR3",32.59744,-85.49897,38,1.2573
"WR3",32.5969,-85.49958,39,1.3088
"WR3",32.59645,-85.5001,40,1.3523
"WR3",32.59534,-85.50142,41,1.4609
"WR3",32.59431,-85.50262,42,1.5608
"WR3",32.59389,-85.50311,43,1.6015
"WR3",32.59346,-85.50368,44,1.6461
"WR3",32.59327,-85.50396,45,1.6671
"WR3",32.59302,-85.5044,46,1.6980
"WR3",32.59264,-85.50519,47,1.7510
"WR3",32.59245,-85.50557,48,1.7768
"WR3",32.59214,-85.50626,49,1.8223
"WR3",32.59201,-85.50652,50,1.8399
"WR3",32.59175,-85.50693,51,1.8698
"WR3",32.59133,-85.50747,52,1.9127
"WR3",32.59064,-85.50829,53,1.9802
"WR3",32.58993,-85.50913,54,2.0496
"WR3",32.58951,-85.50966,55,2.0920
"WR3",32.58918800773326,-85.51010583544625,56,2.1262
"WR3",32.58834,-85.51128,57,2.2163
"WR3",32.58716,-85.51294,58,2.3429
"WR3",32.586782851108076,-85.51346739519846,59,2.3832
"WR3",32.58593,-85.51466,60,2.4744
"WR3",32.58532,-85.51552,61,2.5399
"WR3",32.58472,-85.5164,62,2.6059
"WR3",32.58438,-85.51693,63,2.6447
"WR3",32.58408,-85.51735,64,2.6768
"WR3",32.58448,-85.51785,65,2.7170
"WR3",32.58493,-85.51842,66,2.7625
"WR3",32.58514,-85.51863,67,2.7815
"WR3",32.58572,-85.51934,68,2.8391
"WR3",32.58632,-85.52006,69,2.8981
"WR3",32.58648,-85.52028,70,2.9151
"WR3",32.58677,-85.52065,71,2.9445
"WR3",32.58714,-85.52102,72,2.9780
"WR3",32.5874,-85.52122,73,2.9994
"WR3",32.587529257699316,-85.52130756166727,74,3.0097
"WR3",32.58771,-85.52143,75,3.0241
"WR3",32.58785,-85.5215,76,3.0346
"WR3",32.58833,-85.5217,77,3.0698
"WR3",32.58859,-85.52178,78,3.0884
"WR3",32.58989,-85.5222,79,3.1816
"WR3",32.59076,-85.5225,80,3.2443
"WR3",32.59117,-85.52269,81,3.2747
"WR3",32.59166,-85.52295,82,3.3118
"WR3",32.59236,-85.5234,83,3.3669
"WR3",32.59298,-85.52378,84,3.4152
"WR3",32.59344,-85.524,85,3.4495
"WR3",32.5936,-85.52404,86,3.4608
"WR3",32.59392,-85.52414,87,3.4837
"WR3",32.59441,-85.52422,88,3.5179
"WR3",32.59511,-85.52424,89,3.5663
"WR3",32.59521484375,-85.52424,90,3.5736
"WR3",32.59639,-85.52424,91,3.6549
"WR3",32.597,-85.52423,92,3.6971
"WR3",32.5974,-85.52416,93,3.7250
"WR3",32.59773,-85.52406,94,3.7486
"WR3",32.59778,-85.52433,95,3.7647
"WR3",32.59778,-85.52452,96,3.7758
"WR3",32.59768,-85.52513,97,3.8120
"WR3",32.59751,-85.52605,98,3.8669
"WR3",32.59738,-85.52667,99,3.9041
"WR3",32.59692,-85.52846,100,4.0132
"WR3",32.59685,-85.52875,101,4.0307
"WR3",32.59895,-85.52948,102,4.1821
"WR3",32.59921,-85.52957,103,4.2008
"WR3",32.59935,-85.52952,104,4.2109
"WR3",32.59951,-85.52957,105,4.2224
"WR3",32.59949,-85.52968,106,4.2289
"WR3",32.59939,-85.52973,107,4.2364
"WR3",32.59932,-85.52965,108,4.2432
"WR3",32.5979,-85.52911,109,4.3463
"WR3",32.59916,-85.52955,110,4.4372
"WR3",32.59891,-85.52947,111,4.4551
"WR3",32.59871,-85.52939,112,4.4697
"WR3",32.59843,-85.5293,113,4.4897
"WR3",32.59788,-85.5291,114,4.5295
"WR3",32.5973,-85.52891,115,4.5711
"WR3",32.59685,-85.52875,116,4.6036
"WR3",32.59699,-85.52818,117,4.6382
"WR3",32.59721,-85.5273,118,4.6917
"WR3",32.59743,-85.52641,119,4.7458
"WR3",32.59756,-85.52577,120,4.7841
"WR3",32.59769,-85.52508,121,4.8253
"WR3",32.59778,-85.52452,122,4.8586
"WR3",32.59778,-85.52433,123,4.8696
"WR3",32.59776,-85.52419,124,4.8779
"WR3",32.59773,-85.52406,125,4.8858
"WR3",32.59729,-85.52418,126,4.9170
"WR3",32.597,-85.52423,127,4.9373
"WR3",32.59687,-85.52423,128,4.9463
"WR3",32.59604,-85.52424,129,5.0037
"WR3",32.5952,-85.52424,130,5.0618
"WR3",32.59441,-85.52422,131,5.1164
"WR3",32.59431,-85.5242,132,5.1234
"WR3",32.59392,-85.52414,133,5.1506
"WR3",32.59343,-85.52399,134,5.1856
"WR3",32.59298,-85.52378,135,5.2191
"WR3",32.59253,-85.52351,136,5.2540
"WR3",32.59163,-85.52294,137,5.3245
"WR3",32.59121,-85.52271,138,5.3565
"WR3",32.59068,-85.52247,139,5.3958
"WR3",32.5896,-85.5221,140,5.4735
"WR3",32.58851,-85.52176,141,5.5515
"WR3",32.58785,-85.5215,142,5.5996
"WR3",32.58771,-85.52143,143,5.6101
"WR3",32.58747,-85.52127,144,5.6291
"WR3",32.58736308614411,-85.52119710418916,145,5.6377
"WR3",32.58725,-85.52112,146,5.6467
"WR3",32.58711,-85.52099,147,5.6590
"WR3",32.58672,-85.52058,148,5.6950
"WR3",32.5861,-85.5198,149,5.7575
"WR3",32.58548,-85.51904,150,5.8192
"WR3",32.58514,-85.51863,151,5.8527
"WR3",32.58484,-85.5183,152,5.8810
"WR3",32.58422,-85.51753,153,5.9431
"WR3",32.58408,-85.51735,154,5.9573
"WR3",32.58454,-85.51667,155,6.0082
"WR3",32.58506,-85.51588,156,6.0666
"WR3",32.58540790683088,-85.51539828284955,157,6.1036
"WR3",32.58558,-85.51516,158,6.1219
"WR3",32.58609,-85.51445,159,6.1762
"WR3",32.5866,-85.51373,160,6.2311
"WR3",32.58677972736407,-85.51347626725072,161,6.2504
"WR3",32.58711,-85.51301,162,6.2859
"WR3",32.58762,-85.51229,163,6.3407
"WR3",32.58813,-85.51157,164,6.3955
"WR3",32.58864,-85.51085,165,6.4503
"WR3",32.58894196257175,-85.51043881692357,166,6.4821
"WR3",32.58911,-85.51021,167,6.4998
"WR3",32.58938,-85.50985,168,6.5279
"WR3",32.59002,-85.50903,169,6.5930
"WR3",32.59075,-85.50816,170,6.6646
"WR3",32.59148,-85.50728,171,6.7366
"WR3",32.59181,-85.50685,172,6.7705
"WR3",32.59201,-85.50652,173,6.7942
"WR3",32.59214,-85.50626,174,6.8118
"WR3",32.59245,-85.50557,175,6.8574
"WR3",32.5931,-85.50427,176,6.9455
"WR3",32.59327,-85.50396,177,6.9670
"WR3",32.59354,-85.50356,178,6.9969
"WR3",32.59389,-85.50311,179,7.0326
"WR3",32.59521,-85.50157,180,7.1606
"WR3",32.59645,-85.5001,181,7.2818
"WR3",32.59616,-85.49973,182,7.3113
"WR3",32.59609,-85.49966,183,7.3176
"WR3",32.59601,-85.49958,184,7.3248
"WR3",32.59592,-85.49951,185,7.3323
"WR3",32.59574,-85.49942,186,7.3458
"WR3",32.59556,-85.49937,187,7.3586
"WR3",32.59505,-85.49934,188,7.3939
"WR3",32.59453,-85.49929,189,7.4300
"WR3",32.5944,-85.49927,190,7.4391
"WR3",32.59428,-85.49922,191,7.4479
"WR3",32.59409,-85.49914,192,7.4618
"WR3",32.59387,-85.49898,193,7.4796
"WR3",32.5937,-85.49882,194,7.4947
"WR3",32.59355,-85.49865,195,7.5090
"WR3",32.59336,-85.49837,196,7.5299
"WR3",32.59311,-85.49792,197,7.5614
"WR3",32.59304,-85.49771,198,7.5745
"WR3",32.59298,-85.49738,199,7.5942
"WR3",32.59268,-85.49453,200,7.7616
"WR3",32.59262,-85.49389,201,7.7991
"WR3",32.5924,-85.49107,202,7.9642
"WR3",32.59234,-85.49032,203,8.0081
"WR3",32.59336,-85.49035,204,8.0786
"WR3",32.5944,-85.4903,205,8.1506
"WR3",32.59547,-85.49022,206,8.2248
"WR3",32.59595,-85.4902,207,8.2580
"WR3",32.59653,-85.49024,208,8.2982
"WR3",32.59712,-85.49032,209,8.3393
"WR3",32.5974,-85.49037,210,8.3589
"WR3",32.59785,-85.49042,211,8.3901
"WR3",32.59973,-85.49045,212,8.5202
"WR3",32.60105,-85.49046,213,8.6115
"WR3",32.60098,-85.4894,214,8.6734
"WR3",32.60101,-85.48896,215,8.6992
"WR3",32.60106,-85.48864,216,8.7181
"WR3",32.60109,-85.48852,217,8.7254
"WR3",32.60116,-85.48836,218,8.7359
"WR3",32.60126,-85.4882,219,8.7475
"WR3",32.60134,-85.4881,220,8.7556
"WR3",32.60161,-85.48787,221,8.7786
"WR3",32.60186,-85.48773,222,8.7977
"CL1.7",32.58182,-85.49331,1,0.0000
"CL1.7",32.58194,-85.4931,2,0.0148
"CL1.7",32.58223,-85.49336,3,0.0399
"CL1.7",32.58269,-85.49262,4,0.0935
"CL1.7",32.58303,-85.49205,5,0.1342
"CL1.7",32.58368,-85.49093,6,0.2135
"CL1.7",32.58433,-85.48982,7,0.2923
"CL1.7",32.58458,-85.48937,8,0.3237
"CL1.7",32.5846,-85.48908,9,0.3407
"CL1.7",32.58457,-85.48894,10,0.3491
"CL1.7",32.58453,-85.48879,11,0.3582
"CL1.7",32.58426,-85.48858,12,0.3806
"CL1.7",32.58413,-85.48849,13,0.3910
"CL1.7",32.58383,-85.48834,14,0.4135
"CL1.7",32.58362,-85.48829,15,0.4283
"CL1.7",32.58338,-85.48826,16,0.4450
"CL1.7",32.58335,-85.48843,17,0.4551
"CL1.7",32.58328,-85.48859,18,0.4656
"CL1.7",32.58322,-85.48868,19,0.4723
"CL1.7",32.58296,-85.48893,20,0.4955
"CL1.7",32.5828,-85.48908,21,0.5096
"CL1.7",32.58265,-85.48919,22,0.5218
"CL1.7",32.58251,-85.48965,23,0.5503
"CL1.7",32.58255,-85.49005,24,0.5738
"CL1.7",32.58273,-85.49089,25,0.6243
"CL1.7",32.58273,-85.49101,26,0.6313
"CL1.7",32.58261,-85.49124,27,0.6470
"CL1.7",32.58271,-85.49132,28,0.6554
"CL1.7",32.58296,-85.49132,29,0.6727
"CL1.7",32.58313,-85.49142,30,0.6858
"CL1.7",32.58332,-85.49155,31,0.7010
"CL1.7",32.58351,-85.49122,32,0.7243
"CL1.7",32.58381,-85.4907,33,0.7610
"CL1.7",32.58412,-85.49018,34,0.7981
"CL1.7",32.58438,-85.48972,35,0.8304
"CL1.7",32.58477,-85.48902,36,0.8793
"CL1.7",32.58515,-85.48839,37,0.9245
"CL1.7",32.58556,-85.48772,38,0.9727
"CL1.7",32.58603,-85.48708,39,1.0222
"CL1.7",32.58626,-85.48681,40,1.0446
"CL1.7",32.58661,-85.48642,41,1.0778
"CL1.7",32.58695,-85.4861,42,1.1078
"CL1.7",32.58733,-85.48577,43,1.1404
"CL1.7",32.58779,-85.48543,44,1.1779
"CL1.7",32.5881,-85.48523,45,1.2023
"CL1.7",32.58884,-85.48481,46,1.2590
"CL1.7",32.58884,-85.48531,47,1.2881
"CL1.7",32.5889,-85.48607,48,1.3326
"CL1.7",32.58889229816647,-85.48663223384756,49,1.3654
"CL1.7",32.58889,-85.4868,50,1.3752
"CL1.7",32.58887,-85.48753,51,1.4177
"CL1.7",32.58885,-85.48828,52,1.4615
"CL1.7",32.58883,-85.48887,53,1.4959
"CL1.7",32.58882,-85.48945,54,1.5297
"CL1.7",32.588808476099224,-85.48981876482469,55,1.5512
"CL1.7",32.5888,-85.49009,56,1.5670
"CL1.7",32.58951,-85.49019,57,1.6165
"CL1.7",32.59036,-85.49021,58,1.6753
"CL1.7",32.5913,-85.49023,59,1.7403
"CL1.7",32.59207,-85.49029,60,1.7937
"CL1.7",32.59233,-85.49031,61,1.8117
"CL1.7",32.59303,-85.49034,62,1.8602
"CL1.7",32.59395,-85.49032,63,1.9238
"CL1.7",32.59453,-85.4903,64,1.9640
"CL1.7",32.59503,-85.49025,65,1.9987
"CL1.7",32.59548,-85.49021,66,2.0299
"CL1.7",32.59609,-85.49021,67,2.0721
"CL1.7",32.59653,-85.49023,68,2.1025
"CL1.7",32.59742,-85.49038,69,2.1647
"CL1.7",32.59785,-85.49042,70,2.1945
"CL1.7",32.59902,-85.49044,71,2.2755
"CL1.7",32.60076,-85.49046,72,2.3958
"CL1.7",32.60105,-85.49046,73,2.4159
"CL1.7",32.60101,-85.48994,74,2.4463
"CL1.7",32.60098,-85.4894,75,2.4779
"CL1.7",32.60103,-85.48879,76,2.5136
"CL1.7",32.60106,-85.48864,77,2.5226
"CL1.7",32.60116,-85.48836,78,2.5403
"CL1.7",32.60126,-85.4882,79,2.5519
"CL1.7",32.60143,-85.48801,80,2.5680
"CL1.7",32.60161,-85.48787,81,2.5829
"CL1.7",32.60186,-85.48773,82,2.6021
"CL2.710",32.57986,-85.48937,1,0.0000
"CL2.710",32.57971,-85.48985,2,0.0298
"CL2.710",32.57959,-85.49021,3,0.0524
"CL2.710",32.57936,-85.49078,4,0.0892
"CL2.710",32.57912,-85.49129,5,0.1233
"CL2.710",32.57877,-85.49192,6,0.1673
"CL2.710",32.57816,-85.49279,7,0.2332
"CL2.710",32.57744,-85.4937,8,0.3060
"CL2.710",32.57729,-85.49394,9,0.3234
"CL2.710",32.57714,-85.49423,10,0.3432
"CL2.710",32.57703,-85.49453,11,0.3623
"CL2.710",32.57693,-85.49502,12,0.3917
"CL2.710",32.57689,-85.49543,13,0.4158
"CL2.710",32.57691,-85.49585,14,0.4403
"CL2.710",32.57695,-85.49617,15,0.4591
"CL2.710",32.57704,-85.49651,16,0.4799
"CL2.710",32.57724,-85.49698,17,0.5106
"CL2.710",32.57744,-85.49738,18,0.5377
"CL2.710",32.57772,-85.49756,19,0.5597
"CL2.710",32.57798,-85.49764,20,0.5783
"CL2.710",32.57838,-85.49739,21,0.6096
"CL2.710",32.57878,-85.49712,22,0.6414
"CL2.710",32.57917,-85.49682,23,0.6736
"CL2.710",32.57963,-85.49643,24,0.7127
"CL2.710",32.58034,-85.49576,25,0.7754
"CL2.710",32.58103,-85.49501,26,0.8401
"CL2.710",32.58114,-85.4949,27,0.8501
"CL2.710",32.58165,-85.49423,28,0.9027
"CL2.710",32.58212,-85.49353,29,0.9549
"CL2.710",32.58223,-85.49336,30,0.9674
"CL2.710",32.58205,-85.49317,31,0.9840
"CL2.710",32.58196,-85.49308,32,0.9922
"CL2.710",32.58182,-85.49331,33,1.0087
"CL2.710",32.58167,-85.49356,34,1.0266
"CL2.710",32.5815,-85.4936,35,1.0386
"CL2.710",32.58097,-85.49364,36,1.0753
"CL2.710",32.58057,-85.49337,37,1.1072
"CL2.710",32.58068,-85.49319,38,1.1201
"CL2.710",32.58089,-85.49337,39,1.1380
"CL2.710",32.58107,-85.49351,40,1.1529
"CL2.710",32.58111,-85.49362,41,1.1599
"CL2.710",32.58141,-85.49361,42,1.1807
"CL2.710",32.58152,-85.4936,43,1.1883
"CL2.710",32.58165,-85.49358,44,1.1974
"CL2.710",32.58171,-85.49349,45,1.2041
"CL2.710",32.58177,-85.4934,46,1.2107
"CL2.710",32.58182,-85.49331,47,1.2170
"CL2.710",32.58188,-85.49321,48,1.2242
"CL2.710",32.58193,-85.49312,49,1.2305
"CL2.710",32.58205,-85.49317,50,1.2393
"CL2.710",32.58213,-85.49325,51,1.2465
"CL2.710",32.58222,-85.49335,52,1.2550
"CL2.710",32.58263,-85.49272,53,1.3014
"CL2.710",32.58289,-85.49228,54,1.3327
"CL2.710",32.58291152051244,-85.49135326307767,55,1.3538
"CL2.710",32.58318,-85.49178,56,1.3681
"CL2.710",32.58345,-85.49133,57,1.4003
"CL2.710",32.58373,-85.49084,58,1.4348
"CL2.710",32.58397,-85.49043,59,1.4639
"CL2.710",32.58411,-85.4902,60,1.4805
"CL2.710",32.58421,-85.49003,61,1.4925
"CL2.710",32.58431,-85.48985,62,1.5051
"CL2.710",32.5845,-85.48951,63,1.5289
"CL2.710",32.58458,-85.48937,64,1.5387
"CL2.710",32.5846,-85.48918,65,1.5499
"CL2.710",32.58459,-85.48903,66,1.5587
"CL2.710",32.58453,-85.48879,67,1.5733
"CL2.710",32.58413,-85.48849,68,1.6060
"CL2.710",32.58393,-85.48839,69,1.6210
"CL2.710",32.58373,-85.48831,70,1.6356
"CL2.710",32.58352,-85.48827,71,1.6503
"CL2.710",32.58337,-85.48826,72,1.6607
"CL2.710",32.58334,-85.48844,73,1.6714
"CL2.710",32.58328,-85.48859,74,1.6811
"CL2.710",32.58322,-85.48868,75,1.6878
"CL2.710",32.58286,-85.48902,76,1.7196
"CL2.710",32.58265,-85.48919,77,1.7372
"CL2.710",32.58251,-85.48965,78,1.7657
"CL2.710",32.58251,-85.48979,79,1.7738
"CL2.710",32.58262,-85.49035,80,1.8074
"CL2.710",32.58273,-85.49089,81,1.8397
"CL2.710",32.58273,-85.49105,82,1.8491
"CL2.710",32.58261,-85.49124,83,1.8629
"CL2.710",32.58271,-85.49132,84,1.8712
"CL2.710",32.58283,-85.49131,85,1.8796
"CL2.710",32.58296,-85.49132,86,1.8886
"CL2.710",32.58305,-85.49136,87,1.8952
"CL2.710",32.58332,-85.49155,88,1.9169
"CL2.710",32.58358,-85.49109,89,1.9492
"CL2.710",32.58401,-85.49036,90,2.0011
"CL2.710",32.58417,-85.4901,91,2.0199
"CL2.710",32.5845,-85.48951,92,2.0612
"CL2.710",32.58501,-85.48862,93,2.1239
"CL2.710",32.58531,-85.48813,94,2.1592
"CL2.710",32.58566,-85.48758,95,2.1994
"CL2.710",32.58609,-85.487,96,2.2444
"CL2.710",32.58661,-85.48642,97,2.2938
"CL2.710",32.58695,-85.4861,98,2.3238
"CL2.710",32.58717,-85.48591,99,2.3426
"CL2.710",32.58752,-85.48562,100,2.3721
"CL2.710",32.58784,-85.4854,101,2.3977
"CL2.710",32.58813,-85.48521,102,2.4206
"CL2.710",32.58849,-85.485,103,2.4484
"CL2.710",32.58884,-85.48481,104,2.4750
"CL2.710",32.58884,-85.48531,105,2.5041
"CL2.710",32.5889,-85.48605,106,2.5475
"CL2.710",32.58891,-85.48626,107,2.5597
"CL2.710",32.588897838400534,-85.48663092878368,108,2.5813
"CL2.710",32.58889,-85.48687,109,2.5953
"CL2.710",32.58887,-85.48763,110,2.6396
"CL2.710",32.58885,-85.48844,111,2.6868
"CL2.710",32.58883,-85.48893,112,2.7154
"CL2.710",32.58882,-85.4896,113,2.7545
"CL2.710",32.58880990409608,-85.48981706193425,114,2.7671
"CL2.710",32.5888,-85.49003,115,2.7796
"CL2.710",32.5888,-85.49017,116,2.7877
"CL2.710",32.5901,-85.4902,117,2.8777
"CL2.710",32.59127,-85.49023,118,2.9586
"CL2.710",32.59233,-85.49031,119,3.0321
"CL2.710",32.59265,-85.49032,120,3.0542
"CL2.710",32.59332,-85.49034,121,3.1006
"CL2.710",32.59395,-85.49032,122,3.1442
"CL2.710",32.59453,-85.4903,123,3.1843
"CL2.710",32.59522,-85.49023,124,3.2322
"CL2.710",32.59548,-85.49021,125,3.2502
"CL2.710",32.59595,-85.4902,126,3.2828
"CL2.710",32.59653,-85.49023,127,3.3229
"CL2.710",32.59704,-85.49031,128,3.3585
"CL2.710",32.59742,-85.49038,129,3.3851
"CL2.710",32.59785,-85.49042,130,3.4149
"CL2.710",32.59991,-85.49045,131,3.5574
"CL2.710",32.60105,-85.49046,132,3.6363
"CL2.710",32.60099,-85.48953,133,3.6906
"CL2.710",32.60101,-85.48896,134,3.7239
"CL2.710",32.60106,-85.48864,135,3.7429
"CL2.710",32.60109,-85.48852,136,3.7501
"CL2.710",32.60116,-85.48836,137,3.7607
"CL2.710",32.60126,-85.4882,138,3.7723
"CL2.710",32.60146,-85.48799,139,3.7907
"CL2.710",32.60167,-85.48784,140,3.8077
"CL2.710",32.60186,-85.48773,141,3.8223
"CL3.7",32.60191,-85.4877,1,0.0000
"CL3.7",32.60217,-85.48763,2,0.0184
"CL3.7",32.60243,-85.48758,3,0.0367
"CL3.7",32.60283,-85.48764,4,0.0645
"CL3.7",32.60304,-85.48777,5,0.0809
"CL3.7",32.60326,-85.48797,6,0.1001
"CL3.7",32.60341,-85.48819,7,0.1166
"CL3.7",32.60358,-85.48856,8,0.1411
"CL3.7",32.60362,-85.48892,9,0.1623
"CL3.7",32.60359,-85.48922,10,0.1799
"CL3.7",32.60345,-85.48956,11,0.2020
"CL3.7",32.60329,-85.4899,12,0.2247
"CL3.7",32.60323,-85.49001,13,0.2323
"CL3.7",32.60319,-85.49016,14,0.2415
"CL3.7",32.60315,-85.49043,15,0.2574
"CL3.7",32.60176,-85.49048,16,0.3536
"CL3.7",32.60042,-85.49045,17,0.4463
"CL3.7",32.59774,-85.49042,18,0.6317
"CL3.7",32.59672,-85.49024,19,0.7030
"CL3.7",32.59587,-85.49021,20,0.7619
"CL3.7",32.595,-85.49024,21,0.8221
"CL3.7",32.59397,-85.49033,22,0.8935
"CL3.7",32.59097,-85.49025,23,1.1011
"CL3.7",32.588229601937286,-85.49015495729262,24,1.2907
"CL3.7",32.58751,-85.49013,25,1.3405
"CL3.7",32.5868,-85.49011,26,1.3896
"CL3.7",32.58645,-85.49,27,1.4147
"CL3.7",32.58599,-85.48985,28,1.4477
"CL3.7",32.58535,-85.48945,29,1.4977
"CL3.7",32.5847,-85.48892,30,1.5523
"CL3.7",32.58415,-85.48851,31,1.5972
"CL3.7",32.58397,-85.48841,32,1.6109
"CL3.7",32.58374,-85.48832,33,1.6277
"CL3.7",32.58343,-85.48827,34,1.6493
"CL3.7",32.58257,-85.48826,35,1.7088
"CL3.7",32.58163,-85.48827,36,1.7738
"CL3.7",32.58061,-85.48827,37,1.8444
"CL3.7",32.58006,-85.48827,38,1.8824
"CL3.7",32.58001,-85.48867,39,1.9060
"CL3.7",32.57987,-85.48927,40,1.9423
"CL3.7",32.57968,-85.48994,41,1.9835
"CL3.7",32.57937,-85.49072,42,2.0338
"CL3.7",32.5791,-85.49129,43,2.0719
"CL3.7",32.57887,-85.49174,44,2.1026
"CL3.7",32.57838,-85.4925,45,2.1583
"CL3.7",32.57797,-85.49299,46,2.1986
"CL3.7",32.57754,-85.49357,47,2.2436
"CL3.7",32.57722,-85.49407,48,2.2802
"CL3.7",32.57707,-85.49445,49,2.3047
"CL3.7",32.57698,-85.4948,50,2.3260
"CL3.7",32.5769,-85.49522,51,2.3511
"CL3.7",32.57688,-85.49549,52,2.3669
"CL3.7",32.5769,-85.49577,53,2.3833
"CL3.7",32.57694,-85.49615,54,2.4056
"CL3.7",32.57705,-85.49653,55,2.4290
"CL3.7",32.57736,-85.49722,56,2.4746
"CL3.7",32.57752,-85.49743,57,2.4911
"CL3.7",32.57771,-85.49756,58,2.5063
"CL3.7",32.57797,-85.49761,59,2.5245
"CL3.7",32.57819,-85.49752,60,2.5406
"CL3.7",32.57933,-85.49669,61,2.6331
"CL3.7",32.58004,-85.49608,62,2.6937
"CL3.7",32.5807,-85.49538,63,2.7549
"CL3.7",32.58111,-85.49492,64,2.7940
"CL3.7",32.58153,-85.49441,65,2.8355
"CL3.7",32.5819,-85.49389,66,2.8752
"CL3.7",32.58209,-85.49358,67,2.8975
"CL3.7",32.58219,-85.49343,68,2.9087
"CL3.7",32.58212,-85.49324,69,2.9208
"CL3.7",32.58196,-85.49308,70,2.9353
"CL3.7",32.5819,-85.49318,71,2.9424
"CL3.7",32.58181,-85.49333,72,2.9531
"CL3.7",32.58166,-85.49358,73,2.9710
"CL3.7",32.58157,-85.4936,74,2.9774
"CL3.7",32.58146,-85.49361,75,2.9850
"CL3.7",32.58131,-85.49362,76,2.9954
"CL3.7",32.5812,-85.49363,77,3.0030
"CL3.7",32.58102,-85.49364,78,3.0155
"CL3.7",32.58088,-85.49359,79,3.0256
"CL3.7",32.58078,-85.49352,80,3.0336
"CL3.7",32.58069,-85.49345,81,3.0411
"CL3.7",32.58058,-85.49337,82,3.0500
"CL3.7",32.58063,-85.49326,83,3.0573
"CL3.7",32.58078,-85.49327,84,3.0677
"CL3.7",32.58091,-85.49338,85,3.0787
"CL3.7",32.581,-85.49346,86,3.0865
"CL3.7",32.58109,-85.49355,87,3.0946
"CL3.7",32.58127,-85.49361,88,3.1076
"CL3.7",32.58143,-85.49361,89,3.1186
"CL3.7",32.58154,-85.4936,90,3.1263
"CL3.7",32.58165,-85.49358,91,3.1340
"CL3.7",32.58173,-85.49345,92,3.1433
"CL3.7",32.5818,-85.49335,93,3.1509
"CL3.7",32.58188,-85.49322,94,3.1603
"CL3.7",32.58194,-85.49311,95,3.1679
"CL3.7",32.58204,-85.49316,96,3.1754
"CL3.7",32.58214,-85.49326,97,3.1845
"CL3.7",32.58221,-85.49333,98,3.1908
"CL3.7",32.5823,-85.49325,99,3.1986
"CL3.7",32.58235,-85.49316,100,3.2049
"CL3.7",32.58242,-85.49305,101,3.2129
"CL3.7",32.58251,-85.49291,102,3.2232
"CL3.7",32.58261,-85.49275,103,3.2348
"CL3.7",32.58271,-85.49259,104,3.2464
"CL3.7",32.58281,-85.49243,105,3.2580
"CL3.7",32.58291,-85.49224,106,3.2711
"CL3.7",32.582902124490055,-85.49134610510184,107,3.2904
"CL3.7",32.58317,-85.49181,108,3.3019
"CL3.7",32.58352,-85.4912,109,3.3449
"CL3.7",32.58391,-85.49054,110,3.3919
"CL3.7",32.58428,-85.4899,111,3.4372
"CL3.7",32.58446,-85.48957,112,3.4601
"CL3.7",32.58458,-85.48937,113,3.4744
"CL3.7",32.5846,-85.48917,114,3.4861
"CL3.7",32.58458,-85.48899,115,3.4967
"CL3.7",32.58453,-85.48879,116,3.5089
"CL3.7",32.58421,-85.48855,117,3.5350
"CL3.7",32.58409,-85.48847,118,3.5446
"CL3.7",32.58394,-85.48839,119,3.5559
"CL3.7",32.58378,-85.48833,120,3.5675
"CL3.7",32.58359,-85.48829,121,3.5809
"CL3.7",32.58335,-85.48826,122,3.5976
"CL3.7",32.58336,-85.48838,123,3.6046
"CL3.7",32.58325,-85.48863,124,3.6210
"CL3.7",32.58309,-85.48881,125,3.6363
"CL3.7",32.58296,-85.48893,126,3.6477
"CL3.7",32.5828,-85.48908,127,3.6618
"CL3.7",32.58265,-85.48919,128,3.6740
"CL3.7",32.58253,-85.48959,129,3.6987
"CL3.7",32.58251,-85.48979,130,3.7105
"CL3.7",32.5826,-85.49026,131,3.7386
"CL3.7",32.58273,-85.49089,132,3.7764
"CL3.7",32.58273,-85.49105,133,3.7857
"CL3.7",32.58261,-85.49124,134,3.7995
"CL3.7",32.58271,-85.49132,135,3.8079
"CL3.7",32.58287,-85.49131,136,3.8190
"CL3.7",32.58296,-85.49132,137,3.8252
"CL3.7",32.58305,-85.49136,138,3.8319
"CL3.7",32.58324,-85.49149,139,3.8470
"CL3.7",32.58332,-85.49155,140,3.8536
"CL3.7",32.5838,-85.49071,141,3.9127
"CL3.7",32.58423,-85.48999,142,3.9642
"CL3.7",32.58465,-85.48923,143,4.0171
"CL3.7",32.58514,-85.4884,144,4.0762
"CL3.7",32.58566,-85.48758,145,4.1360
"CL3.7",32.58607,-85.48703,146,4.1788
"CL3.7",32.58624,-85.48683,147,4.1954
"CL3.7",32.58663,-85.4864,148,4.2322
"CL3.7",32.58692,-85.48613,149,4.2577
"CL3.7",32.58724,-85.48584,150,4.2855
"CL3.7",32.58772,-85.48548,151,4.3248
"CL3.7",32.58813,-85.48521,152,4.3573
"CL3.7",32.58869,-85.4849,153,4.4000
"CL3.7",32.58884,-85.48481,154,4.4116
"CL3.7",32.58884,-85.48531,155,4.4408
"CL3.7",32.58887,-85.48573,156,4.4653
"CL3.7",32.58891,-85.48626,157,4.4963
"CL3.7",32.5889,-85.48656,158,4.5138
"CL3.7",32.58887,-85.4874,159,4.5628
"CL3.7",32.58884,-85.48854,160,4.6293
"CL3.7",32.58881,-85.48987,161,4.7068
"CL3.7",32.5888,-85.49017,162,4.7243
"CL3.7",32.59003,-85.4902,163,4.8094
"CL3.7",32.59127,-85.49023,164,4.8952
"CL3.7",32.59184,-85.49027,165,4.9347
"CL3.7",32.59233,-85.49031,166,4.9687
"CL3.7",32.59311,-85.49034,167,5.0227
"CL3.7",32.59384,-85.49033,168,5.0732
"CL3.7",32.59453,-85.4903,169,5.1209
"CL3.7",32.59548,-85.49021,170,5.1869
"CL3.7",32.59595,-85.4902,171,5.2194
"CL3.7",32.59628,-85.49022,172,5.2422
"CL3.7",32.59653,-85.49023,173,5.2595
"CL3.7",32.59742,-85.49038,174,5.3217
"CL3.7",32.59778,-85.49042,175,5.3467
"CL3.7",32.59876,-85.49043,176,5.4145
"CL3.7",32.60089,-85.49046,177,5.5619
"CL3.7",32.60105,-85.49046,178,5.5729
"CL3.7",32.60098,-85.4894,179,5.6349
"CL3.7",32.60101,-85.48901,180,5.6577
"CL3.7",32.60106,-85.48864,181,5.6795
"CL3.7",32.60109,-85.48852,182,5.6868
"CL3.7",32.60116,-85.48836,183,5.6973
"CL3.7",32.60126,-85.4882,184,5.7090
"CL3.7",32.60146,-85.48799,185,5.7274
"CL3.7",32.60161,-85.48787,186,5.7399
"CL3.7",32.60188,-85.48772,187,5.7606
"CL4.730",32.58182,-85.4933,1,0.0000
"CL4.730",32.58193,-85.49313,2,0.0125
"CL4.730",32.5821,-85.49322,3,0.0254
"CL4.730",32.58222,-85.49334,4,0.0362
"CL4.730",32.58233,-85.49319,5,0.0478
"CL4.730",32.58242,-85.49305,6,0.0581
"CL4.730",32.58265,-85.49269,7,0.0844
"CL4.730",32.58288,-85.4923,8,0.1122
"CL4.730",32.58312,-85.49189,9,0.1413
"CL4.730",32.5836,-85.49106,10,0.1999
"CL4.730",32.58409,-85.49024,11,0.2585
"CL4.730",32.58416,-85.49011,12,0.2675
"CL4.730",32.58456,-85.48941,13,0.3168
"CL4.730",32.5846,-85.48918,14,0.3305
"CL4.730",32.58458,-85.48899,15,0.3416
"CL4.730",32.58453,-85.48879,16,0.3538
"CL4.730",32.58438,-85.48868,17,0.3660
"CL4.730",32.58423,-85.48856,18,0.3785
"CL4.730",32.58407,-85.48846,19,0.3910
"CL4.730",32.58396,-85.4884,20,0.3994
"CL4.730",32.58379,-85.48833,21,0.4118
"CL4.730",32.58359,-85.48828,22,0.4260
"CL4.730",32.58337,-85.48826,23,0.4412
"CL4.730",32.58335,-85.48843,24,0.4513
"CL4.730",32.58327,-85.4886,25,0.4626
"CL4.730",32.5831,-85.4888,26,0.4792
"CL4.730",32.58271,-85.48915,27,0.5130
"CL4.730",32.58255,-85.48952,28,0.5372
"CL4.730",32.58251,-85.48965,29,0.5453
"CL4.730",32.58251,-85.48979,30,0.5534
"CL4.730",32.58254,-85.48995,31,0.5630
"CL4.730",32.58267,-85.49059,32,0.6014
"CL4.730",32.58273,-85.49089,33,0.6193
"CL4.730",32.58273,-85.49105,34,0.6287
"CL4.730",32.58261,-85.49124,35,0.6425
"CL4.730",32.58271,-85.49132,36,0.6508
"CL4.730",32.58291,-85.49131,37,0.6647
"CL4.730",32.58308,-85.49138,38,0.6771
"CL4.730",32.58332,-85.49155,39,0.6965
"CL4.730",32.58375,-85.49081,40,0.7489
"CL4.730",32.58417,-85.4901,41,0.7994
"CL4.730",32.58466,-85.48923,42,0.8604
"CL4.730",32.58508,-85.4885,43,0.9119
"CL4.730",32.58551,-85.48779,44,0.9629
"CL4.730",32.58581,-85.48737,45,0.9950
"CL4.730",32.58605,-85.48705,46,1.0200
"CL4.730",32.58667,-85.48636,47,1.0787
"CL4.730",32.58695,-85.4861,48,1.1033
"CL4.730",32.5874,-85.48572,49,1.1415
"CL4.730",32.58779,-85.48543,50,1.1734
"CL4.730",32.58833,-85.4851,51,1.2154
"CL4.730",32.58884,-85.48481,52,1.2545
"CL4.730",32.58884,-85.48531,53,1.2836
"CL4.730",32.58888,-85.48583,54,1.3141
"CL4.730",32.58891,-85.48626,55,1.3392
"CL4.730",32.5889,-85.48664,56,1.3614
"CL4.730",32.58887,-85.48751,57,1.4121
"CL4.730",32.58885,-85.48834,58,1.4605
"CL4.730",32.58883,-85.48916,59,1.5083
"CL4.730",32.588813909936064,-85.48981969262158,60,1.5468
"CL4.730",32.58881,-85.48998,61,1.5561
"CL4.730",32.58881,-85.49017,62,1.5672
"CL4.730",32.5894,-85.49018,63,1.6080
"CL4.730",32.58981,-85.49019,64,1.6364
"CL4.730",32.59022,-85.4902,65,1.6648
"CL4.730",32.59064,-85.49021,66,1.6938
"CL4.730",32.59105,-85.49022,67,1.7222
"CL4.730",32.59147,-85.49024,68,1.7513
"CL4.730",32.59233,-85.49031,69,1.8109
"CL4.730",32.5928,-85.49033,70,1.8434
"CL4.730",32.59359,-85.49034,71,1.8981
"CL4.730",32.59468,-85.49028,72,1.9735
"CL4.730",32.59548,-85.49021,73,2.0290
"CL4.730",32.59587,-85.4902,74,2.0560
"CL4.730",32.59656,-85.49024,75,2.1038
"CL4.730",32.59763,-85.4904,76,2.1784
"CL4.730",32.59785,-85.49042,77,2.1937
"CL4.730",32.59841,-85.49043,78,2.2324
"CL4.730",32.60024,-85.49045,79,2.3590
"CL4.730",32.60105,-85.49046,80,2.4150
"CL4.730",32.60103,-85.49025,81,2.4273
"CL4.730",32.60102,-85.49004,82,2.4396
"CL4.730",32.601,-85.48981,83,2.4531
"CL4.730",32.60099,-85.48952,84,2.4700
"CL4.730",32.601,-85.48918,85,2.4898
"CL4.730",32.60102,-85.48885,86,2.5091
"CL4.730",32.60106,-85.48864,87,2.5216
"CL4.730",32.60113,-85.48842,88,2.5353
"CL4.730",32.60126,-85.4882,89,2.5510
"CL4.730",32.60143,-85.48802,90,2.5667
"CL4.730",32.60161,-85.48787,91,2.5820
"CL4.730",32.60179,-85.48776,92,2.5960
"EG2.7",32.6098,-85.44022,1,0.0000
"EG2.7",32.60942,-85.44062,2,0.0351
"EG2.7",32.6093,-85.44076,3,0.0468
"EG2.7",32.60925,-85.44094,4,0.0578
"EG2.7",32.60924,-85.44108,5,0.0660
"EG2.7",32.60926,-85.44119,6,0.0726
"EG2.7",32.60939,-85.44141,7,0.0882
"EG2.7",32.60967,-85.4418,8,0.1181
"EG2.7",32.60995,-85.44219,9,0.1479
"EG2.7",32.61023,-85.44258,10,0.1778
"EG2.7",32.61042,-85.44285,11,0.1983
"EG2.7",32.61055,-85.44304,12,0.2125
"EG2.7",32.61039,-85.4432,13,0.2270
"EG2.7",32.61014,-85.44338,14,0.2472
"EG2.7",32.60989,-85.44351,15,0.2661
"EG2.7",32.60957,-85.44361,16,0.2890
"EG2.7",32.60941,-85.44364,17,0.3002
"EG2.7",32.60911,-85.44366,18,0.3210
"EG2.7",32.60888,-85.44365,19,0.3369
"EG2.7",32.60888,-85.4442,20,0.3690
"EG2.7",32.60889,-85.44472,21,0.3993
"EG2.7",32.60888,-85.44523,22,0.4290
"EG2.7",32.60888,-85.44575,23,0.4593
"EG2.7",32.60888,-85.44626,24,0.4890
"EG2.7",32.60888,-85.44678,25,0.5193
"EG2.7",32.60888,-85.44729,26,0.5490
"EG2.7",32.60888,-85.44771,27,0.5735
"EG2.7",32.60888,-85.44787,28,0.5828
"EG2.7",32.60888,-85.44799,29,0.5898
"EG2.7",32.60889,-85.44818,30,0.6009
"EG2.7",32.60889,-85.44857,31,0.6236
"EG2.7",32.60891,-85.45175,32,0.8089
"EG2.7",32.60886,-85.45192,33,0.8194
"EG2.7",32.60886,-85.4523,34,0.8416
"EG2.7",32.60888,-85.45462,35,0.9767
"EG2.7",32.60889,-85.4564,36,1.0805
"EG2.7",32.6089,-85.45749,37,1.1440
"EG2.7",32.60892,-85.46056,38,1.3229
"EG2.7",32.60893,-85.46182,39,1.3963
"EG2.7",32.60894,-85.46207,40,1.4109
"EG2.7",32.60898,-85.46218,41,1.4179
"EG2.7",32.60899,-85.46238,42,1.4295
"EG2.7",32.609,-85.46283,43,1.4558
"EG2.7",32.609,-85.4638,44,1.5123
"EG2.7",32.60901,-85.4647,45,1.5647
"EG2.7",32.60901,-85.46488,46,1.5752
"EG2.7",32.60774,-85.4649,47,1.6631
"EG2.7",32.60639,-85.46491,48,1.7564
"EG2.7",32.60508,-85.46491,49,1.8471
"EG2.7",32.60447,-85.46491,50,1.8893
"EG2.7",32.60442,-85.46549,51,1.9232
"EG2.7",32.60438,-85.46634,52,1.9728
"EG2.7",32.60437,-85.46719,53,2.0224
"EG2.7",32.60436,-85.46804,54,2.0719
"EG2.7",32.60434,-85.46889,55,2.1214
"EG2.7",32.60432,-85.46974,56,2.1710
"EG2.7",32.60429,-85.47059,57,2.2206
"EG2.7",32.60428,-85.47144,58,2.2701
"EG2.7",32.60425,-85.47229,59,2.3197
"EG2.7",32.60422,-85.47314,60,2.3693
"EG2.7",32.60422,-85.474,61,2.4194
"EG2.7",32.60422,-85.47485,62,2.4689
"EG2.7",32.60422,-85.4757,63,2.5184
"EG2.7",32.60422,-85.47655,64,2.5680
"EG2.7",32.60422,-85.4774,65,2.6175
"EG2.7",32.60421,-85.47825,66,2.6670
"EG2.7",32.6042,-85.4791,67,2.7166
"EG2.7",32.6042,-85.47991,68,2.7638
"EG2.7",32.60422,-85.48053,69,2.7999
"EG2.7",32.6042,-85.48112,70,2.8343
"EG2.7",32.60417,-85.48157,71,2.8606
"EG2.7",32.60414,-85.48169,72,2.8679
"EG2.7",32.60401,-85.4817,73,2.8769
"EG2.7",32.60391,-85.48175,74,2.8844
"EG2.7",32.60281,-85.48174,75,2.9605
"EG2.7",32.60191,-85.48176,76,3.0228
"EG2.7",32.60137,-85.48177,77,3.0601
"EG2.7",32.60021,-85.48174,78,3.1404
"EG2.7",32.59896,-85.48173,79,3.2269
"EG2.7",32.5988,-85.48188,80,3.2410
"EG2.7",32.59872,-85.48201,81,3.2503
"EG2.7",32.5987,-85.48232,82,3.2685
"EG2.7",32.59865,-85.48254,83,3.2817
"EG2.7",32.59856,-85.48275,84,3.2955
"EG2.7",32.59835,-85.48309,85,3.3200
"EG2.7",32.59822,-85.48335,86,3.3377
"EG2.7",32.59819,-85.48346,87,3.3444
"EG2.7",32.59816,-85.48363,88,3.3545
"EG2.7",32.59815,-85.48384,89,3.3668
"EG2.7",32.5985,-85.48386,90,3.3910
"EG2.7",32.59991,-85.48388,91,3.4885
"EG2.7",32.60081,-85.48387,92,3.5508
"EG2.7",32.6011,-85.48387,93,3.5709
"EG2.7",32.60119,-85.48321,94,3.6098
"GH1.710",32.60964,-85.47989,1,0.0000
"GH1.710",32.61027,-85.47989,2,0.0436
"GH1.710",32.61203,-85.47987,3,0.1653
"GH1.710",32.61214,-85.47929,4,0.2000
"GH1.710",32.61241,-85.47809,5,0.2723
"GH1.710",32.61287,-85.47582,6,0.4084
"GH1.710",32.61265,-85.47576,7,0.4240
"GH1.710",32.61246,-85.47565,8,0.4386
"GH1.710",32.61234,-85.47556,9,0.4484
"GH1.710",32.61217,-85.47544,10,0.4621
"GH1.710",32.61208,-85.4754,11,0.4687
"GH1.710",32.61189,-85.47537,12,0.4820
"GH1.710",32.61059,-85.47529,13,0.5721
"GH1.710",32.61059,-85.47428,14,0.6309
"GH1.710",32.61058,-85.47328,15,0.6892
"GH1.710",32.61056,-85.47278,16,0.7183
"GH1.710",32.61055,-85.47112,17,0.8151
"GH1.710",32.61053076624929,-85.47038911747303,18,0.8577
"GH1.710",32.61052,-85.46998,19,0.8815
"GH1.710",32.61061,-85.46997,20,0.8878
"GH1.710",32.61052,-85.46998,21,0.8940
"GH1.710",32.61051,-85.46902,22,0.9500
"GH1.710",32.61038,-85.46907,23,0.9594
"GH1.710",32.61023,-85.46924,24,0.9738
"GH1.710",32.60932,-85.47032,25,1.0628
"GH1.710",32.60923429965595,-85.47043525218682,26,1.0717
"GH1.710",32.60903,-85.47071,27,1.0931
"GH1.710",32.60904,-85.47216,28,1.1776
"GH1.710",32.60905,-85.47412,29,1.2918
"GH1.710",32.60906,-85.47653,30,1.4322
"GH1.710",32.60908,-85.47894,31,1.5726
"GH1.710",32.6091,-85.4799,32,1.6286
"GH1.710",32.60909,-85.48122,33,1.7055
"GH1.710",32.60908,-85.4817,34,1.7335
"GH1.710",32.60908,-85.48221,35,1.7632
"GH1.710",32.60907,-85.48281,36,1.7982
"GH1.710",32.60907,-85.48316,37,1.8185
"GH1.710",32.60906,-85.48352,38,1.8395
"GH1.710",32.60906,-85.48389,39,1.8611
"GH1.710",32.60905,-85.48429,40,1.8844
"GH1.710",32.60904,-85.48478,41,1.9130
"GH1.710",32.60903,-85.48527,42,1.9415
"GH1.710",32.60902,-85.48575,43,1.9695
"GH1.710",32.60902,-85.48623,44,1.9975
"GH1.710",32.60902,-85.4867,45,2.0249
"GH1.710",32.60902,-85.48718,46,2.0528
"GH1.710",32.60901,-85.4877,47,2.0831
"GH1.710",32.60901,-85.48811,48,2.1070
"GH1.710",32.60902,-85.48856,49,2.1333
"GH1.710",32.60903,-85.489,50,2.1589
"GH1.710",32.60904,-85.48943,51,2.1840
"GH1.710",32.60905,-85.48993,52,2.2131
"GH1.710",32.60906,-85.49033,53,2.2364
"GH1.710",32.60865,-85.49027,54,2.2650
"GH1.710",32.60832,-85.49028,55,2.2878
"GH1.710",32.60794,-85.49033,56,2.3143
"GH1.710",32.60777,-85.49035,57,2.3261
"GH1.710",32.60767,-85.49036,58,2.3330
"GH1.710",32.60752,-85.49037,59,2.3434
"GH1.710",32.60731,-85.49038,60,2.3580
"GH1.710",32.60709,-85.49039,61,2.3732
"GH1.710",32.60684,-85.49039,62,2.3905
"GH1.710",32.60658,-85.49039,63,2.4085
"GH1.710",32.60646,-85.49039,64,2.4168
"GH1.710",32.60636,-85.49037,65,2.4238
"GH1.710",32.60602,-85.49037,66,2.4473
"GH1.710",32.60575,-85.49038,67,2.4660
"GH1.710",32.60548,-85.4904,68,2.4847
"GH1.710",32.60521,-85.49042,69,2.5034
"GH1.710",32.605093326324045,-85.49042432124726,70,2.5115
"GH1.710",32.60494,-85.49043,71,2.5221
"GH1.710",32.60483,-85.49043,72,2.5297
"GH1.710",32.60403,-85.49041,73,2.5851
"GH1.710",32.60317,-85.49042,74,2.6445
"GH1.710",32.6023,-85.49045,75,2.7048
"GH1.710",32.60137,-85.49047,76,2.7691
"GH1.710",32.60105,-85.49046,77,2.7912
"GH1.710",32.601,-85.48977,78,2.8316
"GH1.710",32.60098,-85.4894,79,2.8532
"GH1.710",32.601,-85.48918,80,2.8661
"GH1.710",32.60104,-85.48876,81,2.8907
"GH1.710",32.60109,-85.48852,82,2.9051
"GH1.710",32.60116,-85.48836,83,2.9156
"GH1.710",32.60126,-85.4882,84,2.9272
"GH1.710",32.60134,-85.4881,85,2.9353
"GH1.710",32.60161,-85.48787,86,2.9583
"GH1.710",32.60186,-85.48773,87,2.9774
"GH3.730",32.60965,-85.47989,1,0.0000
"GH3.730",32.61078,-85.47989,2,0.0782
"GH3.730",32.61203,-85.47987,3,0.1646
"GH3.730",32.61214,-85.47929,4,0.1993
"GH3.730",32.61235,-85.47841,5,0.2526
"GH3.730",32.6126,-85.47716,6,0.3274
"GH3.730",32.61287,-85.47582,7,0.4077
"GH3.730",32.61273,-85.47579,8,0.4175
"GH3.730",32.61256,-85.47571,9,0.4302
"GH3.730",32.61221,-85.47546,10,0.4584
"GH3.730",32.61208,-85.4754,11,0.4681
"GH3.730",32.61185,-85.47537,12,0.4841
"GH3.730",32.61059,-85.47529,13,0.5714
"GH3.730",32.61059,-85.4751,14,0.5824
"GH3.730",32.61058,-85.47328,15,0.6885
"GH3.730",32.61056,-85.47278,16,0.7177
"GH3.730",32.61055,-85.47117,17,0.8115
"GH3.730",32.61053547687722,-85.4703893821503,18,0.8570
"GH3.730",32.61051,-85.46902,19,0.9368
"GH3.730",32.61038,-85.46907,20,0.9462
"GH3.730",32.60987,-85.46966,21,0.9955
"GH3.730",32.60924,-85.47042,22,1.0576
"GH3.730",32.60903,-85.47071,23,1.0799
"GH3.730",32.60904,-85.47152,24,1.1271
"GH3.730",32.60905,-85.47473,25,1.3141
"GH3.730",32.60907,-85.47759,26,1.4808
"GH3.730",32.60909,-85.47937,27,1.5845
"GH3.730",32.60909,-85.48109,28,1.6847
"GH3.730",32.60907,-85.48267,29,1.7768
"GH3.730",32.60906,-85.48386,30,1.8461
"GH3.730",32.60904,-85.48479,31,1.9003
"GH3.730",32.60902,-85.48607,32,1.9749
"GH3.730",32.60902,-85.4871,33,2.0350
"GH3.730",32.60901,-85.48763,34,2.0658
"GH3.730",32.60902,-85.48888,35,2.1387
"GH3.730",32.60906,-85.4903,36,2.2215
"GH3.730",32.60869,-85.49027,37,2.2471
"GH3.730",32.60845,-85.49027,38,2.2637
"GH3.730",32.60778,-85.49035,39,2.3103
"GH3.730",32.60719,-85.49039,40,2.3512
"GH3.730",32.60699,-85.49039,41,2.3650
"GH3.730",32.60646,-85.49039,42,2.4017
"GH3.730",32.60636,-85.49037,43,2.4087
"GH3.730",32.6058,-85.49037,44,2.4474
"GH3.730",32.60539,-85.49042,45,2.4759
"GH3.730",32.60505,-85.49043,46,2.4995
"GH3.730",32.60451,-85.49041,47,2.5368
"GH3.730",32.60361,-85.49041,48,2.5991
"GH3.730",32.60294,-85.49043,49,2.6454
"GH3.730",32.60187,-85.49046,50,2.7195
"GH3.730",32.60107,-85.49046,51,2.7748
"GH3.730",32.60098,-85.4894,52,2.8369
"GH3.730",32.60102,-85.4889,53,2.8662
"GH3.730",32.60106,-85.48864,54,2.8816
"GH3.730",32.60112,-85.48844,55,2.8939
"GH3.730",32.60126,-85.4882,56,2.9109
"GH3.730",32.60146,-85.48799,57,2.9294
"GH3.730",32.60161,-85.48787,58,2.9419
"GH3.730",32.60186,-85.48773,59,2.9610
"HW1.7",32.60405,-85.50191,1,0.0000
"HW1.7",32.60404,-85.50206,2,0.0088
"HW1.7",32.60392,-85.50212,3,0.0178
"HW1.7",32.60387,-85.50198,4,0.0266
"HW1.7",32.60389,-85.50177,5,0.0390
"HW1.7",32.60394,-85.50159,6,0.0500
"HW1.7",32.60395,-85.50115,7,0.0756
"HW1.7",32.60396,-85.50071,8,0.1013
"HW1.7",32.60396,-85.50026,9,0.1275
"HW1.7",32.60397,-85.49998,10,0.1438
"HW1.7",32.60387,-85.4998,11,0.1564
"HW1.7",32.60393,-85.49964,12,0.1666
"HW1.7",32.60398,-85.49938,13,0.1822
"HW1.7",32.60398,-85.4991,14,0.1985
"HW1.7",32.60399,-85.49885,15,0.2131
"HW1.7",32.60399,-85.49845,16,0.2364
"HW1.7",32.60399,-85.49805,17,0.2597
"HW1.7",32.604,-85.49765,18,0.2830
"HW1.7",32.604,-85.49726,19,0.3057
"HW1.7",32.604,-85.49686,20,0.3290
"HW1.7",32.60401,-85.49646,21,0.3523
"HW1.7",32.60403,-85.49607,22,0.3751
"HW1.7",32.60406,-85.49568,23,0.3979
"HW1.7",32.60408,-85.49551,24,0.4079
"HW1.7",32.60429,-85.49554,25,0.4226
"HW1.7",32.60443,-85.49554,26,0.4322
"HW1.7",32.60471,-85.49549,27,0.4518
"HW1.7",32.60492,-85.49542,28,0.4669
"HW1.7",32.60506,-85.49534,29,0.4777
"HW1.7",32.60497,-85.49512,30,0.4919
"HW1.7",32.6049,-85.49489,31,0.5062
"HW1.7",32.60489,-85.49472,32,0.5161
"HW1.7",32.60489,-85.4945,33,0.5289
"HW1.7",32.60489,-85.49422,34,0.5452
"HW1.7",32.60489,-85.49407,35,0.5540
"HW1.7",32.60478,-85.49395,36,0.5643
"HW1.7",32.60475,-85.49372,37,0.5779
"HW1.7",32.60485,-85.49357,38,0.5890
"HW1.7",32.60489,-85.49241,39,0.6567
"HW1.7",32.60488,-85.49195,40,0.6835
"HW1.7",32.60483,-85.49144,41,0.7134
"HW1.7",32.60482,-85.49122,42,0.7262
"HW1.7",32.60483,-85.49043,43,0.7723
"HW1.7",32.60409,-85.49041,44,0.8235
"HW1.7",32.60323,-85.49041,45,0.8830
"HW1.7",32.60233,-85.49045,46,0.9453
"HW1.7",32.60143,-85.49047,47,1.0075
"HW1.7",32.60105,-85.49046,48,1.0338
"HW1.7",32.60099,-85.48957,49,1.0858
"HW1.7",32.60098,-85.4894,50,1.0958
"HW1.7",32.60101,-85.48896,51,1.1215
"HW1.7",32.60107,-85.48861,52,1.1423
"HW1.7",32.60116,-85.48836,53,1.1581
"HW1.7",32.60126,-85.4882,54,1.1698
"HW1.7",32.60146,-85.48799,55,1.1882
"HW1.7",32.60164,-85.48785,56,1.2031
"HW1.7",32.60194,-85.48769,57,1.2259
"HW1.7",32.60229,-85.4876,58,1.2506
"HW1.7",32.60242,-85.4876,59,1.2596
"MN1.7",32.60857,-85.47298,1,0.0000
"MN1.7",32.6081,-85.47299,2,0.0325
"MN1.7",32.60741,-85.47302,3,0.0803
"MN1.7",32.60656,-85.47312,4,0.1394
"MN1.7",32.606555139788554,-85.47384579157568,5,0.1817
"MN1.7",32.60653,-85.4776,6,0.4004
"MN1.7",32.60654,-85.4799,7,0.5344
"MN1.7",32.60581,-85.47991,8,0.5849
"MN1.7",32.60471,-85.47992,9,0.6610
"MN1.7",32.6042,-85.47993,10,0.6963
"MN1.7",32.60421,-85.48036,11,0.7214
"MN1.7",32.60422,-85.48103,12,0.7604
"MN1.7",32.60417,-85.48155,13,0.7909
"MN1.7",32.60417,-85.48169,14,0.7991
"MN1.7",32.60537,-85.4817,15,0.8821
"MN1.7",32.60656,-85.48171,16,0.9644
"MN1.7",32.60655,-85.48241,17,1.0052
"MN1.7",32.60653,-85.48513,18,1.1637
"MN1.7",32.60652044651238,-85.48611400922499,19,1.2210
"MN1.7",32.60651,-85.48719,20,1.2837
"MN1.7",32.60648,-85.48934,21,1.4090
"MN1.7",32.60646,-85.48974,22,1.4324
"MN1.7",32.60636,-85.49035,23,1.4686
"MN1.7",32.6058,-85.49037,24,1.5073
"MN1.7",32.60512,-85.49043,25,1.5545
"MN1.7",32.60442,-85.49041,26,1.6029
"MN1.7",32.60317,-85.49042,27,1.6894
"MN1.7",32.60256,-85.49044,28,1.7316
"MN1.7",32.60145,-85.49047,29,1.8084
"MN1.7",32.60105,-85.49046,30,1.8361
"MN1.7",32.60102,-85.49006,31,1.8595
"MN1.7",32.60098,-85.4894,32,1.8980
"MN1.7",32.60101,-85.48902,33,1.9203
"MN1.7",32.60106,-85.48864,34,1.9427
"MN1.7",32.60111,-85.48846,35,1.9537
"MN2.710",32.60651,-85.48602,1,0.0000
"MN2.710",32.60653,-85.4854,2,0.0362
"MN2.710",32.60653,-85.48412,3,0.1107
"MN2.710",32.60654817429255,-85.48276601520521,4,0.1896
"MN2.710",32.60655,-85.48263,5,0.1976
"MN2.710",32.60655,-85.48177,6,0.2477
"MN2.710",32.60755,-85.48172,7,0.3169
"MN2.710",32.60847,-85.48173,8,0.3806
"MN2.710",32.60908,-85.48174,9,0.4227
"MN2.710",32.6091,-85.48028,10,0.5078
"MN2.710",32.6091,-85.4799,11,0.5300
"MN2.710",32.60907,-85.47679,12,0.7112
"MN2.710",32.60904,-85.47298,13,0.9332
"MN2.710",32.608577166612264,-85.47298492375944,14,0.9652
"MN2.710",32.6081,-85.47299,15,0.9982
"MN2.710",32.60741,-85.47302,16,1.0460
"MN2.710",32.60656,-85.47312,17,1.1051
"MN2.710",32.606555139788554,-85.47384579157568,18,1.1474
"MN2.710",32.60653,-85.4776,19,1.3661
"MN2.710",32.60655,-85.47988,20,1.4990
"MN2.710",32.60642,-85.47988,21,1.5080
"MN2.710",32.60626,-85.47988,22,1.5190
"MN2.710",32.60605,-85.47987,23,1.5336
"MN2.710",32.60564,-85.47986,24,1.5619
"MN2.710",32.60542,-85.47985,25,1.5772
"MN2.710",32.60525,-85.4799,26,1.5893
"MN2.710",32.60419,-85.47992,27,1.6626
"MN2.710",32.60422,-85.48033,28,1.6866
"MN2.710",32.60422,-85.4807,29,1.7082
"MN2.710",32.6042,-85.48121,30,1.7379
"MN2.710",32.60416,-85.48167,31,1.7649
"MN2.710",32.60485,-85.48167,32,1.8126
"MN2.710",32.60572,-85.48168,33,1.8728
"MN2.710",32.60654,-85.48171,34,1.9295
"MN2.710",32.60653,-85.48485,35,2.1125
"MN2.710",32.6065156784947,-85.48611387284247,36,2.1861
"MN2.710",32.60649,-85.48838,37,2.3182
"MN2.710",32.60647,-85.48963,38,2.3910
"MN2.710",32.60636,-85.49037,39,2.4348
"MN2.710",32.60587,-85.49037,40,2.4687
"MN2.710",32.60512,-85.49043,41,2.5207
"MN2.710",32.60403,-85.49041,42,2.5961
"MN2.710",32.60317,-85.49042,43,2.6556
"MN2.710",32.60187,-85.49046,44,2.7456
"MN2.710",32.60126,-85.49046,45,2.7877
"MN2.710",32.60105,-85.49046,46,2.8023
"MN2.710",32.601,-85.48977,47,2.8426
"MN2.710",32.60098,-85.4894,48,2.8642
"MN2.710",32.60099,-85.48925,49,2.8730
"MN2.710",32.60104,-85.48876,50,2.9018
"MN2.710",32.60106,-85.48864,51,2.9089
"MN2.710",32.60112,-85.48844,52,2.9213
"MN4.730",32.60861,-85.47302,1,0.0000
"MN4.730",32.6081,-85.47299,2,0.0353
"MN4.730",32.60741,-85.47302,3,0.0831
"MN4.730",32.60656,-85.47312,4,0.1422
"MN4.730",32.606555139788554,-85.47384579157568,5,0.1845
"MN4.730",32.60653,-85.4776,6,0.4032
"MN4.730",32.60654,-85.4799,7,0.5372
"MN4.730",32.60568,-85.47989,8,0.5967
"MN4.730",32.60476,-85.47992,9,0.6604
"MN4.730",32.6042,-85.47992,10,0.6991
"MN4.730",32.60421,-85.48049,11,0.7323
"MN4.730",32.60421,-85.48096,12,0.7597
"MN4.730",32.60419,-85.48126,13,0.7773
"MN4.730",32.60416,-85.48167,14,0.8012
"MN4.730",32.60534,-85.48168,15,0.8829
"MN4.730",32.60654,-85.48168,16,0.9659
"MN4.730",32.60655,-85.48232,17,1.0032
"MN4.730",32.60653,-85.48433,18,1.1203
"MN4.730",32.606516007301266,-85.48611406908874,19,1.2243
"MN4.730",32.60651,-85.48688,20,1.2689
"MN4.730",32.60649,-85.48845,21,1.3604
"MN4.730",32.60647,-85.48963,22,1.4292
"MN4.730",32.60636,-85.49037,23,1.4729
"MN4.730",32.6058,-85.49037,24,1.5117
"MN4.730",32.60512,-85.49043,25,1.5588
"MN4.730",32.60383,-85.49041,26,1.6481
"MN4.730",32.60317,-85.49042,27,1.6937
"MN4.730",32.60186,-85.49046,28,1.7844
"MN4.730",32.60105,-85.49046,29,1.8404
"MN4.730",32.601,-85.4897,30,1.8848
"MN4.730",32.60098,-85.4894,31,1.9024
"MN4.730",32.60101,-85.48901,32,1.9252
"MN4.730",32.60106,-85.48864,33,1.9470
"MN4.730",32.6011,-85.48849,34,1.9562
"NA1.7",32.6187,-85.46526,1,0.0000
"NA1.7",32.6191,-85.46575,2,0.0398
"NA1.7",32.61917,-85.46587,3,0.0483
"NA1.7",32.61922,-85.46603,4,0.0582
"NA1.7",32.61923,-85.46628,5,0.0728
"NA1.7",32.62034,-85.46627,6,0.1496
"NA1.7",32.62032,-85.46673,7,0.1764
"NA1.7",32.6202964648785,-85.46693111831098,8,0.1882
"NA1.7",32.62021,-85.46767,9,0.2317
"NA1.7",32.6202,-85.46814,10,0.2591
"NA1.7",32.62017,-85.46834,11,0.2709
"NA1.7",32.62014,-85.46865,12,0.2891
"NA1.7",32.61995,-85.4693,13,0.3292
"NA1.7",32.61987516531037,-85.46947007884008,14,0.3404
"NA1.7",32.61973,-85.4698,15,0.3620
"NA1.7",32.61959,-85.46996,16,0.3755
"NA1.7",32.61943,-85.46999,17,0.3867
"NA1.7",32.61927,-85.46995,18,0.3980
"NA1.7",32.61918,-85.46991,19,0.4046
"NA1.7",32.61896,-85.46974,20,0.4228
"NA1.7",32.6188,-85.46965,21,0.4351
"NA1.7",32.61858,-85.46955,22,0.4513
"NA1.7",32.61802,-85.46939,23,0.4912
"NA1.7",32.61783,-85.46928,24,0.5058
"NA1.7",32.61771,-85.46913,25,0.5179
"NA1.7",32.61766,-85.46904,26,0.5241
"NA1.7",32.61761,-85.46891,27,0.5325
"NA1.7",32.61758,-85.46879,28,0.5398
"NA1.7",32.61756,-85.46849,29,0.5573
"NA1.7",32.6176,-85.46823,30,0.5727
"NA1.7",32.61773,-85.46803,31,0.5874
"NA1.7",32.61785,-85.46793,32,0.5976
"NA1.7",32.61797,-85.46789,33,0.6062
"NA1.7",32.61817,-85.46788,34,0.6200
"NA1.7",32.61836,-85.46792,35,0.6334
"NA1.7",32.61845,-85.46779,36,0.6432
"NA1.7",32.61853,-85.4675,37,0.6610
"NA1.7",32.61862,-85.46704,38,0.6885
"NA1.7",32.61863,-85.46678,39,0.7036
"NA1.7",32.61863,-85.46631,40,0.7310
"NA1.7",32.61763,-85.46627,41,0.8002
"NA1.7",32.61675,-85.46625,42,0.8611
"NA1.7",32.61610413988037,-85.46621960658261,43,0.9058
"NA1.7",32.6159,-85.46621,44,0.9199
"NA1.7",32.61543,-85.46727,45,0.9897
"NA1.7",32.61479,-85.46866,46,1.0820
"NA1.7",32.61425,-85.47005,47,1.1712
"NA1.7",32.61385,-85.47112,48,1.2394
"NA1.7",32.61371,-85.47155,49,1.2663
"NA1.7",32.61353,-85.47227,50,1.3100
"NA1.7",32.61336,-85.47314,51,1.3621
"NA1.7",32.61287,-85.47582,52,1.5219
"NA1.7",32.61265,-85.47576,53,1.5375
"NA1.7",32.61252,-85.47569,54,1.5474
"NA1.7",32.61221,-85.47546,55,1.5726
"NA1.7",32.61208,-85.4754,56,1.5823
"NA1.7",32.61185,-85.47537,57,1.5983
"NA1.7",32.611,-85.47532,58,1.6572
"NA1.7",32.61002,-85.47524,59,1.7251
"NA1.7",32.60921,-85.47521,60,1.7812
"NA1.7",32.60852,-85.47516,61,1.8290
"NA1.7",32.60744,-85.47506,62,1.9039
"NA1.7",32.60456,-85.47489,63,2.1034
"NA1.7",32.60422,-85.47486,64,2.1270
"NA1.7",32.60421,-85.4777,65,2.2924
"NA1.7",32.60419,-85.47939,66,2.3909
"NA1.7",32.60423,-85.48057,67,2.4597
"NA1.7",32.60417,-85.48157,68,2.5182
"NA1.7",32.60412,-85.4818,69,2.5320
"NA1.7",32.604,-85.4818,70,2.5403
"NA1.7",32.60391,-85.48175,71,2.5472
"NA1.7",32.60205,-85.48175,72,2.6758
"NA1.7",32.60137,-85.48177,73,2.7229
"NA1.7",32.59932,-85.48173,74,2.8647
"NA1.7",32.59896,-85.48173,75,2.8896
"NA1.7",32.5988,-85.48188,76,2.9037
"NA1.7",32.59872,-85.48201,77,2.9131
"NA1.7",32.59871,-85.48225,78,2.9271
"NA1.7",32.59868,-85.48244,79,2.9384
"NA1.7",32.59863,-85.4826,80,2.9483
"NA1.7",32.59853,-85.4828,81,2.9619
"NA1.7",32.59835,-85.48309,82,2.9828
"NA1.7",32.59822,-85.48335,83,3.0005
"NA1.7",32.59818,-85.48351,84,3.0102
"NA1.7",32.59815,-85.48384,85,3.0295
"NA1.7",32.59902,-85.48387,86,3.0897
"NA1.7",32.60102,-85.48387,87,3.2281
"NA1.7",32.60119,-85.4832,88,3.2689
"Wire705",32.58677,-85.51353,1,0.0000
"Wire705",32.58513,-85.51579,2,0.1738
"Wire705",32.5843,-85.51702,3,0.2657
"Wire705",32.58353,-85.51803,4,0.3451
"Wire705",32.58277,-85.51891,5,0.4185
"Wire705",32.581744095622554,-85.52005382442083,6,0.5159
"Wire705",32.58103,-85.52085,7,0.5836
"Wire705",32.57997938391924,-85.52196294076352,8,0.6811
"Wire705",32.57985,-85.5221,9,0.6931
"Wire705",32.57814,-85.52387,10,0.8500
"Wire705",32.57786,-85.52434,11,0.8836
"Wire705",32.57769,-85.52465,12,0.9051
"Wire705",32.57749,-85.5246,13,0.9193
"Wire705",32.57749,-85.52436,14,0.9332
"Wire705",32.57771,-85.52423,15,0.9502
"Wire705",32.57792,-85.52408,16,0.9672
"Wire705",32.57852,-85.5236,17,1.0173
"Wire705",32.57911595817703,-85.52293863177916,18,1.0737
"Wire705",32.57934,-85.52269,19,1.0949
"Wire705",32.58088680935993,-85.52101605562419,20,1.2397
"Wire705",32.58153,-85.52032,21,1.2999
"Wire705",32.58204,-85.51972,22,1.3496
"Wire705",32.58247,-85.51925,23,1.3900
"Wire705",32.58322,-85.51839,24,1.4622
"Wire705",32.58335615732907,-85.51822705762258,25,1.4755
"Wire705",32.58383,-85.51766,26,1.5221
"Wire705",32.58409,-85.51738,27,1.5464
"Wire705",32.58473,-85.51639,28,1.6191
"Wire705",32.58534,-85.51548,29,1.6869
"Wire705",32.585402382900156,-85.51539533749265,30,1.6934
"Wire705",32.58576,-85.51491,31,1.7310
"Wire705",32.58643,-85.51393,32,1.8046
"Wire705",32.5867781685228,-85.51348028232474,33,1.8402
"Wire705",32.58691,-85.51331,34,1.8536
"Wire705",32.58736,-85.51267,35,1.9022
"Wire705",32.58772,-85.51212,36,1.9428
"Wire705",32.58854,-85.51098,37,2.0302
"Wire705",32.58894545951125,-85.5104440477725,38,2.0721
"Wire705",32.58941,-85.50983,39,2.1202
"Wire705",32.59053,-85.50844,40,2.2323
"Wire705",32.59137,-85.50746,41,2.3138
"Wire705",32.59187,-85.5068,42,2.3655
"Wire705",32.59215,-85.50632,43,2.3995
"Wire705",32.59251,-85.50544,44,2.4566
"Wire705",32.59283,-85.50475,45,2.5025
"Wire705",32.59306,-85.50433,46,2.5317
"Wire705",32.5933,-85.50393,47,2.5603
"Wire705",32.59373,-85.50334,48,2.6057
"Wire705",32.59644,-85.5001,49,2.8718
"Wire705",32.59603,-85.49959,50,2.9129
"Wire705",32.59548,-85.49938,51,2.9528
"Wire705",32.59494,-85.49933,52,2.9903
"Wire705",32.59449,-85.4993,53,3.0215
"Wire705",32.59428,-85.49922,54,3.0367
"Wire705",32.59404,-85.49913,55,3.0541
"Wire705",32.59378,-85.49892,56,3.0759
"Wire705",32.59363,-85.49876,57,3.0898
"Wire705",32.59343,-85.49849,58,3.1108
"Wire705",32.59325,-85.49817,59,3.1332
"Wire705",32.59305,-85.49781,60,3.1584
"Wire705",32.59297,-85.49727,61,3.1903
"Wire705",32.59291,-85.49665,62,3.2267
"Wire705",32.59281,-85.49565,63,3.2854
"Wire705",32.5927,-85.49465,64,3.3441
"Wire705",32.59259,-85.4935,65,3.4116
"Wire705",32.59251,-85.49265,66,3.4614
"Wire705",32.59244,-85.49155,67,3.5257
"Wire705",32.59235,-85.49031,68,3.5983
"Wire705",32.59293,-85.49034,69,3.6384
"Wire705",32.59356,-85.49035,70,3.6820
"Wire705",32.59472,-85.49029,71,3.7623
"Wire705",32.596,-85.4902,72,3.8510
"Wire705",32.59666,-85.49025,73,3.8967
"Wire705",32.59713,-85.49034,74,3.9297
"Wire705",32.59742,-85.49038,75,3.9499
"Wire705",32.59778,-85.49042,76,3.9749
"Wire705",32.59801,-85.49043,77,3.9908
"Wire705",32.59921,-85.49044,78,4.0738
"Wire705",32.60058,-85.49046,79,4.1686
"Wire705",32.60067,-85.49046,80,4.1748
"Wire705",32.60105,-85.49046,81,4.2011
"Wire705",32.60099,-85.48958,82,4.2525
"Wire705",32.60098,-85.4894,83,4.2630
"Wire705",32.60101,-85.48895,84,4.2894
"Wire705",32.60106,-85.48864,85,4.3077
"Wire705",32.60114,-85.4884,86,4.3228
"NC1.7",32.62979,-85.47604,1,0.0000
"NC1.7",32.62963,-85.47583,2,0.0165
"NC1.7",32.62951,-85.47556,3,0.0343
"NC1.7",32.62941,-85.47519,4,0.0569
"NC1.7",32.62934,-85.47494,5,0.0723
"NC1.7",32.62923,-85.47471,6,0.0877
"NC1.7",32.62878,-85.47414,7,0.1332
"NC1.7",32.62828,-85.47351,8,0.1836
"NC1.7",32.628161290896706,-85.47336464191434,9,0.1954
"NC1.7",32.62779,-85.47291,10,0.2323
"NC1.7",32.62753,-85.47248,11,0.2631
"NC1.7",32.62738,-85.47215,12,0.2850
"NC1.7",32.62719,-85.47187,13,0.3059
"NC1.7",32.62633,-85.4728,14,0.3864
"NC1.7",32.62512,-85.47413,15,0.5004
"NC1.7",32.62449,-85.47483,16,0.5601
"NC1.7",32.62433,-85.47503,17,0.5762
"NC1.7",32.62407,-85.47542,18,0.6052
"NC1.7",32.62386,-85.47577,19,0.6302
"NC1.7",32.62364,-85.47623,20,0.6610
"NC1.7",32.62353,-85.47648,21,0.6775
"NC1.7",32.62331,-85.4771,22,0.7167
"NC1.7",32.62316,-85.47768,23,0.7520
"NC1.7",32.6231,-85.47807,24,0.7751
"NC1.7",32.62306,-85.47841,25,0.7951
"NC1.7",32.62304,-85.47868,26,0.8109
"NC1.7",32.62304,-85.47974,27,0.8726
"NC1.7",32.62302,-85.48103,28,0.9478
"NC1.7",32.62302,-85.48187,29,0.9967
"NC1.7",32.62177,-85.48186,30,1.0832
"NC1.7",32.61985,-85.48184,31,1.2160
"NC1.7",32.6179,-85.48181,32,1.3509
"NC1.7",32.61638,-85.4818,33,1.4561
"NC1.7",32.61485,-85.48178,34,1.5619
"NC1.7",32.61322,-85.48177,35,1.6746
"NC1.7",32.61153,-85.48177,36,1.7915
"NC1.7",32.61099,-85.48175,37,1.8289
"NC1.7",32.61096,-85.48344,38,1.9274
"NC1.7",32.61094626792824,-85.4841369026417,39,1.9680
"NC1.7",32.61092,-85.48547,40,2.0457
"NC1.7",32.61089,-85.48734,41,2.1547
"NC1.7",32.61087,-85.48873,42,2.2357
"NC1.7",32.61085,-85.48948,43,2.2794
"NC1.7",32.61085,-85.49002,44,2.3109
"NC1.7",32.61085,-85.49035,45,2.3301
"NC1.7",32.61011,-85.49037,46,2.3813
"NC1.7",32.6093,-85.49032,47,2.4374
"NC1.7",32.60869,-85.49027,48,2.4797
"NC1.7",32.60845,-85.49027,49,2.4963
"NC1.7",32.60818,-85.49029,50,2.5150
"NC1.7",32.60778,-85.49035,51,2.5429
"NC1.7",32.60719,-85.49039,52,2.5838
"NC1.7",32.60659,-85.49039,53,2.6253
"NC1.7",32.60646,-85.49039,54,2.6343
"NC1.7",32.60636,-85.49037,55,2.6413
"NC1.7",32.6058,-85.49037,56,2.6800
"NC1.7",32.60539,-85.49042,57,2.7085
"NC1.7",32.605098724365234,-85.49042,58,2.7287
"NC1.7",32.60483,-85.49042,59,2.7473
"NC1.7",32.60403,-85.49041,60,2.8026
"NC1.7",32.60334,-85.49041,61,2.8503
"NC1.7",32.60192,-85.49046,62,2.9486
"NC1.7",32.60145,-85.49047,63,2.9811
"NC1.7",32.60105,-85.49046,64,3.0088
"NC1.7",32.60101,-85.48996,65,3.0381
"NC1.7",32.60098,-85.4894,66,3.0708
"NC1.7",32.60101,-85.48896,67,3.0965
"NC1.7",32.60104,-85.48876,68,3.1083
"NC1.7",32.60106,-85.48864,69,3.1155
"NC1.7",32.60114,-85.4884,70,3.1305
"NC3.730",32.62979,-85.47604,1,0.0000
"NC3.730",32.6297,-85.47593,2,0.0089
"NC3.730",32.62957,-85.47572,3,0.0241
"NC3.730",32.62949,-85.4755,4,0.0381
"NC3.730",32.62939,-85.47511,5,0.0618
"NC3.730",32.62927,-85.47479,6,0.0822
"NC3.730",32.6292,-85.47466,7,0.0912
"NC3.730",32.62848,-85.47377,8,0.1631
"NC3.730",32.62815753023763,-85.47336808116575,9,0.1954
"NC3.730",32.62779,-85.47291,10,0.2323
"NC3.730",32.62754,-85.4725,11,0.2618
"NC3.730",32.62738,-85.47215,12,0.2850
"NC3.730",32.62719,-85.47187,13,0.3059
"NC3.730",32.62692,-85.47216,14,0.3311
"NC3.730",32.62607,-85.47308,15,0.4107
"NC3.730",32.62505,-85.4742,16,0.5068
"NC3.730",32.62449,-85.47483,17,0.5601
"NC3.730",32.62434,-85.47502,18,0.5753
"NC3.730",32.62396,-85.47559,19,0.6177
"NC3.730",32.62386,-85.47577,20,0.6302
"NC3.730",32.62364,-85.47623,21,0.6610
"NC3.730",32.62345,-85.47669,22,0.6909
"NC3.730",32.62331,-85.4771,23,0.7167
"NC3.730",32.62316,-85.47768,24,0.7520
"NC3.730",32.6231,-85.47806,25,0.7745
"NC3.730",32.62306,-85.47841,26,0.7951
"NC3.730",32.62303,-85.47907,27,0.8336
"NC3.730",32.62304,-85.47987,28,0.8802
"NC3.730",32.62302,-85.48175,29,0.9898
"NC3.730",32.62302,-85.48187,30,0.9968
"NC3.730",32.62041,-85.48184,31,1.1773
"NC3.730",32.61757,-85.48181,32,1.3738
"NC3.730",32.61474,-85.48178,33,1.5695
"NC3.730",32.61242,-85.48177,34,1.7300
"NC3.730",32.61135,-85.48177,35,1.8040
"NC3.730",32.61099,-85.48175,36,1.8289
"NC3.730",32.61097,-85.48254,37,1.8750
"NC3.730",32.610944342735195,-85.48413716473449,38,1.9681
"NC3.730",32.61093,-85.48503,39,2.0201
"NC3.730",32.61089,-85.48753,40,2.1658
"NC3.730",32.61085,-85.48983,41,2.2998
"NC3.730",32.61085,-85.48948,42,2.3202
"NC3.730",32.61085,-85.49035,43,2.3709
"NC3.730",32.61011,-85.49037,44,2.4221
"NC3.730",32.60985,-85.49036,45,2.4401
"NC3.730",32.60863,-85.49027,46,2.5246
"NC3.730",32.60823,-85.49029,47,2.5523
"NC3.730",32.60789,-85.49033,48,2.5760
"NC3.730",32.60719,-85.49039,49,2.6245
"NC3.730",32.60702,-85.49039,50,2.6363
"NC3.730",32.60646,-85.49039,51,2.6750
"NC3.730",32.60636,-85.49037,52,2.6820
"NC3.730",32.60611,-85.49037,53,2.6993
"NC3.730",32.6058,-85.49037,54,2.7208
"NC3.730",32.60512,-85.49043,55,2.7679
"NC3.730",32.60484,-85.49043,56,2.7873
"NC3.730",32.60403,-85.49041,57,2.8433
"NC3.730",32.60286,-85.49043,58,2.9243
"NC3.730",32.60158,-85.49047,59,3.0128
"NC3.730",32.60105,-85.49046,60,3.0495
"NC3.730",32.60099,-85.48968,61,3.0952
"NC3.730",32.60098,-85.4894,62,3.1115
"NC3.730",32.60101,-85.48896,63,3.1372
"NC3.730",32.60104,-85.48876,64,3.1490
"NC3.730",32.60106,-85.48864,65,3.1562
"NC3.730",32.60114,-85.4884,66,3.1712
"ND1.7",32.62874,-85.44554,1,0.0000
"ND1.7",32.6286,-85.44543,2,0.0116
"ND1.7",32.62824,-85.44519,3,0.0402
"ND1.7",32.62787919472717,-85.44494144525649,4,0.0690
"ND1.7",32.62779,-85.44488,5,0.0762
"ND1.7",32.62726,-85.44454,6,0.1178
"ND1.7",32.62681,-85.44424,7,0.1535
"ND1.7",32.6263,-85.44392,8,0.1934
"ND1.7",32.62603,-85.44376,9,0.2143
"ND1.7",32.62579,-85.44426,10,0.2478
"ND1.7",32.62534,-85.44526,11,0.3139
"ND1.7",32.62500678392568,-85.44598763510108,12,0.3621
"ND1.7",32.62485,-85.44633,13,0.3848
"ND1.7",32.62439,-85.44732,14,0.4507
"ND1.7",32.6242,-85.44776,15,0.4795
"ND1.7",32.6241,-85.44798,16,0.4941
"ND1.7",32.62406,-85.44808,17,0.5005
"ND1.7",32.62408,-85.44819,18,0.5071
"ND1.7",32.62409,-85.44834,19,0.5158
"ND1.7",32.62415,-85.44847,20,0.5245
"ND1.7",32.62424,-85.44856,21,0.5326
"ND1.7",32.62435,-85.44862,22,0.5410
"ND1.7",32.62485,-85.44882,23,0.5775
"ND1.7",32.62514,-85.44899,24,0.5999
"ND1.7",32.62549,-85.4492,25,0.6270
"ND1.7",32.62605,-85.44953,26,0.6702
"ND1.7",32.62671,-85.44995,27,0.7220
"ND1.7",32.62726,-85.45034,28,0.7663
"ND1.7",32.62741,-85.45049,29,0.7799
"ND1.7",32.62752,-85.4506,30,0.7898
"ND1.7",32.62781,-85.45092,31,0.8172
"ND1.7",32.62791,-85.451,32,0.8256
"ND1.7",32.62825,-85.45149,33,0.8626
"ND1.7",32.62835,-85.45167,34,0.8751
"ND1.7",32.62854,-85.4521,35,0.9034
"ND1.7",32.62865,-85.45244,36,0.9246
"ND1.7",32.62876,-85.45288,37,0.9514
"ND1.7",32.62885,-85.45342,38,0.9834
"ND1.7",32.62891,-85.45412,39,1.0244
"ND1.7",32.62891,-85.45455,40,1.0495
"ND1.7",32.62891,-85.45469,41,1.0576
"ND1.7",32.62886,-85.45481,42,1.0654
"ND1.7",32.62884,-85.45857,43,1.2845
"ND1.7",32.62879,-85.46171,44,1.4674
"ND1.7",32.62879,-85.46183,45,1.4744
"ND1.7",32.62818,-85.46182,46,1.5166
"ND1.7",32.62666,-85.46178,47,1.6218
"ND1.7",32.62581,-85.46177,48,1.6806
"ND1.7",32.62565,-85.46175,49,1.6917
"ND1.7",32.62538,-85.46169,50,1.7107
"ND1.7",32.62476,-85.4615,51,1.7550
"ND1.7",32.62446,-85.46144,52,1.7760
"ND1.7",32.62267,-85.4614,53,1.8999
"ND1.7",32.62251,-85.4614,54,1.9109
"ND1.7",32.62222,-85.46148,55,1.9315
"ND1.7",32.62201,-85.46158,56,1.9472
"ND1.7",32.6218,-85.46171,57,1.9636
"ND1.7",32.62168,-85.46181,58,1.9737
"ND1.7",32.62155,-85.46194,59,1.9855
"ND1.7",32.62143,-85.46207,60,1.9967
"ND1.7",32.62132,-85.46224,61,2.0092
"ND1.7",32.62109,-85.46267,62,2.0389
"ND1.7",32.62073,-85.46332,63,2.0842
"ND1.7",32.62056,-85.46354,64,2.1016
"ND1.7",32.62037,-85.46374,65,2.1191
"ND1.7",32.62005,-85.464,66,2.1460
"ND1.7",32.61989,-85.46412,67,2.1590
"ND1.7",32.61954,-85.46429,68,2.1852
"ND1.7",32.61926,-85.46438,69,2.2053
"ND1.7",32.61909,-85.46442,70,2.2173
"ND1.7",32.61892,-85.46445,71,2.2291
"ND1.7",32.61875,-85.46446,72,2.2409
"ND1.7",32.61841,-85.46445,73,2.2644
"ND1.7",32.61841,-85.46465,74,2.2761
"ND1.7",32.61846,-85.46486,75,2.2888
"ND1.7",32.61857,-85.4651,76,2.3047
"ND1.7",32.61865,-85.4652,77,2.3128
"ND1.7",32.61914,-85.46581,78,2.3619
"ND1.7",32.61921,-85.46599,79,2.3734
"ND1.7",32.61923,-85.46628,80,2.3904
"ND1.7",32.61951,-85.46628,81,2.4097
"ND1.7",32.62034,-85.46627,82,2.4672
"ND1.7",32.62032,-85.46673,83,2.4940
"ND1.7",32.6202964648785,-85.46693111831098,84,2.5058
"ND1.7",32.62021,-85.46767,85,2.5493
"ND1.7",32.6202,-85.46814,86,2.5767
"ND1.7",32.62014,-85.46865,87,2.6067
"ND1.7",32.62004,-85.469,88,2.6282
"ND1.7",32.61989,-85.46946,89,2.6569
"ND1.7",32.61973,-85.4698,90,2.6796
"ND1.7",32.61959,-85.46996,91,2.6931
"ND1.7",32.61943,-85.46999,92,2.7043
"ND1.7",32.61927,-85.46995,93,2.7156
"ND1.7",32.61918,-85.46991,94,2.7222
"ND1.7",32.61896,-85.46974,95,2.7404
"ND1.7",32.6188,-85.46965,96,2.7526
"ND1.7",32.61858,-85.46955,97,2.7689
"ND1.7",32.61794,-85.46936,98,2.8146
"ND1.7",32.61779,-85.46923,99,2.8274
"ND1.7",32.61766,-85.46904,100,2.8417
"ND1.7",32.61761,-85.46891,101,2.8500
"ND1.7",32.61758,-85.46879,102,2.8573
"ND1.7",32.61756,-85.46849,103,2.8748
"ND1.7",32.6176,-85.46823,104,2.8902
"ND1.7",32.61773,-85.46803,105,2.9049
"ND1.7",32.61785,-85.46793,106,2.9151
"ND1.7",32.61797,-85.46789,107,2.9237
"ND1.7",32.61815,-85.46788,108,2.9362
"ND1.7",32.61836,-85.46792,109,2.9509
"ND1.7",32.61845,-85.46779,110,2.9607
"ND1.7",32.61858,-85.46731,111,2.9901
"ND1.7",32.61862,-85.46704,112,3.0060
"ND1.7",32.61863,-85.46678,113,3.0212
"ND1.7",32.61863,-85.46628,114,3.0503
"ND1.7",32.6191,-85.46628,115,3.0828
"ND1.7",32.61923,-85.46628,116,3.0918
"ND1.7",32.61922,-85.46606,117,3.1047
"ND1.7",32.6192,-85.46595,118,3.1112
"ND1.7",32.61914,-85.46581,119,3.1204
"ND1.7",32.61905,-85.46568,120,3.1302
"ND1.7",32.61857,-85.4651,121,3.1776
"ND1.7",32.61846,-85.46486,122,3.1935
"ND1.7",32.61841,-85.46465,123,3.2062
"ND1.7",32.61841,-85.46445,124,3.2178
"ND1.7",32.61792,-85.46444,125,3.2517
"ND1.7",32.61738,-85.46445,126,3.2891
"ND1.7",32.61649,-85.46447,127,3.3507
"ND1.7",32.61558,-85.46451,128,3.4137
"ND1.7",32.61468,-85.46453,129,3.4759
"ND1.7",32.61378,-85.4645,130,3.5382
"ND1.7",32.61351,-85.46449,131,3.5569
"ND1.7",32.61297,-85.46448,132,3.5942
"ND1.7",32.61263,-85.46448,133,3.6178
"ND1.7",32.61244,-85.46451,134,3.6310
"ND1.7",32.61216,-85.46455,135,3.6505
"ND1.7",32.61178,-85.46464,136,3.6773
"ND1.7",32.61109,-85.4648,137,3.7260
"ND1.7",32.61064,-85.46489,138,3.7575
"ND1.7",32.61028,-85.4649,139,3.7824
"ND1.7",32.6094,-85.46488,140,3.8433
"ND1.7",32.60852,-85.46489,141,3.9042
"ND1.7",32.60765,-85.4649,142,3.9644
"ND1.7",32.60678,-85.46491,143,4.0245
"ND1.7",32.60591,-85.46491,144,4.0847
"ND1.7",32.60503,-85.46491,145,4.1456
"ND1.7",32.60447,-85.46491,146,4.1843
"ND1.7",32.60441,-85.46558,147,4.2236
"ND1.7",32.60438,-85.4663,148,4.2656
"ND1.7",32.60437,-85.46701,149,4.3070
"ND1.7",32.60437,-85.46776,150,4.3507
"ND1.7",32.60435,-85.46851,151,4.3944
"ND1.7",32.60433,-85.46926,152,4.4381
"ND1.7",32.60427,-85.47159,153,4.5740
"ND1.7",32.60422,-85.47313,154,4.6638
"ND1.7",32.60422,-85.47385,155,4.7057
"ND1.7",32.60421,-85.47618,156,4.8415
"ND1.7",32.6042,-85.4785,157,4.9767
"ND1.7",32.60419,-85.47939,158,5.0285
"ND1.7",32.60423,-85.48057,159,5.0974
"ND1.7",32.60422,-85.48083,160,5.1125
"ND1.7",32.60417,-85.48157,161,5.1558
"ND1.7",32.60412,-85.4818,162,5.1696
"ND1.7",32.604,-85.4818,163,5.1779
"ND1.7",32.60391,-85.48175,164,5.1848
"ND1.7",32.60335,-85.48175,165,5.2235
"ND1.7",32.60137,-85.48177,166,5.3605
"ND1.7",32.60087,-85.48175,167,5.3951
"ND1.7",32.59896,-85.48173,168,5.5272
"ND1.7",32.5988,-85.48188,169,5.5413
"ND1.7",32.59872,-85.48201,170,5.5507
"ND1.7",32.59871,-85.48225,171,5.5647
"ND1.7",32.59866,-85.48248,172,5.5786
"ND1.7",32.59856,-85.48275,173,5.5957
"ND1.7",32.59835,-85.48309,174,5.6203
"ND1.7",32.59822,-85.48335,175,5.6379
"ND1.7",32.59818,-85.48351,176,5.6477
"ND1.7",32.59815,-85.48384,177,5.6670
"ND1.7",32.59915,-85.48387,178,5.7362
"ND1.7",32.60066,-85.48387,179,5.8406
"ND1.7",32.6011,-85.48387,180,5.8711
"ND1.7",32.60119,-85.48323,181,5.9089
"NDON1.7",32.63227,-85.49972,1,0.0000
"NDON1.7",32.63198,-85.50001,2,0.0262
"NDON1.7",32.63189,-85.50013,3,0.0356
"NDON1.7",32.63184,-85.50026,4,0.0439
"NDON1.7",32.63158,-85.50032,5,0.0622
"NDON1.7",32.63158,-85.501220703125,6,0.1147
"NDON1.7",32.63158,-85.50133,7,0.1211
"NDON1.7",32.63283,-85.50135,8,0.2075
"NDON1.7",32.63311,-85.50133,9,0.2269
"NDON1.7",32.63327,-85.50128,10,0.2384
"NDON1.7",32.63345,-85.50111,11,0.2543
"NDON1.7",32.63373,-85.50078,12,0.2816
"NDON1.7",32.63383,-85.50066,13,0.2914
"NDON1.7",32.63309,-85.49973,14,0.3659
"NDON1.7",32.63231,-85.49868,15,0.4475
"NDON1.7",32.6321,-85.49845,16,0.4673
"NDON1.7",32.63193,-85.49831,17,0.4816
"NDON1.7",32.63159,-85.49808,18,0.5086
"NDON1.7",32.63008,-85.49711,19,0.6274
"NDON1.7",32.62858,-85.49614,20,0.7455
"NDON1.7",32.62779,-85.49569,21,0.8061
"NDON1.7",32.62761,-85.49556,22,0.8207
"NDON1.7",32.62705,-85.49529,23,0.8625
"NDON1.7",32.62662,-85.49504,24,0.8956
"NDON1.7",32.62608,-85.49487,25,0.9343
"NDON1.7",32.62503,-85.49462,26,1.0084
"NDON1.7",32.62506,-85.49451,27,1.0151
"NDON1.7",32.62503,-85.49462,28,1.0218
"NDON1.7",32.62421,-85.49445,29,1.0794
"NDON1.7",32.62381,-85.49434,30,1.1078
"NDON1.7",32.62335,-85.49411,31,1.1423
"NDON1.7",32.62253,-85.49353,32,1.2084
"NDON1.7",32.62211,-85.49323,33,1.2423
"NDON1.7",32.62138,-85.49269,34,1.3018
"NDON1.7",32.62063,-85.49211,35,1.3637
"NDON1.7",32.61989,-85.49155,36,1.4244
"NDON1.7",32.61904,-85.49098,37,1.4919
"NDON1.7",32.61836,-85.49055,38,1.5452
"NDON1.7",32.6182,-85.49049,39,1.5568
"NDON1.7",32.61793,-85.49046,40,1.5756
"NDON1.7",32.61652,-85.49041,41,1.6731
"NDON1.7",32.61506,-85.49041,42,1.7741
"NDON1.7",32.614069817928495,-85.49041825151727,43,1.8426
"NDON1.7",32.61386,-85.49042,44,1.8571
"NDON1.7",32.61342,-85.4904,45,1.8876
"NDON1.7",32.61190427519,-85.49033902256511,46,1.9925
"NDON1.7",32.61168,-85.49033,47,2.0080
"NDON1.7",32.6114,-85.49034,48,2.0274
"NDON1.7",32.61011,-85.49037,49,2.1166
"NDON1.7",32.60943,-85.49033,50,2.1637
"NDON1.7",32.60869,-85.49027,51,2.2150
"NDON1.7",32.60845,-85.49027,52,2.2316
"NDON1.7",32.60778,-85.49035,53,2.2782
"NDON1.7",32.6074,-85.49038,54,2.3046
"NDON1.7",32.60719,-85.49039,55,2.3191
"NDON1.7",32.60646,-85.49039,56,2.3696
"NDON1.7",32.60636,-85.49037,57,2.3766
"NDON1.7",32.6058,-85.49037,58,2.4153
"NDON1.7",32.60512,-85.49043,59,2.4625
"NDON1.7",32.60456,-85.49041,60,2.5013
"NDON1.7",32.60317,-85.49042,61,2.5974
"NDON1.7",32.60198,-85.49046,62,2.6797
"NDON1.7",32.60145,-85.49047,63,2.7164
"NDON1.7",32.60105,-85.49046,64,2.7441
"NDON1.7",32.601,-85.48984,65,2.7804
"NDON1.7",32.60098,-85.4894,66,2.8061
"NDON1.7",32.601,-85.48909,67,2.8242
"NDON1.7",32.60106,-85.48864,68,2.8507
"NDON1.7",32.60112,-85.48844,69,2.8631
"NDON1.7",32.60119,-85.4883,70,2.8726
"NDON1.7",32.60126,-85.4882,71,2.8802
"NDON1.7",32.60143,-85.48802,72,2.8959
"NDON1.7",32.60161,-85.48787,73,2.9111
"NDON1.7",32.60186,-85.48773,74,2.9302
"NDON2.715",32.63227,-85.49973,1,0.0000
"NDON2.715",32.63198,-85.50001,2,0.0259
"NDON2.715",32.63189,-85.50013,3,0.0352
"NDON2.715",32.63184,-85.50026,4,0.0435
"NDON2.715",32.63158,-85.50032,5,0.0619
"NDON2.715",32.63158,-85.501220703125,6,0.1143
"NDON2.715",32.63158,-85.50133,7,0.1207
"NDON2.715",32.63283,-85.50135,8,0.2072
"NDON2.715",32.63311,-85.50133,9,0.2266
"NDON2.715",32.63327,-85.50128,10,0.2380
"NDON2.715",32.63345,-85.50111,11,0.2539
"NDON2.715",32.63373,-85.50078,12,0.2812
"NDON2.715",32.63383,-85.50066,13,0.2910
"NDON2.715",32.63309,-85.49973,14,0.3656
"NDON2.715",32.63231,-85.49868,15,0.4471
"NDON2.715",32.6321,-85.49845,16,0.4669
"NDON2.715",32.63193,-85.49831,17,0.4812
"NDON2.715",32.63159,-85.49808,18,0.5083
"NDON2.715",32.63008,-85.49711,19,0.6270
"NDON2.715",32.62858,-85.49614,20,0.7452
"NDON2.715",32.62779,-85.49569,21,0.8058
"NDON2.715",32.62761,-85.49556,22,0.8204
"NDON2.715",32.62705,-85.49529,23,0.8622
"NDON2.715",32.62662,-85.49504,24,0.8953
"NDON2.715",32.62608,-85.49487,25,0.9339
"NDON2.715",32.62503,-85.49462,26,1.0080
"NDON2.715",32.62506,-85.49451,27,1.0147
"NDON2.715",32.62503,-85.49462,28,1.0215
"NDON2.715",32.62421,-85.49445,29,1.0790
"NDON2.715",32.62381,-85.49434,30,1.1074
"NDON2.715",32.62335,-85.49411,31,1.1420
"NDON2.715",32.62261,-85.49359,32,1.2014
"NDON2.715",32.62231,-85.49337,33,1.2258
"NDON2.715",32.62197,-85.49312,34,1.2535
"NDON2.715",32.62156,-85.49282,35,1.2868
"NDON2.715",32.62111,-85.49248,36,1.3237
"NDON2.715",32.62064,-85.49212,37,1.3624
"NDON2.715",32.62016,-85.49176,38,1.4017
"NDON2.715",32.61967,-85.49141,39,1.4412
"NDON2.715",32.61952,-85.4913,40,1.4534
"NDON2.715",32.6192,-85.49109,41,1.4787
"NDON2.715",32.61862,-85.49071,42,1.5245
"NDON2.715",32.61836,-85.49055,43,1.5448
"NDON2.715",32.6182,-85.49049,44,1.5564
"NDON2.715",32.6181,-85.49047,45,1.5634
"NDON2.715",32.61656,-85.49042,46,1.6700
"NDON2.715",32.6152,-85.49041,47,1.7640
"NDON2.715",32.614069931536754,-85.49041843334675,48,1.8422
"NDON2.715",32.61386,-85.49042,49,1.8567
"NDON2.715",32.61302,-85.49039,50,1.9149
"NDON2.715",32.61190510483582,-85.490340079321,51,1.9920
"NDON2.715",32.61168,-85.49033,52,2.0076
"NDON2.715",32.61073,-85.49035,53,2.0733
"NDON2.715",32.61011,-85.49037,54,2.1162
"NDON2.715",32.60985,-85.49036,55,2.1342
"NDON2.715",32.60869,-85.49027,56,2.2146
"NDON2.715",32.60842,-85.49027,57,2.2333
"NDON2.715",32.60778,-85.49035,58,2.2778
"NDON2.715",32.60719,-85.49039,59,2.3187
"NDON2.715",32.60646,-85.49039,60,2.3692
"NDON2.715",32.60636,-85.49037,61,2.3762
"NDON2.715",32.60616,-85.49037,62,2.3901
"NDON2.715",32.6058,-85.49037,63,2.4150
"NDON2.715",32.60512,-85.49043,64,2.4621
"NDON2.715",32.60387,-85.49041,65,2.5486
"NDON2.715",32.60317,-85.49042,66,2.5970
"NDON2.715",32.60159,-85.49047,67,2.7063
"NDON2.715",32.60105,-85.49046,68,2.7437
"NDON2.715",32.601,-85.48979,69,2.7829
"NDON2.715",32.60098,-85.4894,70,2.8057
"NDON2.715",32.60101,-85.48896,71,2.8314
"NDON2.715",32.60106,-85.48864,72,2.8504
"NDON2.715",32.60111,-85.48848,73,2.8603
"NDON2.715",32.60116,-85.48836,74,2.8681
"NDON2.715",32.60126,-85.4882,75,2.8797
"NDON2.715",32.60138,-85.48807,76,2.8910
"NDON2.715",32.60161,-85.48787,77,2.9107
"NDON2.715",32.60184,-85.48774,78,2.9283
"NR1.705",32.61236,-85.47557,1,0.0000
"NR1.705",32.61272,-85.47578,2,0.0277
"NR1.705",32.613,-85.47585,3,0.0475
"NR1.705",32.61323,-85.47586,4,0.0635
"NR1.705",32.61404,-85.47583,5,0.1195
"NR1.705",32.61431846755019,-85.47583260250047,6,0.1388
"NR1.705",32.61511,-85.47584,7,0.1935
"NR1.705",32.61578,-85.47585,8,0.2399
"NR1.705",32.61602,-85.47581,9,0.2566
"NR1.705",32.6163,-85.47563,10,0.2787
"NR1.705",32.61658,-85.47545,11,0.3007
"NR1.705",32.61702,-85.47525,12,0.3333
"NR1.705",32.61738,-85.47516,13,0.3587
"NR1.705",32.61756,-85.47522,14,0.3717
"NR1.705",32.61848,-85.47576,15,0.4426
"NR1.705",32.61865,-85.47548,16,0.4628
"NR1.705",32.61885,-85.47503,17,0.4924
"NR1.705",32.61894,-85.47479,18,0.5077
"NR1.705",32.61897,-85.4746,19,0.5190
"NR1.705",32.61896,-85.47436,20,0.5330
"NR1.705",32.61887,-85.47395,21,0.5577
"NR1.705",32.61886,-85.47361,22,0.5775
"NR1.705",32.61851,-85.47343,23,0.6039
"NR1.705",32.61836,-85.47333,24,0.6158
"NR1.705",32.61826,-85.47342,25,0.6244
"NR1.705",32.6175,-85.47396,26,0.6857
"NR1.705",32.6172,-85.47424,27,0.7121
"NR1.705",32.61614,-85.47528,28,0.8072
"NR1.705",32.61614,-85.47575,29,0.8346
"NR1.705",32.61602,-85.47581,30,0.8436
"NR1.705",32.61578,-85.47585,31,0.8604
"NR1.705",32.61482,-85.47584,32,0.9268
"NR1.705",32.61404,-85.47583,33,0.9807
"NR1.705",32.61342,-85.47586,34,1.0237
"NR1.705",32.61307,-85.47586,35,1.0479
"NR1.705",32.61273,-85.47579,36,1.0717
"NR1.705",32.61256,-85.47571,37,1.0844
"NR1.705",32.612364379140494,-85.47557027081464,38,1.1002
"NR1.705",32.61221,-85.47546,39,1.1126
"NR1.705",32.61212,-85.47542,40,1.1193
"NR1.705",32.61185,-85.47537,41,1.1382
"NR1.705",32.61123,-85.47534,42,1.1811
"NR1.705",32.61059,-85.47529,43,1.2255
"NR1.705",32.60986,-85.47524,44,1.2760
"NR1.705",32.60905,-85.4752,45,1.3321
"NR1.705",32.60906,-85.47587,46,1.3712
"NR1.705",32.60906,-85.47639,47,1.4015
"NR1.705",32.60907,-85.47692,48,1.4324
"NR1.705",32.60907,-85.47746,49,1.4638
"NR1.705",32.60908,-85.47803,50,1.4970
"NR1.705",32.60908,-85.47867,51,1.5343
"NR1.705",32.60909,-85.47957,52,1.5868
"NR1.705",32.60909,-85.48046,53,1.6386
"NR1.705",32.60909,-85.48136,54,1.6911
"NR1.705",32.60908,-85.48181,55,1.7173
"NR1.705",32.60908,-85.48225,56,1.7429
"NR1.705",32.60907,-85.48268,57,1.7680
"NR1.705",32.60907,-85.48312,58,1.7936
"NR1.705",32.60906,-85.48356,59,1.8193
"NR1.705",32.60906,-85.484,60,1.8449
"NR1.705",32.60905,-85.48443,61,1.8700
"NR1.705",32.60904,-85.48487,62,1.8956
"NR1.705",32.60903,-85.48532,63,1.9219
"NR1.705",32.60903,-85.48571,64,1.9446
"NR1.705",32.60902,-85.48608,65,1.9662
"NR1.705",32.60902,-85.48654,66,1.9930
"NR1.705",32.60902,-85.48699,67,2.0192
"NR1.705",32.60901,-85.48745,68,2.0460
"NR1.705",32.60901,-85.48791,69,2.0728
"NR1.705",32.60902,-85.48837,70,2.0996
"NR1.705",32.60902,-85.48884,71,2.1270
"NR1.705",32.60903,-85.48931,72,2.1544
"NR1.705",32.60905,-85.48978,73,2.1818
"NR1.705",32.60906,-85.49024,74,2.2086
"NR1.705",32.60858,-85.49027,75,2.2419
"NR1.705",32.60845,-85.49027,76,2.2509
"NR1.705",32.60808,-85.49031,77,2.2766
"NR1.705",32.60759,-85.49036,78,2.3106
"NR1.705",32.60708,-85.49039,79,2.3459
"NR1.705",32.60658,-85.49039,80,2.3805
"NR1.705",32.60646,-85.49039,81,2.3888
"NR1.705",32.60636,-85.49037,82,2.3958
"NR1.705",32.60619,-85.49037,83,2.4076
"NR1.705",32.6058,-85.49037,84,2.4345
"NR1.705",32.60537,-85.49042,85,2.4644
"NR1.705",32.60509603927241,-85.49042507334681,86,2.4834
"NR1.705",32.60483,-85.49043,87,2.5018
"NR1.705",32.60451,-85.49041,88,2.5239
"NR1.705",32.60362,-85.49041,89,2.5855
"NR1.705",32.60188,-85.49046,90,2.7059
"NR1.705",32.60105,-85.49046,91,2.7633
"NR1.705",32.60101,-85.48992,92,2.7949
"NR1.705",32.60098,-85.4894,93,2.8253
"NR1.705",32.60101,-85.48896,94,2.8510
"NR1.705",32.60106,-85.48861,95,2.8717
"NR1.705",32.60116,-85.48836,96,2.8878
"NR1.705",32.60126,-85.4882,97,2.8994
"NR1.705",32.60146,-85.48799,98,2.9179
"NR1.705",32.60161,-85.48787,99,2.9304
"NR1.705",32.60186,-85.48773,100,2.9495
"ORW1.7",32.60633,-85.49658,1,0.0000
"ORW1.7",32.60634,-85.49541,2,0.0682
"ORW1.7",32.60632484604478,-85.49487203458958,3,0.0995
"ORW1.7",32.60632,-85.4947,4,0.1096
"ORW1.7",32.60627,-85.49456,5,0.1184
"ORW1.7",32.60617,-85.49446,6,0.1275
"ORW1.7",32.60608,-85.4944,7,0.1346
"ORW1.7",32.60594,-85.49463,8,0.1512
"ORW1.7",32.6058,-85.49481,9,0.1654
"ORW1.7",32.60569,-85.49492,10,0.1754
"ORW1.7",32.60554,-85.49505,11,0.1882
"ORW1.7",32.60531,-85.49522,12,0.2070
"ORW1.7",32.60507,-85.49536,13,0.2255
"ORW1.7",32.60494,-85.49508,14,0.2441
"ORW1.7",32.60488,-85.49486,15,0.2576
"ORW1.7",32.60488,-85.49401,16,0.3071
"ORW1.7",32.60478,-85.49397,17,0.3144
"ORW1.7",32.60473,-85.49373,18,0.3288
"ORW1.7",32.6048,-85.4936,19,0.3378
"ORW1.7",32.60488,-85.49193,20,0.4353
"ORW1.7",32.60481,-85.49135,21,0.4694
"ORW1.7",32.60481,-85.49042,22,0.5236
"ORW1.7",32.60401,-85.4904,23,0.5789
"ORW1.7",32.60318,-85.4904,24,0.6364
"ORW1.7",32.60246,-85.49043,25,0.6862
"ORW1.7",32.60105,-85.49046,26,0.7837
"ORW1.7",32.60097,-85.48939,27,0.8463
"ORW1.7",32.60104,-85.48867,28,0.8886
"ORW1.7",32.6011,-85.48845,29,0.9020
"ORW1.7",32.60121,-85.48823,30,0.9169
"ORW1.7",32.60136,-85.48805,31,0.9317
"ORW1.7",32.60178,-85.48776,32,0.9653
"ORW1.7",32.60201,-85.48766,33,0.9822
"ORW1.7",32.60231,-85.48759,34,1.0034
"ORW1.7",32.60242,-85.48759,35,1.0110
"PR3",32.60241,-85.48759,1,0.0000
"PR3",32.6026,-85.48759,2,0.0131
"PR3",32.60284,-85.48765,3,0.0301
"PR3",32.60301,-85.48775,4,0.0432
"PR3",32.60323,-85.48794,5,0.0621
"PR3",32.60337,-85.48814,6,0.0772
"PR3",32.60347,-85.48832,7,0.0898
"PR3",32.60357,-85.48854,8,0.1043
"PR3",32.60361,-85.48876,9,0.1174
"PR3",32.60361,-85.48904,10,0.1338
"PR3",32.60354,-85.48936,11,0.1530
"PR3",32.60328,-85.48988,12,0.1883
"PR3",32.60322,-85.49004,13,0.1985
"PR3",32.60319,-85.49017,14,0.2063
"PR3",32.60317,-85.49042,15,0.2210
"PR3",32.60208,-85.49046,16,0.2964
"PR3",32.60145,-85.49047,17,0.3400
"PR3",32.60067,-85.49046,18,0.3939
"PR3",32.59926,-85.49044,19,0.4915
"PR3",32.599043955699806,-85.49043693554185,20,0.5064
"PR3",32.59785,-85.49042,21,0.5890
"PR3",32.59742,-85.49038,22,0.6188
"PR3",32.59723,-85.49169,23,0.6963
"PR3",32.59718,-85.49219,24,0.7256
"PR3",32.59718,-85.4926,25,0.7495
"PR3",32.59719,-85.49294,26,0.7694
"PR3",32.59725,-85.49335,27,0.7936
"PR3",32.59728,-85.49355,28,0.8054
"PR3",32.59744,-85.49419,29,0.8444
"PR3",32.59767,-85.49479,30,0.8828
"PR3",32.59779,-85.49503,31,0.8990
"PR3",32.5977,-85.49508,32,0.9059
"PR3",32.59738,-85.49524,33,0.9299
"PR3",32.59729,-85.49534,34,0.9384
"PR3",32.59722,-85.49549,35,0.9484
"PR3",32.5972,-85.49686,36,1.0283
"PR3",32.5972,-85.49758,37,1.0702
"PR3",32.59718,-85.49769,38,1.0768
"PR3",32.59714,-85.4978,39,1.0838
"PR3",32.59695,-85.49794,40,1.0993
"PR3",32.59675,-85.49796,41,1.1131
"PR3",32.59565175557077,-85.49793489727018,42,1.1891
"PR3",32.595,-85.49792,43,1.2342
"PR3",32.59407,-85.49791,44,1.2985
"PR3",32.59384,-85.49793,45,1.3145
"PR3",32.5937,-85.49798,46,1.3246
"PR3",32.59347,-85.49809,47,1.3418
"PR3",32.59328,-85.49821,48,1.3566
"PR3",32.59345,-85.4985,49,1.3772
"PR3",32.59356,-85.49867,50,1.3897
"PR3",32.59366,-85.49878,51,1.3992
"PR3",32.59387,-85.49899,52,1.4182
"PR3",32.59409,-85.49913,53,1.4354
"PR3",32.59428,-85.49923,54,1.4498
"PR3",32.59441,-85.49927,55,1.4591
"PR3",32.59471,-85.49931,56,1.4800
"PR3",32.59493962799376,-85.49933018707637,57,1.4959
"PR3",32.59562,-85.49939,58,1.5431
"PR3",32.59574,-85.49942,59,1.5516
"PR3",32.59601,-85.49957,60,1.5722
"PR3",32.59617,-85.49974,61,1.5870
"PR3",32.59645,-85.5001,62,1.6156
"PR3",32.59715,-85.49929,63,1.6832
"PR3",32.59732,-85.49909,64,1.6998
"PR3",32.59809,-85.49829,65,1.7706
"PR3",32.59881,-85.4976,66,1.8346
"PR3",32.60053,-85.49611,67,1.9818
"PR3",32.6008,-85.49654,68,2.0131
"PR3",32.60096,-85.49673,69,2.0288
"PR3",32.60108,-85.49685,70,2.0396
"PR3",32.60121,-85.49694,71,2.0500
"PR3",32.60197,-85.49732,72,2.1071
"PR3",32.60219,-85.49739,73,2.1228
"PR3",32.6024,-85.49744,74,2.1376
"PR3",32.60259,-85.49745,75,2.1508
"PR3",32.60269,-85.49744,76,2.1577
"PR3",32.60294,-85.49735,77,2.1758
"PR3",32.6031,-85.49725,78,2.1883
"PR3",32.60316,-85.49714,79,2.1959
"PR3",32.60307,-85.49693,80,2.2097
"PR3",32.60306,-85.49672,81,2.2219
"PR3",32.60302,-85.49658,82,2.2305
"PR3",32.60307,-85.49649,83,2.2368
"PR3",32.60309,-85.49564,84,2.2864
"PR3",32.60311,-85.49553,85,2.2929
"PR3",32.60329,-85.49517,86,2.3173
"PR3",32.60283,-85.4948,87,2.3558
"PR3",32.60265,-85.49473,88,2.3689
"PR3",32.60237,-85.49469,89,2.3884
"PR3",32.60239,-85.49435,90,2.4082
"PR3",32.60232,-85.49397,91,2.4309
"PR3",32.60178,-85.49294,92,2.5016
"PR3",32.60151,-85.49236,93,2.5402
"PR3",32.60137,-85.4919,94,2.5687
"PR3",32.60124,-85.49143,95,2.5975
"PR3",32.60111,-85.49086,96,2.6319
"PR3",32.60105,-85.49046,97,2.6556
"PR3",32.60103,-85.4902,98,2.6708
"PR3",32.60098,-85.4894,99,2.7176
"PR3",32.60101,-85.48896,100,2.7433
"PR3",32.60106,-85.48864,101,2.7623
"PR3",32.60116,-85.48836,102,2.7800
"PR3",32.60126,-85.4882,103,2.7916
"PR3",32.60134,-85.4881,104,2.7996
"PR3",32.60161,-85.48787,105,2.8226
"PR3",32.60175,-85.48779,106,2.8334
"PR3",32.60202,-85.48766,107,2.8535
"PR3",32.60229,-85.4876,108,2.8725
"PR3",32.60241,-85.4876,109,2.8808
"PR1.7",32.59565,-85.49793,1,0.0000
"PR1.7",32.595,-85.49792,2,0.0450
"PR1.7",32.59407,-85.49791,3,0.1093
"PR1.7",32.59384,-85.49793,4,0.1252
"PR1.7",32.5937,-85.49798,5,0.1354
"PR1.7",32.59347,-85.49809,6,0.1525
"PR1.7",32.59328,-85.49821,7,0.1674
"PR1.7",32.59345,-85.4985,8,0.1880
"PR1.7",32.59356,-85.49867,9,0.2005
"PR1.7",32.59366,-85.49878,10,0.2099
"PR1.7",32.59387,-85.49899,11,0.2289
"PR1.7",32.59409,-85.49913,12,0.2462
"PR1.7",32.59428,-85.49923,13,0.2605
"PR1.7",32.59441,-85.49927,14,0.2698
"PR1.7",32.59471,-85.49931,15,0.2907
"PR1.7",32.59493962799376,-85.49933018707637,16,0.3066
"PR1.7",32.59562,-85.49939,17,0.3538
"PR1.7",32.59574,-85.49942,18,0.3623
"PR1.7",32.59601,-85.49957,19,0.3829
"PR1.7",32.59617,-85.49974,20,0.3978
"PR1.7",32.59645,-85.5001,21,0.4263
"PR1.7",32.59715,-85.49929,22,0.4940
"PR1.7",32.59732,-85.49909,23,0.5105
"PR1.7",32.59809,-85.49829,24,0.5813
"PR1.7",32.59881,-85.4976,25,0.6453
"PR1.7",32.60053,-85.49611,26,0.7926
"PR1.7",32.6008,-85.49654,27,0.8239
"PR1.7",32.60096,-85.49673,28,0.8395
"PR1.7",32.60108,-85.49685,29,0.8504
"PR1.7",32.60121,-85.49694,30,0.8608
"PR1.7",32.60197,-85.49732,31,0.9178
"PR1.7",32.60219,-85.49739,32,0.9336
"PR1.7",32.6024,-85.49744,33,0.9484
"PR1.7",32.60259,-85.49745,34,0.9615
"PR1.7",32.60269,-85.49744,35,0.9685
"PR1.7",32.60294,-85.49735,36,0.9866
"PR1.7",32.6031,-85.49725,37,0.9991
"PR1.7",32.60316,-85.49714,38,1.0067
"PR1.7",32.60307,-85.49693,39,1.0204
"PR1.7",32.60306,-85.49672,40,1.0327
"PR1.7",32.60302,-85.49658,41,1.0413
"PR1.7",32.60307,-85.49649,42,1.0476
"PR1.7",32.60309,-85.49564,43,1.0971
"PR1.7",32.60311,-85.49553,44,1.1037
"PR1.7",32.60329,-85.49517,45,1.1281
"PR1.7",32.60283,-85.4948,46,1.1665
"PR1.7",32.60265,-85.49473,47,1.1796
"PR1.7",32.60237,-85.49469,48,1.1991
"PR1.7",32.60239,-85.49435,49,1.2190
"PR1.7",32.60232,-85.49397,50,1.2417
"PR1.7",32.60178,-85.49294,51,1.3123
"PR1.7",32.60151,-85.49236,52,1.3510
"PR1.7",32.60137,-85.4919,53,1.3795
"PR1.7",32.60124,-85.49143,54,1.4083
"PR1.7",32.60111,-85.49086,55,1.4427
"PR1.7",32.60105,-85.49046,56,1.4664
"PR1.7",32.60103,-85.4902,57,1.4816
"PR1.7",32.60098,-85.4894,58,1.5283
"PR1.7",32.60101,-85.48896,59,1.5541
"PR1.7",32.60108,-85.48856,60,1.5779
"PR1.7",32.60116,-85.48836,61,1.5908
"PR1.7",32.60126,-85.4882,62,1.6024
"PR1.7",32.60134,-85.4881,63,1.6104
"PR1.7",32.60161,-85.48787,64,1.6334
"PR1.7",32.6019,-85.48771,65,1.6555
"PR1.7",32.60202,-85.48766,66,1.6643
"PR1.7",32.60229,-85.4876,67,1.6833
"PR1.7",32.60242,-85.4876,68,1.6923
"SSJ2.7",32.59544,-85.50632,1,0.0000
"SSJ2.7",32.59540663914844,-85.5062056199375,2,0.0071
"SSJ2.7",32.59537,-85.50608,3,0.0148
"SSJ2.7",32.59527,-85.506,4,0.0231
"SSJ2.7",32.59518,-85.506,5,0.0294
"SSJ2.7",32.59509,-85.50607,6,0.0368
"SSJ2.7",32.59491,-85.5063,7,0.0551
"SSJ2.7",32.59486,-85.50645,8,0.0645
"SSJ2.7",32.59477,-85.50692,9,0.0926
"SSJ2.7",32.5947,-85.50725,10,0.1124
"SSJ2.7",32.59531,-85.50745,11,0.1562
"SSJ2.7",32.59596,-85.50759,12,0.2019
"SSJ2.7",32.59643,-85.50767,13,0.2347
"SSJ2.7",32.59681,-85.50771,14,0.2611
"SSJ2.7",32.59744,-85.50774,15,0.3047
"SSJ2.7",32.59836,-85.50777,16,0.3684
"SSJ2.7",32.59961,-85.50777,17,0.4549
"SSJ2.7",32.60052,-85.5078,18,0.5178
"SSJ2.7",32.60073,-85.50764,19,0.5351
"SSJ2.7",32.6009,-85.5074,20,0.5534
"SSJ2.7",32.60089,-85.50699,21,0.5773
"SSJ2.7",32.60085,-85.50574,22,0.6502
"SSJ2.7",32.60081,-85.50449,23,0.7231
"SSJ2.7",32.60075,-85.50324,24,0.7960
"SSJ2.7",32.60073,-85.50266,25,0.8298
"SSJ2.7",32.60063,-85.50251,26,0.8410
"SSJ2.7",32.60051,-85.50237,27,0.8526
"SSJ2.7",32.60032,-85.50224,28,0.8678
"SSJ2.7",32.59958,-85.50228,29,0.9190
"SSJ2.7",32.59937,-85.50227,30,0.9336
"SSJ2.7",32.59916,-85.50225,31,0.9481
"SSJ2.7",32.59898,-85.50221,32,0.9608
"SSJ2.7",32.5988,-85.50216,33,0.9736
"SSJ2.7",32.59859,-85.50209,34,0.9887
"SSJ2.7",32.59854,-85.50218,35,0.9950
"SSJ2.7",32.59848,-85.5024,36,1.0084
"SSJ2.7",32.5984,-85.50284,37,1.0347
"SSJ2.7",32.59838,-85.50326,38,1.0592
"SSJ2.7",32.59839,-85.50351,39,1.0738
"SSJ2.7",32.59887,-85.50348,40,1.1070
"SSJ2.7",32.59983,-85.50343,41,1.1735
"SSJ2.7",32.5999,-85.50366,42,1.1877
"SSJ2.7",32.60002,-85.50363,43,1.1962
"SSJ2.7",32.60036,-85.50342,44,1.2227
"SSJ2.7",32.60057,-85.5034,45,1.2373
"SSJ2.7",32.60076,-85.50339,46,1.2505
"SSJ2.7",32.60074,-85.50285,47,1.2820
"SSJ2.7",32.60073,-85.50266,48,1.2931
"SSJ2.7",32.60065,-85.50253,49,1.3024
"SSJ2.7",32.60051,-85.50237,50,1.3159
"SSJ2.7",32.6004,-85.50229,51,1.3248
"SSJ2.7",32.60032,-85.50224,52,1.3311
"SSJ2.7",32.60007,-85.50226,53,1.3484
"SSJ2.7",32.59973,-85.50228,54,1.3719
"SSJ2.7",32.59936,-85.50227,55,1.3975
"SSJ2.7",32.59899,-85.50221,56,1.4234
"SSJ2.7",32.5988,-85.50216,57,1.4368
"SSJ2.7",32.59852,-85.50206,58,1.4570
"SSJ2.7",32.59837,-85.502,59,1.4680
"SSJ2.7",32.59817,-85.50187,60,1.4838
"SSJ2.7",32.59796,-85.5017,61,1.5014
"SSJ2.7",32.59773,-85.50148,62,1.5218
"SSJ2.7",32.5975,-85.50126,63,1.5422
"SSJ2.7",32.59727,-85.50103,64,1.5630
"SSJ2.7",32.59686,-85.50058,65,1.6016
"SSJ2.7",32.59609,-85.49966,66,1.6772
"SSJ2.7",32.59592,-85.49951,67,1.6919
"SSJ2.7",32.59574,-85.49942,68,1.7054
"SSJ2.7",32.59556,-85.49937,69,1.7182
"SSJ2.7",32.59465,-85.4993,70,1.7812
"SSJ2.7",32.59441,-85.49927,71,1.7979
"SSJ2.7",32.59428,-85.49923,72,1.8072
"SSJ2.7",32.59409,-85.49913,73,1.8216
"SSJ2.7",32.59387,-85.49899,74,1.8389
"SSJ2.7",32.5937,-85.49883,75,1.8539
"SSJ2.7",32.59356,-85.49867,76,1.8673
"SSJ2.7",32.59348,-85.49854,77,1.8767
"SSJ2.7",32.59317,-85.49802,78,1.9138
"SSJ2.7",32.59308,-85.49786,79,1.9250
"SSJ2.7",32.59299,-85.4975,80,1.9469
"SSJ2.7",32.5929,-85.49654,81,2.0032
"SSJ2.7",32.59275,-85.49523,82,2.0803
"SSJ2.7",32.59265,-85.4942,83,2.1407
"SSJ2.7",32.59247,-85.49188,84,2.2765
"SSJ2.7",32.59233,-85.49031,85,2.3685
"SSJ2.7",32.59332,-85.49034,86,2.4370
"SSJ2.7",32.59411,-85.49032,87,2.4916
"SSJ2.7",32.59453,-85.4903,88,2.5207
"SSJ2.7",32.59548,-85.49021,89,2.5866
"SSJ2.7",32.59587,-85.4902,90,2.6136
"SSJ2.7",32.59653,-85.49023,91,2.6593
"SSJ2.7",32.59673,-85.49026,92,2.6732
"SSJ2.7",32.59742,-85.49038,93,2.7215
"SSJ2.7",32.59785,-85.49042,94,2.7513
"SSJ2.7",32.59988,-85.49045,95,2.8917
"SSJ2.7",32.60088,-85.49046,96,2.9609
"SSJ2.7",32.60105,-85.49044,97,2.9727
"SSJ2.7",32.60102,-85.49004,98,2.9961
"SSJ2.7",32.60098,-85.4894,99,3.0335
"SSJ2.7",32.60099,-85.48924,100,3.0429
"SSJ2.7",32.60101,-85.48896,101,3.0592
"SSJ2.7",32.60106,-85.48864,102,3.0782
"SSJ2.7",32.60115,-85.48838,103,3.0946
"SSJ2.7",32.60126,-85.4882,104,3.1075
"SSJ2.7",32.60143,-85.48801,105,3.1237
"SSJ2.7",32.60161,-85.48787,106,3.1386
"SSJ2.7",32.60186,-85.48773,107,3.1577
"SA3.730",32.5717,-85.51612,1,0.0000
"SA3.730",32.57175112437566,-85.5159998577172,2,0.0078
"SA3.730",32.5719,-85.51565,3,0.0307
"SA3.730",32.57198,-85.51545,4,0.0436
"SA3.730",32.57213,-85.51486,5,0.0795
"SA3.730",32.57243,-85.51346,6,0.1637
"SA3.730",32.57258196098474,-85.51277834643986,7,0.2048
"SA3.730",32.57278,-85.51189,8,0.2584
"SA3.730",32.57297,-85.51095,9,0.3147
"SA3.730",32.573,-85.51029,10,0.3533
"SA3.730",32.57302,-85.50875,11,0.4430
"SA3.730",32.57302,-85.50839,12,0.4640
"SA3.730",32.57298,-85.50815,13,0.4783
"SA3.730",32.57277,-85.50744,14,0.5221
"SA3.730",32.57275,-85.50724,15,0.5339
"SA3.730",32.57275,-85.50636,16,0.5852
"SA3.730",32.57279,-85.5061,17,0.6006
"SA3.730",32.57291,-85.5058,18,0.6199
"SA3.730",32.57296,-85.50568,19,0.6278
"SA3.730",32.5731,-85.5055,20,0.6420
"SA3.730",32.57327,-85.50534,21,0.6570
"SA3.730",32.57335,-85.50529,22,0.6633
"SA3.730",32.57386,-85.50504,23,0.7015
"SA3.730",32.57398,-85.50495,24,0.7113
"SA3.730",32.57413,-85.50479,25,0.7252
"SA3.730",32.57432,-85.50444,26,0.7495
"SA3.730",32.5744,-85.50415,27,0.7673
"SA3.730",32.57446,-85.50367,28,0.7956
"SA3.730",32.57448,-85.5034,29,0.8114
"SA3.730",32.57445,-85.50312,30,0.8278
"SA3.730",32.57439,-85.50293,31,0.8396
"SA3.730",32.57416,-85.50247,32,0.8708
"SA3.730",32.57428,-85.5027,33,0.8866
"SA3.730",32.57413,-85.5025,34,0.9022
"SA3.730",32.57386,-85.50273,35,0.9252
"SA3.730",32.57365,-85.50284,36,0.9411
"SA3.730",32.57354,-85.50285,37,0.9487
"SA3.730",32.57345,-85.50283,38,0.9550
"SA3.730",32.57317,-85.50282,39,0.9744
"SA3.730",32.573,-85.50281,40,0.9862
"SA3.730",32.57289,-85.50283,41,0.9939
"SA3.730",32.57278,-85.50295,42,1.0042
"SA3.730",32.57271,-85.50309,43,1.0137
"SA3.730",32.57275,-85.50351,44,1.0383
"SA3.730",32.57267,-85.50372,45,1.0518
"SA3.730",32.57163,-85.50438,46,1.1334
"SA3.730",32.57151,-85.5038,47,1.1682
"SA3.730",32.5714594007934,-85.50354194404633,48,1.1836
"SA3.730",32.57141,-85.50329,49,1.1987
"SA3.730",32.5714,-85.5031,50,1.2098
"SA3.730",32.57151,-85.50275,51,1.2316
"SA3.730",32.57163,-85.50242,52,1.2525
"SA3.730",32.57188,-85.5017,53,1.2979
"SA3.730",32.5718,-85.5012,54,1.3276
"SA3.730",32.57174,-85.50088,55,1.3467
"SA3.730",32.57244,-85.50077,56,1.3955
"SA3.730",32.57281,-85.50069,57,1.4215
"SA3.730",32.5731,-85.50059,58,1.4424
"SA3.730",32.57322,-85.50055,59,1.4511
"SA3.730",32.57315,-85.50022,60,1.4709
"SA3.730",32.57296,-85.49933,61,1.5244
"SA3.730",32.57314,-85.49928,62,1.5372
"SA3.730",32.574,-85.49905,63,1.5982
"SA3.730",32.57412,-85.49903,64,1.6066
"SA3.730",32.57459,-85.49894,65,1.6395
"SA3.730",32.57616,-85.49848,66,1.7513
"SA3.730",32.57661,-85.49832,67,1.7838
"SA3.730",32.57706,-85.49813,68,1.8169
"SA3.730",32.57767,-85.49781,69,1.8630
"SA3.730",32.57822,-85.49749,70,1.9054
"SA3.730",32.57883,-85.49708,71,1.9539
"SA3.730",32.57917,-85.49682,72,1.9818
"SA3.730",32.5797,-85.49636,73,2.0273
"SA3.730",32.58021,-85.49589,74,2.0719
"SA3.730",32.58049,-85.49561,75,2.0973
"SA3.730",32.58114,-85.4949,76,2.1584
"SA3.730",32.58124,-85.49478,77,2.1682
"SA3.730",32.58171,-85.49415,78,2.2172
"SA3.730",32.58223,-85.49336,79,2.2757
"SA3.730",32.58272,-85.49257,80,2.3328
"SA3.730",32.58316,-85.49183,81,2.3856
"SA3.730",32.58406,-85.49029,82,2.4949
"SA3.730",32.58477,-85.48901,83,2.5842
"SA3.730",32.58527,-85.4894,84,2.6256
"SA3.730",32.58567,-85.48968,85,2.6577
"SA3.730",32.58592,-85.48982,86,2.6768
"SA3.730",32.58644,-85.49003,87,2.7148
"SA3.730",32.58668,-85.49008,88,2.7317
"SA3.730",32.58693,-85.49011,89,2.7490
"SA3.730",32.58824,-85.49015,90,2.8397
"SA3.730",32.58987,-85.4902,91,2.9525
"SA3.730",32.59127,-85.49023,92,3.0493
"SA3.730",32.59154,-85.49025,93,3.0680
"SA3.730",32.59233,-85.49031,94,3.1228
"SA3.730",32.59321,-85.49034,95,3.1837
"SA3.730",32.59395,-85.49032,96,3.2349
"SA3.730",32.5949,-85.49026,97,3.3007
"SA3.730",32.59548,-85.49021,98,3.3409
"SA3.730",32.59587,-85.4902,99,3.3679
"SA3.730",32.5966,-85.49025,100,3.4185
"SA3.730",32.59763,-85.4904,101,3.4903
"SA3.730",32.59785,-85.49042,102,3.5055
"SA3.730",32.5986,-85.49043,103,3.5574
"SA3.730",32.60092,-85.49046,104,3.7179
"SA3.730",32.60105,-85.49045,105,3.7269
"SA3.730",32.60099,-85.48957,106,3.7784
"SA3.730",32.60098,-85.4894,107,3.7883
"SA3.730",32.601,-85.48908,108,3.8070
"SA3.730",32.60106,-85.48864,109,3.8330
"SA3.730",32.60114,-85.4884,110,3.8480
"SC1.7",32.56544,-85.49998,1,0.0000
"SC1.7",32.56528,-85.49989,2,0.0122
"SC1.7",32.56508,-85.49986,3,0.0262
"SC1.7",32.56389,-85.49913,4,0.1189
"SC1.7",32.5644,-85.49841,5,0.1737
"SC1.7",32.56468,-85.498,6,0.2044
"SC1.7",32.56494,-85.49752,7,0.2377
"SC1.7",32.56561,-85.49646,8,0.3150
"SC1.7",32.56583,-85.49611,9,0.3404
"SC1.7",32.56601929159523,-85.49611390291949,10,0.3535
"SC1.7",32.5668,-85.49613,11,0.4075
"SC1.7",32.5679,-85.49615,12,0.4836
"SC1.7",32.56802147317261,-85.49618168865372,13,0.4922
"SC1.7",32.56813,-85.49621,14,0.4999
"SC1.7",32.56823,-85.49627,15,0.5076
"SC1.7",32.56836,-85.49637,16,0.5184
"SC1.7",32.56854,-85.49658,17,0.5358
"SC1.7",32.56865,-85.49677,18,0.5493
"SC1.7",32.5689,-85.49767,19,0.6045
"SC1.7",32.56904,-85.4981,20,0.6314
"SC1.7",32.56908,-85.49831,21,0.6439
"SC1.7",32.5691,-85.4986,22,0.6609
"SC1.7",32.56908,-85.4994,23,0.7075
"SC1.7",32.56906,-85.50036,24,0.7635
"SC1.7",32.56906,-85.5006,25,0.7775
"SC1.7",32.56952,-85.50043,26,0.8108
"SC1.7",32.56962,-85.50033,27,0.8199
"SC1.7",32.57018,-85.50014,28,0.8602
"SC1.7",32.57082,-85.49995,29,0.9058
"SC1.7",32.57092524085252,-85.49991974325489,30,0.9133
"SC1.7",32.57162,-85.49972,31,0.9627
"SC1.7",32.57243,-85.49949,32,1.0204
"SC1.7",32.57324,-85.49926,33,1.0780
"SC1.7",32.57406,-85.49903,34,1.1362
"SC1.7",32.57418,-85.49906,35,1.1447
"SC1.7",32.57586,-85.49858,36,1.2643
"SC1.7",32.57633,-85.49843,37,1.2979
"SC1.7",32.57661,-85.49832,38,1.3183
"SC1.7",32.57691,-85.4982,39,1.3402
"SC1.7",32.57724,-85.49803,40,1.3651
"SC1.7",32.57727,-85.49791,41,1.3724
"SC1.7",32.57738,-85.49766,42,1.3888
"SC1.7",32.57741,-85.4975,43,1.3984
"SC1.7",32.57744,-85.49738,44,1.4057
"SC1.7",32.57734,-85.49718,45,1.4192
"SC1.7",32.5771,-85.49665,46,1.4543
"SC1.7",32.577,-85.49636,47,1.4726
"SC1.7",32.57694,-85.49612,48,1.4872
"SC1.7",32.5769,-85.49579,49,1.5066
"SC1.7",32.57689,-85.49557,50,1.5194
"SC1.7",32.5769,-85.49531,51,1.5346
"SC1.7",32.57693,-85.49498,52,1.5540
"SC1.7",32.57703,-85.49453,53,1.5811
"SC1.7",32.57707,-85.49442,54,1.5881
"SC1.7",32.57721,-85.49409,55,1.6096
"SC1.7",32.57738,-85.4938,56,1.6302
"SC1.7",32.57789777231252,-85.49313350585304,57,1.6830
"SC1.7",32.57832,-85.49259,58,1.7261
"SC1.7",32.57877,-85.49192,59,1.7761
"SC1.7",32.57912,-85.49129,60,1.8200
"SC1.7",32.57929,-85.49094,61,1.8436
"SC1.7",32.57959,-85.49021,62,1.8909
"SC1.7",32.57987,-85.48933,63,1.9458
"SC1.7",32.58003,-85.48866,64,1.9864
"SC1.7",32.58009,-85.48826,65,2.0100
"SC1.7",32.5808,-85.48827,66,2.0591
"SC1.7",32.58286,-85.48827,67,2.2016
"SC1.7",32.58337,-85.48826,68,2.2369
"SC1.7",32.58352,-85.48827,69,2.2473
"SC1.7",32.58373,-85.48831,70,2.2620
"SC1.7",32.58393,-85.48839,71,2.2766
"SC1.7",32.58413,-85.48849,72,2.2916
"SC1.7",32.58451,-85.48878,73,2.3229
"SC1.7",32.58483,-85.48905,74,2.3500
"SC1.7",32.58517,-85.48932,75,2.3783
"SC1.7",32.58566,-85.48968,76,2.4182
"SC1.7",32.58606,-85.4899,77,2.4487
"SC1.7",32.58653,-85.49006,78,2.4825
"SC1.7",32.58715,-85.49013,79,2.5256
"SC1.7",32.5878,-85.49014,80,2.5706
"SC1.7",32.58858,-85.49016,81,2.6245
"SC1.7",32.59015,-85.49022,82,2.7332
"SC1.7",32.59151,-85.49025,83,2.8273
"SC1.7",32.59234,-85.4903,84,2.8848
"SC1.7",32.59234,-85.48991,85,2.9075
"SC1.7",32.59235,-85.48944,86,2.9349
"SC1.7",32.59237,-85.48904,87,2.9582
"SC1.7",32.59246,-85.48857,88,2.9863
"SC1.7",32.59262,-85.48807,89,3.0175
"SC1.7",32.59289,-85.48748,90,3.0566
"SC1.7",32.59329,-85.48681,91,3.1045
"SC1.7",32.59365,-85.48614,92,3.1508
"SC1.7",32.5941,-85.48539,93,3.2044
"SC1.7",32.5944,-85.48497,94,3.2365
"SC1.7",32.59476,-85.48445,95,3.2758
"SC1.7",32.59502,-85.48414,96,3.3013
"SC1.7",32.59527,-85.48396,97,3.3215
"SC1.7",32.59556,-85.48391,98,3.3417
"SC1.7",32.59617,-85.48384,99,3.3841
"SC1.7",32.59662,-85.48383,100,3.4153
"SC1.7",32.59743,-85.48382,101,3.4713
"SC1.7",32.59789,-85.48383,102,3.5031
"SC1.7",32.59807,-85.48384,103,3.5156
"SC1.7",32.59856,-85.48386,104,3.5495
"SC1.7",32.59966,-85.48387,105,3.6256
"SC1.7",32.60091,-85.48387,106,3.7121
"SC1.7",32.6011,-85.48387,107,3.7252
"SC1.7",32.60119,-85.48321,108,3.7642
"SD4.730",32.57503,-85.49068,1,0.0000
"SD4.730",32.57505,-85.48879,2,0.1102
"SD4.730",32.57504,-85.48824,3,0.1422
"SD4.730",32.577,-85.48826,4,0.2778
"SD4.730",32.57765,-85.48827,5,0.3228
"SD4.730",32.57764,-85.4887,6,0.3479
"SD4.730",32.57763399209253,-85.4895471149532,7,0.3972
"SD4.730",32.57763,-85.49011,8,0.4300
"SD4.730",32.5775,-85.49035,9,0.4467
"SD4.730",32.5773,-85.49035,10,0.4605
"SD4.730",32.57689,-85.49035,11,0.4889
"SD4.730",32.57651,-85.49034,12,0.5152
"SD4.730",32.57646,-85.49013,13,0.5279
"SD4.730",32.57645,-85.48957,14,0.5605
"SD4.730",32.5768,-85.48957,15,0.5847
"SD4.730",32.57748,-85.48958,16,0.6318
"SD4.730",32.57764,-85.48958,17,0.6428
"SD4.730",32.57764,-85.48877,18,0.6901
"SD4.730",32.57765,-85.48827,19,0.7192
"SD4.730",32.5776,-85.48786,20,0.7434
"SD4.730",32.57789,-85.48775,21,0.7644
"SD4.730",32.57812,-85.48777,22,0.7804
"SD4.730",32.57852,-85.48787,23,0.8086
"SD4.730",32.57874,-85.48789,24,0.8239
"SD4.730",32.57875,-85.48825,25,0.8449
"SD4.730",32.57949,-85.48826,26,0.8961
"SD4.730",32.58025,-85.48826,27,0.9487
"SD4.730",32.5812,-85.48827,28,1.0144
"SD4.730",32.58233,-85.48827,29,1.0925
"SD4.730",32.58345,-85.48827,30,1.1700
"SD4.730",32.58373,-85.48831,31,1.1895
"SD4.730",32.58393,-85.48839,32,1.2041
"SD4.730",32.58413,-85.48849,33,1.2191
"SD4.730",32.58444,-85.48873,34,1.2447
"SD4.730",32.58477,-85.48901,35,1.2728
"SD4.730",32.58444,-85.48962,36,1.3150
"SD4.730",32.58379,-85.49068,37,1.3915
"SD4.730",32.58294,-85.49215,38,1.4954
"SD4.730",32.5822,-85.49334,39,1.5816
"SD4.730",32.58255,-85.49357,40,1.6092
"SD4.730",32.58279,-85.49371,41,1.6277
"SD4.730",32.58306,-85.49381,42,1.6473
"SD4.730",32.58337,-85.49391,43,1.6695
"SD4.730",32.5836,-85.49393,44,1.6855
"SD4.730",32.58427,-85.49395,45,1.7318
"SD4.730",32.58468,-85.49395,46,1.7602
"SD4.730",32.58504,-85.49394,47,1.7851
"SD4.730",32.58534,-85.49394,48,1.8058
"SD4.730",32.58552,-85.49393,49,1.8183
"SD4.730",32.58566,-85.49389,50,1.8283
"SD4.730",32.58585,-85.49379,51,1.8427
"SD4.730",32.58601,-85.49367,52,1.8557
"SD4.730",32.58618,-85.49345,53,1.8731
"SD4.730",32.58632,-85.49315,54,1.8931
"SD4.730",32.5864,-85.49283,55,1.9126
"SD4.730",32.58641,-85.49198,56,1.9621
"SD4.730",32.58641,-85.49116,57,2.0099
"SD4.730",32.58642,-85.49039,58,2.0548
"SD4.730",32.58644,-85.49003,59,2.0758
"SD4.730",32.58675,-85.49009,60,2.0976
"SD4.730",32.58693,-85.49011,61,2.1101
"SD4.730",32.58854,-85.49016,62,2.2215
"SD4.730",32.59097,-85.49022,63,2.3896
"SD4.730",32.59127,-85.49023,64,2.4103
"SD4.730",32.59233,-85.49031,65,2.4838
"SD4.730",32.59341,-85.49034,66,2.5585
"SD4.730",32.59453,-85.4903,67,2.6360
"SD4.730",32.59548,-85.49021,68,2.7020
"SD4.730",32.59595,-85.4902,69,2.7345
"SD4.730",32.59628,-85.49022,70,2.7573
"SD4.730",32.59653,-85.49023,71,2.7746
"SD4.730",32.59742,-85.49038,72,2.8368
"SD4.730",32.59785,-85.49042,73,2.8667
"SD4.730",32.59928,-85.49044,74,2.9656
"SD4.730",32.60109,-85.49046,75,3.0908
"SD4.730",32.601,-85.48977,76,3.1315
"SD4.730",32.60098,-85.4894,77,3.1531
"SD4.730",32.60101,-85.48901,78,3.1759
"SD4.730",32.60106,-85.48864,79,3.1977
"SD4.730",32.60114,-85.48839,80,3.2133
"SD2.7",32.58811,-85.49013,1,0.0000
"SD2.7",32.58799282703043,-85.49012915702899,2,0.0081
"SD2.7",32.58672,-85.49012,3,0.0961
"SD2.7",32.58654,-85.49025,4,0.1107
"SD2.7",32.58643,-85.49035,5,0.1203
"SD2.7",32.58642,-85.4905,6,0.1291
"SD2.7",32.58641,-85.49179,7,0.2043
"SD2.7",32.58638,-85.49248,8,0.2445
"SD2.7",32.58639,-85.49279,9,0.2626
"SD2.7",32.58633,-85.4931,10,0.2812
"SD2.7",32.58612,-85.49353,11,0.3101
"SD2.7",32.58588,-85.49378,12,0.3322
"SD2.7",32.58555,-85.49394,13,0.3569
"SD2.7",32.58529,-85.49394,14,0.3748
"SD2.7",32.58503,-85.49393,15,0.3928
"SD2.7",32.58441980937864,-85.49392561013941,16,0.4351
"SD2.7",32.58364,-85.49392,17,0.4890
"SD2.7",32.58317,-85.49385,18,0.5218
"SD2.7",32.58269,-85.49362,19,0.5576
"SD2.7",32.58219,-85.49336,20,0.5953
"SD2.7",32.58119,-85.49482,21,0.7050
"SD2.7",32.58057,-85.49554,22,0.7650
"SD2.7",32.57992,-85.49613,23,0.8216
"SD2.7",32.578,-85.49761,24,0.9800
"SD2.7",32.57627,-85.49844,25,1.1090
"SD2.7",32.57294,-85.49933,26,1.3451
"SD2.7",32.57285,-85.49892,27,1.3698
"SD2.7",32.57262,-85.49811,28,1.4197
"SD2.7",32.57236,-85.49718,29,1.4768
"SD2.7",32.57234,-85.49668,30,1.5060
"SD2.7",32.572541659547625,-85.49625147346129,31,1.5346
"SD2.7",32.57266,-85.496,32,1.5514
"SD2.7",32.57328,-85.49507,33,1.6205
"SD2.7",32.57354465876995,-85.49464576755993,34,1.6512
"SD2.7",32.57396,-85.49398,35,1.6995
"SD2.7",32.57461,-85.49253,36,1.7953
"SD2.7",32.57498,-85.49141,37,1.8654
"SD2.7",32.57503,-85.49108,38,1.8849
"SD2.7",32.57504,-85.49075,39,1.9042
"SD2.7",32.57504,-85.49011,40,1.9415
"SD2.7",32.57505,-85.48879,41,2.0184
"SD2.7",32.57504,-85.48824,42,2.0505
"SD2.7",32.577,-85.48826,43,2.1861
"SD2.7",32.57765,-85.48827,44,2.2310
"SD2.7",32.57764,-85.4887,45,2.2561
"SD2.7",32.57763399209253,-85.4895471149532,46,2.3055
"SD2.7",32.57763,-85.49011,47,2.3383
"SD2.7",32.5775,-85.49035,48,2.3549
"SD2.7",32.5773,-85.49035,49,2.3688
"SD2.7",32.57689,-85.49035,50,2.3971
"SD2.7",32.57651,-85.49034,51,2.4234
"SD2.7",32.57646,-85.49013,52,2.4361
"SD2.7",32.57645,-85.48957,53,2.4688
"SD2.7",32.5768,-85.48957,54,2.4930
"SD2.7",32.57748,-85.48958,55,2.5400
"SD2.7",32.57764,-85.48958,56,2.5511
"SD2.7",32.57764,-85.48877,57,2.5983
"SD2.7",32.57765,-85.48827,58,2.6275
"SD2.7",32.5776,-85.48786,59,2.6516
"SD2.7",32.57789,-85.48775,60,2.6727
"SD2.7",32.57812,-85.48777,61,2.6886
"SD2.7",32.57852,-85.48787,62,2.7169
"SD2.7",32.57874,-85.48789,63,2.7322
"SD2.7",32.57875,-85.48825,64,2.7532
"SD2.7",32.57949,-85.48826,65,2.8043
"SD2.7",32.58025,-85.48826,66,2.8569
"SD2.7",32.5812,-85.48827,67,2.9226
"SD2.7",32.58233,-85.48827,68,3.0008
"SD2.7",32.58345,-85.48827,69,3.0783
"SD2.7",32.58373,-85.48831,70,3.0978
"SD2.7",32.58393,-85.48839,71,3.1124
"SD2.7",32.58413,-85.48849,72,3.1274
"SD2.7",32.58444,-85.48873,73,3.1530
"SD2.7",32.58477,-85.48901,74,3.1810
"SD2.7",32.58459,-85.4894,75,3.2070
"SD2.7",32.58346,-85.49129,76,3.3420
"SD2.7",32.58262,-85.49266,77,3.4408
"SD2.7",32.58219,-85.49334,78,3.4903
"SD2.7",32.5826,-85.49359,79,3.5222
"SD2.7",32.58296,-85.49376,80,3.5490
"SD2.7",32.58331,-85.49388,81,3.5742
"SD2.7",32.58371,-85.49393,82,3.6020
"SD2.7",32.58426,-85.49395,83,3.6401
"SD2.7",32.5849,-85.49394,84,3.6844
"SD2.7",32.58556,-85.49394,85,3.7300
"SD2.7",32.58594,-85.49374,86,3.7588
"SD2.7",32.58618,-85.49346,87,3.7821
"SD2.7",32.5863,-85.49318,88,3.8004
"SD2.7",32.5864,-85.49286,89,3.8203
"SD2.7",32.58641,-85.49204,90,3.8681
"SD2.7",32.58641,-85.49097,91,3.9304
"SD2.7",32.58643,-85.49002,92,3.9858
"SD2.7",32.58675,-85.49009,93,4.0083
"SD2.7",32.58693,-85.49011,94,4.0208
"SD2.7",32.58937,-85.49018,95,4.1896
"SD2.7",32.59147,-85.49024,96,4.3349
"SD2.7",32.59233,-85.49031,97,4.3946
"SD2.7",32.59311,-85.49034,98,4.4485
"SD2.7",32.59356,-85.49034,99,4.4797
"SD2.7",32.59453,-85.4903,100,4.5468
"SD2.7",32.59548,-85.49021,101,4.6127
"SD2.7",32.59577,-85.4902,102,4.6328
"SD2.7",32.59595,-85.4902,103,4.6453
"SD2.7",32.59653,-85.49023,104,4.6854
"SD2.7",32.59763,-85.4904,105,4.7621
"SD2.7",32.59796,-85.49042,106,4.7850
"SD2.7",32.60029,-85.49045,107,4.9462
"SD2.7",32.60105,-85.49046,108,4.9987
"SD2.7",32.601,-85.48978,109,5.0385
"SD2.7",32.60098,-85.4894,110,5.0607
"SD2.7",32.60101,-85.48896,111,5.0864
"SD2.7",32.60106,-85.48864,112,5.1054
"SD2.7",32.60114,-85.4884,113,5.1204
"SD1.7",32.57503,-85.49068,1,0.0000
"SD1.7",32.57505,-85.48879,2,0.1102
"SD1.7",32.57504,-85.48824,3,0.1422
"SD1.7",32.577,-85.48826,4,0.2778
"SD1.7",32.57765,-85.48827,5,0.3228
"SD1.7",32.57764,-85.4887,6,0.3479
"SD1.7",32.57763399209253,-85.4895471149532,7,0.3972
"SD1.7",32.57763,-85.49011,8,0.4300
"SD1.7",32.5775,-85.49035,9,0.4467
"SD1.7",32.5773,-85.49035,10,0.4605
"SD1.7",32.57689,-85.49035,11,0.4889
"SD1.7",32.57651,-85.49034,12,0.5152
"SD1.7",32.57646,-85.49013,13,0.5279
"SD1.7",32.57645,-85.48957,14,0.5605
"SD1.7",32.5768,-85.48957,15,0.5847
"SD1.7",32.57748,-85.48958,16,0.6318
"SD1.7",32.57764,-85.48958,17,0.6428
"SD1.7",32.57764,-85.48877,18,0.6901
"SD1.7",32.57765,-85.48827,19,0.7192
"SD1.7",32.5776,-85.48786,20,0.7434
"SD1.7",32.57789,-85.48775,21,0.7644
"SD1.7",32.57812,-85.48777,22,0.7804
"SD1.7",32.57852,-85.48787,23,0.8086
"SD1.7",32.57874,-85.48789,24,0.8239
"SD1.7",32.57875,-85.48825,25,0.8449
"SD1.7",32.57949,-85.48826,26,0.8961
"SD1.7",32.58025,-85.48826,27,0.9487
"SD1.7",32.5812,-85.48827,28,1.0144
"SD1.7",32.58233,-85.48827,29,1.0925
"SD1.7",32.58345,-85.48827,30,1.1700
"SD1.7",32.58373,-85.48831,31,1.1895
"SD1.7",32.58393,-85.48839,32,1.2041
"SD1.7",32.58413,-85.48849,33,1.2191
"SD1.7",32.58444,-85.48873,34,1.2447
"SD1.7",32.58477,-85.48901,35,1.2728
"SD1.7",32.58443,-85.48961,36,1.3149
"SD1.7",32.5838,-85.49074,37,1.3939
"SD1.7",32.58304,-85.49195,38,1.4819
"SD1.7",32.58222,-85.49334,39,1.5808
"SD1.7",32.5826,-85.4936,40,1.6111
"SD1.7",32.58283,-85.49372,41,1.6285
"SD1.7",32.58314,-85.49383,42,1.6509
"SD1.7",32.58339,-85.49391,43,1.6688
"SD1.7",32.58374,-85.49395,44,1.6931
"SD1.7",32.58428,-85.49395,45,1.7304
"SD1.7",32.58484,-85.49396,46,1.7692
"SD1.7",32.58548,-85.49393,47,1.8135
"SD1.7",32.58569,-85.49388,48,1.8283
"SD1.7",32.58589,-85.49376,49,1.8438
"SD1.7",32.58606,-85.49361,50,1.8585
"SD1.7",32.58619,-85.49341,51,1.8732
"SD1.7",32.58629,-85.49322,52,1.8862
"SD1.7",32.58637,-85.493,53,1.9002
"SD1.7",32.5864,-85.49216,54,1.9492
"SD1.7",32.5864,-85.49113,55,2.0092
"SD1.7",32.58644,-85.49001,56,2.0746
"SD1.7",32.58675,-85.49009,57,2.0965
"SD1.7",32.58693,-85.49011,58,2.1090
"SD1.7",32.58919,-85.49018,59,2.2654
"SD1.7",32.59134,-85.49023,60,2.4141
"SD1.7",32.59233,-85.49031,61,2.4828
"SD1.7",32.59311,-85.49034,62,2.5368
"SD1.7",32.59396,-85.49032,63,2.5956
"SD1.7",32.59453,-85.4903,64,2.6350
"SD1.7",32.59548,-85.49021,65,2.7009
"SD1.7",32.59587,-85.4902,66,2.7279
"SD1.7",32.59653,-85.49023,67,2.7736
"SD1.7",32.59695,-85.49029,68,2.8029
"SD1.7",32.59742,-85.49038,69,2.8358
"SD1.7",32.59785,-85.49042,70,2.8656
"SD1.7",32.59989,-85.49045,71,3.0068
"SD1.7",32.60105,-85.49046,72,3.0870
"SD1.7",32.60098,-85.4894,73,3.1489
"SD1.7",32.60101,-85.48896,74,3.1747
"SD1.7",32.60106,-85.48864,75,3.1936
"SD1.7",32.60114,-85.48839,76,3.2092
"WR1.7",32.58753,-85.52131,1,0.0000
"WR1.7",32.58771,-85.52143,2,0.0143
"WR1.7",32.58785,-85.5215,3,0.0248
"WR1.7",32.58833,-85.5217,4,0.0600
"WR1.7",32.58859,-85.52178,5,0.0786
"WR1.7",32.58989,-85.5222,6,0.1718
"WR1.7",32.59076,-85.5225,7,0.2344
"WR1.7",32.59117,-85.52269,8,0.2649
"WR1.7",32.59166,-85.52295,9,0.3020
"WR1.7",32.59236,-85.5234,10,0.3571
"WR1.7",32.59298,-85.52378,11,0.4053
"WR1.7",32.59344,-85.524,12,0.4396
"WR1.7",32.5936,-85.52404,13,0.4509
"WR1.7",32.59392,-85.52414,14,0.4738
"WR1.7",32.59441,-85.52422,15,0.5080
"WR1.7",32.59511,-85.52424,16,0.5565
"WR1.7",32.59521484375,-85.52424,17,0.5637
"WR1.7",32.59639,-85.52424,18,0.6450
"WR1.7",32.597,-85.52423,19,0.6872
"WR1.7",32.5974,-85.52416,20,0.7152
"WR1.7",32.59773,-85.52406,21,0.7387
"WR1.7",32.59778,-85.52433,22,0.7548
"WR1.7",32.59778,-85.52452,23,0.7659
"WR1.7",32.59768,-85.52513,24,0.8021
"WR1.7",32.59751,-85.52605,25,0.8570
"WR1.7",32.59738,-85.52667,26,0.8942
"WR1.7",32.59692,-85.52846,27,1.0033
"WR1.7",32.59685,-85.52875,28,1.0209
"WR1.7",32.59895,-85.52948,29,1.1722
"WR1.7",32.59921,-85.52957,30,1.1910
"WR1.7",32.59935,-85.52952,31,1.2011
"WR1.7",32.59951,-85.52957,32,1.2125
"WR1.7",32.59949,-85.52968,33,1.2191
"WR1.7",32.59939,-85.52973,34,1.2266
"WR1.7",32.59932,-85.52965,35,1.2333
"WR1.7",32.5979,-85.52911,36,1.3365
"WR1.7",32.59916,-85.52955,37,1.4273
"WR1.7",32.59891,-85.52947,38,1.4452
"WR1.7",32.59871,-85.52939,39,1.4598
"WR1.7",32.59843,-85.5293,40,1.4799
"WR1.7",32.59788,-85.5291,41,1.5197
"WR1.7",32.5973,-85.52891,42,1.5613
"WR1.7",32.59685,-85.52875,43,1.5938
"WR1.7",32.59699,-85.52818,44,1.6284
"WR1.7",32.59721,-85.5273,45,1.6819
"WR1.7",32.59743,-85.52641,46,1.7359
"WR1.7",32.59756,-85.52577,47,1.7743
"WR1.7",32.59769,-85.52508,48,1.8155
"WR1.7",32.59778,-85.52452,49,1.8487
"WR1.7",32.59778,-85.52433,50,1.8598
"WR1.7",32.59776,-85.52419,51,1.8681
"WR1.7",32.59773,-85.52406,52,1.8759
"WR1.7",32.59729,-85.52418,53,1.9071
"WR1.7",32.597,-85.52423,54,1.9274
"WR1.7",32.59687,-85.52423,55,1.9364
"WR1.7",32.59604,-85.52424,56,1.9938
"WR1.7",32.5952,-85.52424,57,2.0519
"WR1.7",32.59441,-85.52422,58,2.1066
"WR1.7",32.59431,-85.5242,59,2.1136
"WR1.7",32.59392,-85.52414,60,2.1408
"WR1.7",32.59343,-85.52399,61,2.1758
"WR1.7",32.59298,-85.52378,62,2.2092
"WR1.7",32.59253,-85.52351,63,2.2441
"WR1.7",32.59163,-85.52294,64,2.3147
"WR1.7",32.59121,-85.52271,65,2.3467
"WR1.7",32.59068,-85.52247,66,2.3859
"WR1.7",32.5896,-85.5221,67,2.4637
"WR1.7",32.58851,-85.52176,68,2.5416
"WR1.7",32.58785,-85.5215,69,2.5897
"WR1.7",32.58771,-85.52143,70,2.6002
"WR1.7",32.58746,-85.52127,71,2.6199
"WR1.7",32.58736227680928,-85.52120019772092,72,2.6278
"WR1.7",32.58725,-85.52112,73,2.6368
"WR1.7",32.58711,-85.52099,74,2.6491
"WR1.7",32.58672,-85.52058,75,2.6852
"WR1.7",32.5861,-85.5198,76,2.7477
"WR1.7",32.58548,-85.51904,77,2.8093
"WR1.7",32.58514,-85.51863,78,2.8429
"WR1.7",32.58484,-85.5183,79,2.8711
"WR1.7",32.58422,-85.51753,80,2.9332
"WR1.7",32.58408,-85.51735,81,2.9475
"WR1.7",32.58454,-85.51667,82,2.9983
"WR1.7",32.58506,-85.51588,83,3.0568
"WR1.7",32.58540790683088,-85.51539828284955,84,3.0937
"WR1.7",32.58558,-85.51516,85,3.1120
"WR1.7",32.58609,-85.51445,86,3.1664
"WR1.7",32.5866,-85.51373,87,3.2212
"WR1.7",32.58677972736407,-85.51347626725072,88,3.2405
"WR1.7",32.58711,-85.51301,89,3.2760
"WR1.7",32.58762,-85.51229,90,3.3309
"WR1.7",32.58813,-85.51157,91,3.3857
"WR1.7",32.58864,-85.51085,92,3.4405
"WR1.7",32.58894196257175,-85.51043881692357,93,3.4723
"WR1.7",32.58911,-85.51021,94,3.4900
"WR1.7",32.58938,-85.50985,95,3.5181
"WR1.7",32.59002,-85.50903,96,3.5832
"WR1.7",32.59075,-85.50816,97,3.6548
"WR1.7",32.59148,-85.50728,98,3.7267
"WR1.7",32.59181,-85.50685,99,3.7606
"WR1.7",32.59201,-85.50652,100,3.7843
"WR1.7",32.59214,-85.50626,101,3.8019
"WR1.7",32.59245,-85.50557,102,3.8475
"WR1.7",32.59302,-85.5044,103,3.9263
"WR1.7",32.59327,-85.50396,104,3.9572
"WR1.7",32.59354,-85.50356,105,3.9871
"WR1.7",32.59389,-85.50311,106,4.0228
"WR1.7",32.59488,-85.50195,107,4.1190
"WR1.7",32.59619,-85.50042,108,4.2461
"WR1.7",32.59646,-85.50006,109,4.2742
"WR1.7",32.59605,-85.49958,110,4.3140
"WR1.7",32.59514,-85.49934,111,4.3785
"WR1.7",32.59452,-85.49931,112,4.4214
"WR1.7",32.59394,-85.49905,113,4.4643
"WR1.7",32.59368,-85.49881,114,4.4871
"WR1.7",32.59336,-85.49838,115,4.5205
"WR1.7",32.59317,-85.49805,116,4.5438
"WR1.7",32.59301,-85.49766,117,4.5691
"WR1.7",32.59292,-85.49675,118,4.6225
"WR1.7",32.59279,-85.49564,119,4.6878
"WR1.7",32.59266,-85.49433,120,4.7647
"WR1.7",32.59254,-85.49287,121,4.8502
"WR1.7",32.59247,-85.49208,122,4.8965
"WR1.7",32.59238,-85.49096,123,4.9621
"WR1.7",32.59233,-85.49032,124,4.9995
"WR1.7",32.59271,-85.49031,125,5.0258
"WR1.7",32.59346,-85.49034,126,5.0777
"WR1.7",32.59421,-85.49031,127,5.1296
"WR1.7",32.59504,-85.49025,128,5.1871
"WR1.7",32.5956,-85.49021,129,5.2259
"WR1.7",32.59621,-85.4902,130,5.2681
"WR1.7",32.59742,-85.49038,131,5.3525
"WR1.7",32.59785,-85.49042,132,5.3823
"WR1.7",32.60062,-85.49046,133,5.5739
"WR1.7",32.60105,-85.49046,134,5.6037
"WR1.7",32.60099,-85.48953,135,5.6580
"WR1.7",32.60101,-85.48896,136,5.6913
"WR1.7",32.60106,-85.48864,137,5.7102
"WR1.7",32.60116,-85.48836,138,5.7280
"WR1.7",32.6013,-85.48814,139,5.7440
"WR1.7",32.60146,-85.48799,140,5.7581
"WR1.7",32.60161,-85.48787,141,5.7706
"WR1.7",32.60184,-85.48774,142,5.7883
"WR3.730",32.59935,-85.52952,1,0.0000
"WR3.730",32.59951,-85.52957,2,0.0114
"WR3.730",32.59949,-85.52968,3,0.0180
"WR3.730",32.59939,-85.52973,4,0.0255
"WR3.730",32.59932,-85.52965,5,0.0322
"WR3.730",32.5979,-85.52911,6,0.1354
"WR3.730",32.59916,-85.52955,7,0.2262
"WR3.730",32.59891,-85.52947,8,0.2441
"WR3.730",32.59871,-85.52939,9,0.2587
"WR3.730",32.59843,-85.5293,10,0.2788
"WR3.730",32.59788,-85.5291,11,0.3186
"WR3.730",32.5973,-85.52891,12,0.3602
"WR3.730",32.59685,-85.52875,13,0.3927
"WR3.730",32.59699,-85.52818,14,0.4273
"WR3.730",32.59721,-85.5273,15,0.4808
"WR3.730",32.59743,-85.52641,16,0.5348
"WR3.730",32.59756,-85.52577,17,0.5732
"WR3.730",32.59769,-85.52508,18,0.6144
"WR3.730",32.59778,-85.52452,19,0.6476
"WR3.730",32.59778,-85.52433,20,0.6587
"WR3.730",32.59776,-85.52419,21,0.6670
"WR3.730",32.59773,-85.52406,22,0.6748
"WR3.730",32.59729,-85.52418,23,0.7061
"WR3.730",32.597,-85.52423,24,0.7263
"WR3.730",32.59687,-85.52423,25,0.7353
"WR3.730",32.59604,-85.52424,26,0.7927
"WR3.730",32.5952,-85.52424,27,0.8508
"WR3.730",32.59441,-85.52422,28,0.9055
"WR3.730",32.59431,-85.5242,29,0.9125
"WR3.730",32.59392,-85.52414,30,0.9397
"WR3.730",32.59343,-85.52399,31,0.9747
"WR3.730",32.59298,-85.52378,32,1.0082
"WR3.730",32.59253,-85.52351,33,1.0430
"WR3.730",32.59163,-85.52294,34,1.1136
"WR3.730",32.59121,-85.52271,35,1.1456
"WR3.730",32.59068,-85.52247,36,1.1848
"WR3.730",32.5896,-85.5221,37,1.2626
"WR3.730",32.58851,-85.52176,38,1.3405
"WR3.730",32.58785,-85.5215,39,1.3886
"WR3.730",32.58771,-85.52143,40,1.3992
"WR3.730",32.58747,-85.52127,41,1.4182
"WR3.730",32.58736308614411,-85.52119710418916,42,1.4267
"WR3.730",32.58725,-85.52112,43,1.4357
"WR3.730",32.58711,-85.52099,44,1.4480
"WR3.730",32.58672,-85.52058,45,1.4841
"WR3.730",32.5861,-85.5198,46,1.5466
"WR3.730",32.58548,-85.51904,47,1.6082
"WR3.730",32.58514,-85.51863,48,1.6418
"WR3.730",32.58484,-85.5183,49,1.6700
"WR3.730",32.58422,-85.51753,50,1.7321
"WR3.730",32.58408,-85.51735,51,1.7464
"WR3.730",32.58454,-85.51667,52,1.7972
"WR3.730",32.58506,-85.51588,53,1.8557
"WR3.730",32.58540790683088,-85.51539828284955,54,1.8926
"WR3.730",32.58558,-85.51516,55,1.9109
"WR3.730",32.58609,-85.51445,56,1.9653
"WR3.730",32.5866,-85.51373,57,2.0201
"WR3.730",32.58677972736407,-85.51347626725072,58,2.0394
"WR3.730",32.58711,-85.51301,59,2.0749
"WR3.730",32.58762,-85.51229,60,2.1298
"WR3.730",32.58813,-85.51157,61,2.1846
"WR3.730",32.58864,-85.51085,62,2.2394
"WR3.730",32.58894196257175,-85.51043881692357,63,2.2712
"WR3.730",32.58911,-85.51021,64,2.2889
"WR3.730",32.58938,-85.50985,65,2.3170
"WR3.730",32.59002,-85.50903,66,2.3821
"WR3.730",32.59075,-85.50816,67,2.4537
"WR3.730",32.59148,-85.50728,68,2.5256
"WR3.730",32.59181,-85.50685,69,2.5595
"WR3.730",32.59201,-85.50652,70,2.5832
"WR3.730",32.59214,-85.50626,71,2.6008
"WR3.730",32.59245,-85.50557,72,2.6464
"WR3.730",32.59302,-85.5044,73,2.7252
"WR3.730",32.59332,-85.50388,74,2.7619
"WR3.730",32.59354,-85.50356,75,2.7860
"WR3.730",32.59389,-85.50311,76,2.8217
"WR3.730",32.59511,-85.50168,77,2.9403
"WR3.730",32.59643,-85.50013,78,3.0687
"WR3.730",32.59609,-85.49966,79,3.1048
"WR3.730",32.59592,-85.49951,80,3.1195
"WR3.730",32.59574,-85.49942,81,3.1330
"WR3.730",32.59556,-85.49937,82,3.1458
"WR3.730",32.59471,-85.49931,83,3.2047
"WR3.730",32.59441,-85.49927,84,3.2255
"WR3.730",32.59428,-85.49923,85,3.2348
"WR3.730",32.59409,-85.49913,86,3.2492
"WR3.730",32.59387,-85.49899,87,3.2665
"WR3.730",32.59366,-85.49878,88,3.2855
"WR3.730",32.59356,-85.49867,89,3.2949
"WR3.730",32.59336,-85.49836,90,3.3177
"WR3.730",32.59308,-85.49786,91,3.3526
"WR3.730",32.59304,-85.49771,92,3.3618
"WR3.730",32.59299,-85.4975,93,3.3745
"WR3.730",32.59281,-85.49578,94,3.4755
"WR3.730",32.59265,-85.4942,95,3.5683
"WR3.730",32.59255,-85.49288,96,3.6455
"WR3.730",32.59233,-85.49031,97,3.7961
"WR3.730",32.59299,-85.49034,98,3.8417
"WR3.730",32.59332,-85.49034,99,3.8646
"WR3.730",32.59395,-85.49032,100,3.9082
"WR3.730",32.59453,-85.4903,101,3.9483
"WR3.730",32.59548,-85.49021,102,4.0142
"WR3.730",32.59595,-85.4902,103,4.0467
"WR3.730",32.59653,-85.49023,104,4.0869
"WR3.730",32.59763,-85.4904,105,4.1636
"WR3.730",32.59785,-85.49042,106,4.1789
"WR3.730",32.59826,-85.49043,107,4.2073
"WR3.730",32.60059,-85.49046,108,4.3684
"WR3.730",32.60106,-85.49046,109,4.4009
"WR3.730",32.601,-85.48977,110,4.4414
"WR3.730",32.60098,-85.4894,111,4.4630
"WR3.730",32.60101,-85.48896,112,4.4887
"WR3.730",32.60106,-85.48864,113,4.5077
"WR3.730",32.60111,-85.48848,114,4.5176
"WR3.730",32.60116,-85.48836,115,4.5254
"WR3.730",32.60126,-85.4882,116,4.5370
"WR3.730",32.60146,-85.48799,117,4.5555
"WR3.730",32.60161,-85.48787,118,4.5680
"WR3.730",32.60186,-85.48773,119,4.5871
"WG3.730",32.60805,-85.49895,1,0.0000
"WG3.730",32.60861,-85.49894,2,0.0387
"WG3.730",32.60888,-85.49893,3,0.0574
"WG3.730",32.6091,-85.49895,4,0.0727
"WG3.730",32.60913,-85.49823,5,0.1147
"WG3.730",32.60915,-85.49771,6,0.1450
"WG3.730",32.60916,-85.49718,7,0.1759
"WG3.730",32.60915,-85.49636,8,0.2237
"WG3.730",32.60914618934597,-85.49588747890041,9,0.2512
"WG3.730",32.60914,-85.49512,10,0.2959
"WG3.730",32.60913,-85.49427,11,0.3455
"WG3.730",32.60911,-85.49297,12,0.4212
"WG3.730",32.60908499288388,-85.49209475093573,13,0.4723
"WG3.730",32.60907,-85.49157,14,0.5029
"WG3.730",32.60906,-85.4903,15,0.5769
"WG3.730",32.60837,-85.49027,16,0.6246
"WG3.730",32.60748,-85.49037,17,0.6865
"WG3.730",32.60572,-85.49038,18,0.8082
"WG3.730",32.60543,-85.49041,19,0.8283
"WG3.730",32.6051,-85.49042,20,0.8512
"WG3.730",32.60318,-85.4904,21,0.9840
"WG3.730",32.6014,-85.49046,22,1.1072
"WG3.730",32.60105,-85.49046,23,1.1314
"WG3.730",32.60097,-85.48939,24,1.1940
"WG3.730",32.60104,-85.48867,25,1.2362
"WG3.730",32.6011,-85.48845,26,1.2497
"WG3.730",32.60121,-85.48823,27,1.2646
"WG3.730",32.60136,-85.48805,28,1.2793
"WG3.730",32.60155,-85.48791,29,1.2948
"WG3.730",32.60179,-85.48776,30,1.3136
"WG3.730",32.60205,-85.48766,31,1.3325
"WG3.730",32.60224,-85.48761,32,1.3459
"WG3.730",32.60242,-85.48759,33,1.3584
"SA1",32.60114,-85.48839,1,0.0000
"SA1",32.60126,-85.4882,2,0.0138
"SA1",32.60134,-85.4881,3,0.0219
"SA1",32.60161,-85.48787,4,0.0449
"SA1",32.60184,-85.48774,5,0.0625
"SA1",32.60202,-85.48766,6,0.0758
"SA1",32.60229,-85.4876,7,0.0948
"SA1",32.6026,-85.48759,8,0.1162
"SA1",32.60284,-85.48765,9,0.1332
"SA1",32.60301,-85.48775,10,0.1463
"SA1",32.60324,-85.48795,11,0.1660
"SA1",32.60347,-85.48832,12,0.1928
"SA1",32.60357,-85.48854,13,0.2074
"SA1",32.60362,-85.48891,14,0.2292
"SA1",32.60359,-85.48918,15,0.2451
"SA1",32.60354,-85.48936,16,0.2561
"SA1",32.60328,-85.4899,17,0.2924
"SA1",32.6032,-85.49012,18,0.3064
"SA1",32.60317,-85.49042,19,0.3240
"SA1",32.60145,-85.49047,20,0.4430
"SA1",32.60044,-85.49046,21,0.5128
"SA1",32.59904412922654,-85.49043885044283,22,0.6094
"SA1",32.5978,-85.49042,23,0.6955
"SA1",32.59742,-85.49038,24,0.7218
"SA1",32.59653,-85.49023,25,0.7840
"SA1",32.59587,-85.4902,26,0.8297
"SA1",32.59548,-85.49021,27,0.8567
"SA1",32.59512,-85.49024,28,0.8817
"SA1",32.59453,-85.4903,29,0.9226
"SA1",32.59359,-85.49034,30,0.9877
"SA1",32.59311,-85.49034,31,1.0209
"SA1",32.5923,-85.49031,32,1.0769
"SA1",32.59127,-85.49023,33,1.1483
"SA1",32.5895,-85.49019,34,1.2708
"SA1",32.58752,-85.49013,35,1.4078
"SA1",32.58693,-85.49011,36,1.4486
"SA1",32.58669,-85.49008,37,1.4653
"SA1",32.58644,-85.49003,38,1.4828
"SA1",32.58624,-85.48996,39,1.4973
"SA1",32.5858,-85.48976,40,1.5299
"SA1",32.58553,-85.48958,41,1.5513
"SA1",32.58505,-85.48923,42,1.5903
"SA1",32.58482,-85.48925,43,1.6062
"SA1",32.58458,-85.48937,44,1.6242
"SA1",32.58446,-85.48958,45,1.6390
"SA1",32.58287,-85.49232,46,1.8329
"SA1",32.58194,-85.49381,47,1.9410
"SA1",32.58141,-85.49455,48,1.9976
"SA1",32.58114,-85.4949,49,2.0252
"SA1",32.58078,-85.4953,50,2.0594
"SA1",32.58049,-85.49561,51,2.0864
"SA1",32.58001,-85.49608,52,2.1294
"SA1",32.57917,-85.49682,53,2.2018
"SA1",32.57883,-85.49708,54,2.2297
"SA1",32.57815,-85.49754,55,2.2839
"SA1",32.57767,-85.49781,56,2.3206
"SA1",32.57706,-85.49813,57,2.3668
"SA1",32.57675,-85.49826,58,2.3895
"SA1",32.57633,-85.49843,59,2.4202
"SA1",32.57492,-85.49885,60,2.5208
"SA1",32.57418,-85.49906,61,2.5734
"SA1",32.57401,-85.49915,62,2.5863
"SA1",32.57324,-85.49939,63,2.6413
"SA1",32.57316,-85.4995,64,2.6498
"SA1",32.57309,-85.49967,65,2.6608
"SA1",32.57306,-85.49978,66,2.6676
"SA1",32.57308,-85.49989,67,2.6741
"SA1",32.57328,-85.50087,68,2.7329
"SA1",32.57339,-85.50113,69,2.7499
"SA1",32.57355,-85.50146,70,2.7721
"SA1",32.57391,-85.50219,71,2.8214
"SA1",32.57396,-85.50229,72,2.8281
"SA1",32.57426,-85.50266,73,2.8581
"SA1",32.57432,-85.50276,74,2.8652
"SA1",32.57441,-85.50298,75,2.8795
"SA1",32.57445,-85.50312,76,2.8881
"SA1",32.57448,-85.5034,77,2.9045
"SA1",32.57444,-85.50383,78,2.9298
"SA1",32.57436,-85.50432,79,2.9589
"SA1",32.57432,-85.50444,80,2.9664
"SA1",32.57423,-85.50463,81,2.9791
"SA1",32.57413,-85.50479,82,2.9907
"SA1",32.57392,-85.505,83,3.0097
"SA1",32.57373,-85.50511,84,3.0243
"SA1",32.57335,-85.50529,85,3.0526
"SA1",32.57318,-85.50542,86,3.0666
"SA1",32.57296,-85.50568,87,3.0881
"SA1",32.5729,-85.50582,88,3.0972
"SA1",32.57279,-85.5061,89,3.1152
"SA1",32.57275,-85.50636,90,3.1306
"SA1",32.57275,-85.50707,91,3.1720
"SA1",32.57275,-85.50724,92,3.1819
"SA1",32.57278,-85.50748,93,3.1961
"SA1",32.57297,-85.50809,94,3.2340
"SA1",32.57301,-85.50829,95,3.2460
"SA1",32.57302,-85.50873,96,3.2716
"SA1",32.573,-85.51054,97,3.3771
"SA1",32.57299,-85.51076,98,3.3900
"SA1",32.57295,-85.51108,99,3.4088
"SA1",32.57274,-85.51208,100,3.4689
"SA1",32.5724,-85.51361,101,3.5612
"SA1",32.57205,-85.51522,102,3.6581
"SA1",32.57198,-85.51545,103,3.6723
"SA1",32.5719,-85.51565,104,3.6852
"SA1",32.57166,-85.51606,105,3.7143
"SA1",32.57176,-85.51619,106,3.7246
"SA1",32.57207,-85.51651,107,3.7530
"SA1",32.57236,-85.51677,108,3.7782
"SA1",32.57251,-85.51695,109,3.7929
"SA1",32.57266,-85.5171,110,3.8065
"SA1",32.57281,-85.51724,111,3.8197
"SA1",32.57297,-85.51736,112,3.8328
"SA1",32.57318,-85.51742,113,3.8477
"SA1",32.57358,-85.51744,114,3.8754
"SA1",32.57393,-85.51745,115,3.8996
"SA1",32.5742,-85.51746,116,3.9183
"SA1",32.57438,-85.51747,117,3.9308
"SA1",32.57437,-85.51793,118,3.9576
"SA1",32.57435,-85.51822,119,3.9746
"SA1",32.57393,-85.51828,120,4.0038
"SA1",32.57323,-85.51825,121,4.0523
"SA1",32.57272,-85.51823,122,4.0876
"SA1",32.57232,-85.51821,123,4.1153
"SA1",32.57193,-85.51819,124,4.1423
"SA1",32.57175,-85.51815,125,4.1549
"SA1",32.57167,-85.51808,126,4.1618
"SA1",32.57161,-85.51797,127,4.1694
"SA1",32.57144,-85.51758,128,4.1950
"SA1",32.57166,-85.51744,129,4.2123
"SA1",32.57188,-85.51727,130,4.2305
"SA1",32.57204,-85.51712,131,4.2446
"SA1",32.57235,-85.51677,132,4.2742
"SA1",32.57183,-85.51627,133,4.3205
"SA1",32.57166,-85.51606,134,4.3374
"SA1",32.5719,-85.51565,135,4.3665
"SA1",32.57198,-85.51545,136,4.3794
"SA1",32.57213,-85.51486,137,4.4154
"SA1",32.57243,-85.51346,138,4.4996
"SA1",32.57258196098474,-85.51277834643986,139,4.5407
"SA1",32.57278,-85.51189,140,4.5942
"SA1",32.57297,-85.51095,141,4.6506
"SA1",32.573,-85.51029,142,4.6891
"SA1",32.57302,-85.50875,143,4.7789
"SA1",32.57302,-85.50839,144,4.7999
"SA1",32.57298,-85.50815,145,4.8141
"SA1",32.57277,-85.50744,146,4.8580
"SA1",32.57275,-85.50724,147,4.8697
"SA1",32.57275,-85.50636,148,4.9210
"SA1",32.57279,-85.5061,149,4.9364
"SA1",32.57291,-85.5058,150,4.9558
"SA1",32.57296,-85.50568,151,4.9636
"SA1",32.5731,-85.5055,152,4.9779
"SA1",32.57327,-85.50534,153,4.9929
"SA1",32.57335,-85.50529,154,4.9991
"SA1",32.57386,-85.50504,155,5.0373
"SA1",32.57398,-85.50495,156,5.0471
"SA1",32.57413,-85.50479,157,5.0611
"SA1",32.57432,-85.50444,158,5.0853
"SA1",32.5744,-85.50415,159,5.1031
"SA1",32.57446,-85.50367,160,5.1314
"SA1",32.57448,-85.5034,161,5.1472
"SA1",32.57445,-85.50312,162,5.1637
"SA1",32.57439,-85.50293,163,5.1755
"SA1",32.57428,-85.5027,164,5.1909
"SA1",32.57413,-85.5025,165,5.2065
"SA1",32.57386,-85.50273,166,5.2295
"SA1",32.57365,-85.50284,167,5.2454
"SA1",32.57354,-85.50285,168,5.2530
"SA1",32.57345,-85.50283,169,5.2593
"SA1",32.57317,-85.50282,170,5.2787
"SA1",32.573,-85.50281,171,5.2905
"SA1",32.57289,-85.50283,172,5.2982
"SA1",32.57278,-85.50295,173,5.3085
"SA1",32.57271,-85.50309,174,5.3180
"SA1",32.57275,-85.50351,175,5.3427
"SA1",32.57267,-85.50372,176,5.3561
"SA1",32.57163,-85.50438,177,5.4377
"SA1",32.57151,-85.5038,178,5.4725
"SA1",32.5714594007934,-85.50354194404633,179,5.4879
"SA1",32.57141,-85.50329,180,5.5030
"SA1",32.5714,-85.5031,181,5.5141
"SA1",32.57151,-85.50275,182,5.5359
"SA1",32.57163,-85.50242,183,5.5568
"SA1",32.57188,-85.5017,184,5.6022
"SA1",32.5718,-85.5012,185,5.6319
"SA1",32.57174,-85.50088,186,5.6510
"SA1",32.57244,-85.50077,187,5.6998
"SA1",32.57281,-85.50069,188,5.7259
"SA1",32.5731,-85.50059,189,5.7467
"SA1",32.57322,-85.50055,190,5.7554
"SA1",32.57311,-85.50001,191,5.7877
"SA1",32.57296,-85.49934,192,5.8282
"SA1",32.57399,-85.49905,193,5.9014
"SA1",32.57412,-85.49903,194,5.9104
"SA1",32.57518,-85.49877,195,5.9853
"SA1",32.57633,-85.49843,196,6.0673
"SA1",32.57672,-85.49827,197,6.0958
"SA1",32.57706,-85.49813,198,6.1207
"SA1",32.57767,-85.49781,199,6.1669
"SA1",32.57826,-85.49747,200,6.2122
"SA1",32.57883,-85.49708,201,6.2577
"SA1",32.57917,-85.49682,202,6.2857
"SA1",32.57972,-85.49635,203,6.3326
"SA1",32.58049,-85.49561,204,6.4011
"SA1",32.58097,-85.49509,205,6.4461
"SA1",32.58114,-85.4949,206,6.4622
"SA1",32.58171,-85.49415,207,6.5211
"SA1",32.58215,-85.49348,208,6.5706
"SA1",32.58272,-85.49257,209,6.6367
"SA1",32.58344,-85.49134,210,6.7240
"SA1",32.5842,-85.49005,211,6.8157
"SA1",32.58477,-85.48901,212,6.8881
"SA1",32.58493,-85.48913,213,6.9011
"SA1",32.58567,-85.48968,214,6.9615
"SA1",32.58606,-85.48988,215,6.9909
"SA1",32.58644,-85.49003,216,7.0186
"SA1",32.58675,-85.49009,217,7.0404
"SA1",32.58783,-85.49014,218,7.1151
"SA1",32.58926,-85.49018,219,7.2141
"SA1",32.59068,-85.49022,220,7.3123
"SA1",32.59127,-85.49023,221,7.3531
"SA1",32.59211,-85.49029,222,7.4113
"SA1",32.59233,-85.49031,223,7.4266
"SA1",32.59311,-85.49034,224,7.4806
"SA1",32.59353,-85.49034,225,7.5096
"SA1",32.59453,-85.4903,226,7.5788
"SA1",32.59502,-85.49025,227,7.6129
"SA1",32.59548,-85.49021,228,7.6448
"SA1",32.59587,-85.4902,229,7.6717
"SA1",32.59659,-85.49024,230,7.7216
"SA1",32.59763,-85.4904,231,7.7941
"SA1",32.5981,-85.49043,232,7.8267
"SA1",32.59957,-85.49045,233,7.9284
"SA1",32.60105,-85.49046,234,8.0308
"SA1",32.60098,-85.4894,235,8.0927
"SA1",32.60101,-85.48896,236,8.1184
"SA1",32.60104,-85.48876,237,8.1303
"SA1",32.60106,-85.48864,238,8.1374
"SA1",32.60114,-85.4884,239,8.1524
"SA1.7",32.57171,-85.51613,1,0.0000
"SA1.7",32.571761042578956,-85.51600105032686,2,0.0083
"SA1.7",32.5719,-85.51565,3,0.0309
"SA1.7",32.57198,-85.51545,4,0.0438
"SA1.7",32.57213,-85.51486,5,0.0797
"SA1.7",32.57243,-85.51346,6,0.1639
"SA1.7",32.57258196098474,-85.51277834643986,7,0.2050
"SA1.7",32.57278,-85.51189,8,0.2586
"SA1.7",32.57297,-85.51095,9,0.3150
"SA1.7",32.573,-85.51029,10,0.3535
"SA1.7",32.57302,-85.50875,11,0.4433
"SA1.7",32.57302,-85.50839,12,0.4642
"SA1.7",32.57298,-85.50815,13,0.4785
"SA1.7",32.57277,-85.50744,14,0.5224
"SA1.7",32.57275,-85.50724,15,0.5341
"SA1.7",32.57275,-85.50636,16,0.5854
"SA1.7",32.57279,-85.5061,17,0.6008
"SA1.7",32.57291,-85.5058,18,0.6202
"SA1.7",32.57296,-85.50568,19,0.6280
"SA1.7",32.5731,-85.5055,20,0.6422
"SA1.7",32.57327,-85.50534,21,0.6573
"SA1.7",32.57335,-85.50529,22,0.6635
"SA1.7",32.57386,-85.50504,23,0.7017
"SA1.7",32.57398,-85.50495,24,0.7115
"SA1.7",32.57413,-85.50479,25,0.7255
"SA1.7",32.57432,-85.50444,26,0.7497
"SA1.7",32.5744,-85.50415,27,0.7675
"SA1.7",32.57446,-85.50367,28,0.7958
"SA1.7",32.57448,-85.5034,29,0.8116
"SA1.7",32.57445,-85.50312,30,0.8280
"SA1.7",32.57439,-85.50293,31,0.8399
"SA1.7",32.57416,-85.50247,32,0.8710
"SA1.7",32.57428,-85.5027,33,0.8868
"SA1.7",32.57413,-85.5025,34,0.9024
"SA1.7",32.57386,-85.50273,35,0.9254
"SA1.7",32.57365,-85.50284,36,0.9413
"SA1.7",32.57354,-85.50285,37,0.9489
"SA1.7",32.57345,-85.50283,38,0.9553
"SA1.7",32.57317,-85.50282,39,0.9746
"SA1.7",32.573,-85.50281,40,0.9864
"SA1.7",32.57289,-85.50283,41,0.9941
"SA1.7",32.57278,-85.50295,42,1.0044
"SA1.7",32.57271,-85.50309,43,1.0139
"SA1.7",32.57275,-85.50351,44,1.0386
"SA1.7",32.57267,-85.50372,45,1.0520
"SA1.7",32.57163,-85.50438,46,1.1336
"SA1.7",32.57151,-85.5038,47,1.1684
"SA1.7",32.5714594007934,-85.50354194404633,48,1.1838
"SA1.7",32.57141,-85.50329,49,1.1989
"SA1.7",32.5714,-85.5031,50,1.2100
"SA1.7",32.57151,-85.50275,51,1.2318
"SA1.7",32.57163,-85.50242,52,1.2527
"SA1.7",32.57188,-85.5017,53,1.2981
"SA1.7",32.5718,-85.5012,54,1.3278
"SA1.7",32.57174,-85.50088,55,1.3469
"SA1.7",32.57244,-85.50077,56,1.3957
"SA1.7",32.57281,-85.50069,57,1.4218
"SA1.7",32.5731,-85.50059,58,1.4427
"SA1.7",32.57322,-85.50055,59,1.4513
"SA1.7",32.57315,-85.50022,60,1.4711
"SA1.7",32.57296,-85.49933,61,1.5246
"SA1.7",32.57314,-85.49928,62,1.5374
"SA1.7",32.574,-85.49905,63,1.5984
"SA1.7",32.57412,-85.49903,64,1.6068
"SA1.7",32.57459,-85.49894,65,1.6397
"SA1.7",32.57616,-85.49848,66,1.7516
"SA1.7",32.57661,-85.49832,67,1.7841
"SA1.7",32.57706,-85.49813,68,1.8171
"SA1.7",32.57767,-85.49781,69,1.8632
"SA1.7",32.57822,-85.49749,70,1.9056
"SA1.7",32.57883,-85.49708,71,1.9541
"SA1.7",32.57917,-85.49682,72,1.9821
"SA1.7",32.5797,-85.49636,73,2.0275
"SA1.7",32.58021,-85.49589,74,2.0722
"SA1.7",32.58049,-85.49561,75,2.0975
"SA1.7",32.58114,-85.4949,76,2.1586
"SA1.7",32.58124,-85.49478,77,2.1684
"SA1.7",32.58171,-85.49415,78,2.2175
"SA1.7",32.58223,-85.49336,79,2.2759
"SA1.7",32.58272,-85.49257,80,2.3331
"SA1.7",32.58316,-85.49183,81,2.3859
"SA1.7",32.58406,-85.49029,82,2.4951
"SA1.7",32.58477,-85.48901,83,2.5844
"SA1.7",32.58527,-85.4894,84,2.6258
"SA1.7",32.58567,-85.48968,85,2.6579
"SA1.7",32.58592,-85.48982,86,2.6770
"SA1.7",32.58644,-85.49003,87,2.7150
"SA1.7",32.58668,-85.49008,88,2.7319
"SA1.7",32.58693,-85.49011,89,2.7493
"SA1.7",32.58824,-85.49015,90,2.8399
"SA1.7",32.58987,-85.4902,91,2.9527
"SA1.7",32.59127,-85.49023,92,3.0495
"SA1.7",32.59154,-85.49025,93,3.0683
"SA1.7",32.59233,-85.49031,94,3.1230
"SA1.7",32.59321,-85.49034,95,3.1839
"SA1.7",32.59395,-85.49032,96,3.2351
"SA1.7",32.5949,-85.49026,97,3.3009
"SA1.7",32.59548,-85.49021,98,3.3411
"SA1.7",32.59587,-85.4902,99,3.3681
"SA1.7",32.5966,-85.49025,100,3.4187
"SA1.7",32.59763,-85.4904,101,3.4905
"SA1.7",32.59785,-85.49042,102,3.5057
"SA1.7",32.5986,-85.49043,103,3.5576
"SA1.7",32.60092,-85.49046,104,3.7181
"SA1.7",32.60105,-85.49046,105,3.7271
"SA1.7",32.60098,-85.4894,106,3.7891
"SA1.7",32.601,-85.48907,107,3.8083
"SA1.7",32.60106,-85.48864,108,3.8337
"SA1.7",32.60114,-85.4884,109,3.8488
"FVCOM 1st half",32.58892,-85.49385,1,0.0000
"FVCOM 1st half",32.5891,-85.49409,2,0.0187
"FVCOM 1st half",32.58928,-85.49425,3,0.0343
"FVCOM 1st half",32.58952,-85.49439,4,0.0528
"FVCOM 1st half",32.58972,-85.49447,5,0.0674
"FVCOM 1st half",32.59025,-85.49451,6,0.1041
"FVCOM 1st half",32.59064,-85.4945,7,0.1311
"FVCOM 1st half",32.59099,-85.49456,8,0.1556
"FVCOM 1st half",32.59137,-85.49463,9,0.1822
"FVCOM 1st half",32.59173,-85.49465,10,0.2071
"FVCOM 1st half",32.59259,-85.49454,11,0.2669
"FVCOM 1st half",32.59268,-85.49453,12,0.2732
"FVCOM 1st half",32.59271,-85.49486,13,0.2925
"FVCOM 1st half",32.59276,-85.49528,14,0.3172
"FVCOM 1st half",32.59299,-85.49747,15,0.4458
"FVCOM 1st half",32.59304,-85.49771,16,0.4603
"FVCOM 1st half",32.59308,-85.49786,17,0.4694
"FVCOM 1st half",32.59336,-85.49836,18,0.5044
"FVCOM 1st half",32.59351,-85.49859,19,0.5214
"FVCOM 1st half",32.5937,-85.49883,20,0.5406
"FVCOM 1st half",32.59387,-85.49899,21,0.5556
"FVCOM 1st half",32.59409,-85.49913,22,0.5728
"FVCOM 1st half",32.59428,-85.49923,23,0.5872
"FVCOM 1st half",32.59441,-85.49927,24,0.5965
"FVCOM 1st half",32.5947,-85.49931,25,0.6167
"FVCOM 1st half",32.59556,-85.49937,26,0.6763
"FVCOM 1st half",32.59574,-85.49942,27,0.6891
"FVCOM 1st half",32.59601,-85.49957,28,0.7097
"FVCOM 1st half",32.59628,-85.49988,29,0.7357
"FVCOM 1st half",32.59697,-85.5007,30,0.8032
"FVCOM 1st half",32.59734,-85.50111,31,0.8382
"FVCOM 1st half",32.59798,-85.50172,32,0.8950
"FVCOM 1st half",32.59829,-85.50196,33,0.9206
"FVCOM 1st half",32.59867,-85.50212,34,0.9485
"FVCOM 1st half",32.59897,-85.50221,35,0.9699
"FVCOM 1st half",32.59916,-85.50225,36,0.9832
"FVCOM 1st half",32.59938,-85.50228,37,0.9986
"FVCOM 1st half",32.59966,-85.50228,38,1.0179
"FVCOM 1st half",32.60032,-85.50224,39,1.0636
"FVCOM 1st half",32.60046,-85.5021,40,1.0763
"FVCOM 1st half",32.60058,-85.50192,41,1.0897
"FVCOM 1st half",32.60063,-85.50153,42,1.1127
"FVCOM 1st half",32.60067,-85.50141,43,1.1202
"FVCOM 1st half",32.60065,-85.50032,44,1.1837
"FVCOM 1st half",32.60061,-85.49986,45,1.2107
"FVCOM 1st half",32.60057,-85.49958,46,1.2272
"FVCOM 1st half",32.60047,-85.49916,47,1.2526
"FVCOM 1st half",32.60029,-85.49873,48,1.2806
"FVCOM 1st half",32.60046,-85.49863,49,1.2937
"FVCOM 1st half",32.60062,-85.49856,50,1.3055
"FVCOM 1st half",32.60082,-85.49853,51,1.3195
"FVCOM 1st half",32.60195676538687,-85.49876090546921,52,1.3993
"FVCOM 1st half",32.6021,-85.49879,53,1.4093
"FVCOM 1st half",32.60301,-85.4989,54,1.4726
"FVCOM 1st half",32.60398,-85.49895,55,1.5397
"FVCOM 1st half",32.60399,-85.49835,56,1.5747
"FVCOM 1st half",32.604,-85.49709,57,1.6481
"FVCOM 1st half",32.60401,-85.4964,58,1.6883
"FVCOM 1st half",32.60404,-85.49589,59,1.7181
"FVCOM 1st half",32.60408,-85.49551,60,1.7405
"FVCOM 1st half",32.60437,-85.49554,61,1.7606
"FVCOM 1st half",32.60457,-85.49552,62,1.7745
"FVCOM 1st half",32.60478,-85.49547,63,1.7893
"FVCOM 1st half",32.605,-85.49538,64,1.8054
"FVCOM 1st half",32.60502,-85.49523,65,1.8142
"FVCOM 1st half",32.60495,-85.49508,66,1.8242
"FVCOM 1st half",32.60489,-85.49486,67,1.8377
"FVCOM 1st half",32.60488,-85.49463,68,1.8511
"FVCOM 1st half",32.60488,-85.49419,69,1.8768
"FVCOM 1st half",32.60488719475931,-85.49400293625801,70,1.8877
"FVCOM 1st half",32.6049,-85.49367,71,1.9071
"FVCOM 1st half",32.60487,-85.49337,72,1.9247
"FVCOM 1st half",32.60487,-85.49278,73,1.9591
"FVCOM 1st half",32.60488,-85.49233,74,1.9853
"FVCOM 1st half",32.60488,-85.49218,75,1.9940
"FVCOM 1st half",32.60486,-85.49199,76,2.0052
"FVCOM 1st half",32.60485,-85.4916,77,2.0279
"FVCOM 1st half",32.60481,-85.49136,78,2.0422
"FVCOM 1st half",32.60482444798806,-85.49086154441207,79,2.0713
"FVCOM 1st half",32.60483,-85.49067,80,2.0824
"FVCOM 1st half",32.60483,-85.49042,81,2.0970
"FVCOM 1st half",32.60528,-85.4904,82,2.1281
"FVCOM 1st half",32.60575,-85.49038,83,2.1607
"FVCOM 1st half",32.6062,-85.49037,84,2.1918
"FVCOM 1st half",32.60635,-85.49039,85,2.2022
"FVCOM 1st half",32.60637,-85.491,86,2.2378
"FVCOM 1st half",32.60637,-85.49195,87,2.2932
"FVCOM 1st half",32.60636,-85.49276,88,2.3404
"FVCOM 1st half",32.60635,-85.49348,89,2.3823
"FVCOM 1st half",32.60627,-85.49393,90,2.4091
"FVCOM 1st half",32.60613,-85.49432,91,2.4338
"FVCOM 1st half",32.60597,-85.49456,92,2.4517
"FVCOM 1st half",32.60581,-85.49479,93,2.4690
"FVCOM 1st half",32.60564,-85.49496,94,2.4844
"FVCOM 1st half",32.60545,-85.4951,95,2.4999
"FVCOM 1st half",32.60508,-85.49534,96,2.5291
"FVCOM 1st half",32.60478,-85.49547,97,2.5511
"FVCOM 1st half",32.60457,-85.49552,98,2.5660
"FVCOM 1st half",32.60429,-85.49554,99,2.5854
"FVCOM 1st half",32.60408,-85.49551,100,2.6000
"FVCOM 1st half",32.60388,-85.49546,101,2.6141
"FVCOM 1st half",32.60373,-85.49542,102,2.6248
"FVCOM 1st half",32.60357,-85.49536,103,2.6364
"FVCOM 1st half",32.60336,-85.49522,104,2.6530
"FVCOM 1st half",32.60323,-85.49512,105,2.6637
"FVCOM 1st half",32.60283,-85.4948,106,2.6971
"FVCOM 1st half",32.60273,-85.49475,107,2.7046
"FVCOM 1st half",32.60257,-85.49472,108,2.7158
"FVCOM 1st half",32.60237,-85.49469,109,2.7298
"FVCOM 1st half",32.60228,-85.49471,110,2.7361
"FVCOM 1st half",32.60208,-85.49479,111,2.7507
"FVCOM 1st half",32.60184,-85.49496,112,2.7700
"FVCOM 1st half",32.60104,-85.49567,113,2.8391
"FVCOM 1st half",32.60024,-85.49637,114,2.9079
"FVCOM 1st half",32.59943,-85.49706,115,2.9768
"FVCOM 1st half",32.59917,-85.49728,116,2.9989
"FVCOM 1st half",32.59885,-85.49756,117,3.0264
"FVCOM 1st half",32.5985,-85.49793,118,3.0588
"FVCOM 1st half",32.59785,-85.49853,119,3.1158
"FVCOM 1st half",32.59752,-85.49889,120,3.1468
"FVCOM 1st half",32.59723,-85.4992,121,3.1738
"FVCOM 1st half",32.59678,-85.49973,122,3.2176
"FVCOM 1st half",32.59649,-85.50007,123,3.2458
"FVCOM 1st half",32.5962,-85.49976,124,3.2728
"FVCOM 1st half",32.5959,-85.49948,125,3.2992
"FVCOM 1st half",32.5958,-85.49942,126,3.3070
"FVCOM 1st half",32.59529,-85.49936,127,3.3424
"FVCOM 1st half",32.59489,-85.49934,128,3.3701
"FVCOM 1st half",32.59448,-85.49929,129,3.3986
"FVCOM 1st half",32.5943,-85.49924,130,3.4114
"FVCOM 1st half",32.59406,-85.49913,131,3.4292
"FVCOM 1st half",32.59378,-85.49889,132,3.4531
"FVCOM 1st half",32.59355,-85.49865,133,3.4743
"FVCOM 1st half",32.59335,-85.49833,134,3.4975
"FVCOM 1st half",32.5931,-85.4979,135,3.5280
"FVCOM 1st half",32.59296,-85.49717,136,3.5716
"FVCOM 1st half",32.59291,-85.49655,137,3.6079
"FVCOM 1st half",32.59282,-85.4958,138,3.6520
"FVCOM 1st half",32.59274,-85.49506,139,3.6955
"FVCOM 1st half",32.59267,-85.49454,140,3.7262
"FVCOM 1st half",32.5924,-85.49459,141,3.7451
"FVCOM 1st half",32.59202,-85.49463,142,3.7715
"FVCOM 1st half",32.59157,-85.49464,143,3.8026
"FVCOM 1st half",32.59119,-85.4946,144,3.8290
"FVCOM 1st half",32.59083,-85.49453,145,3.8542
"FVCOM 1st half",32.59031,-85.4945,146,3.8903
"FVCOM 1st half",32.58972,-85.49447,147,3.9311
"FVCOM 1st half",32.58934,-85.49427,148,3.9599
"FVCOM 1st half",32.58908,-85.49407,149,3.9813
"FVCOM 1st half",32.58905,-85.49393,150,3.9897
"FAM 1st half",32.60489,-85.49318,1,0.0000
"FAM 1st half",32.60486,-85.49226,2,0.0536
"FAM 1st half",32.60488,-85.49279,3,0.0846
"FAM 1st half",32.60488,-85.49193,4,0.1347
"FAM 1st half",32.60483,-85.49144,5,0.1634
"FAM 1st half",32.60482,-85.4913,6,0.1716
"FAM 1st half",32.60483,-85.49042,7,0.2229
"FAM 1st half",32.60512,-85.49043,8,0.2430
"FAM 1st half",32.60556,-85.4904,9,0.2735
"FAM 1st half",32.6058,-85.49037,10,0.2902
"FAM 1st half",32.60636,-85.49037,11,0.3289
"FAM 1st half",32.60646,-85.49039,12,0.3359
"FAM 1st half",32.60719,-85.49039,13,0.3864
"FAM 1st half",32.60778,-85.49035,14,0.4273
"FAM 1st half",32.60823,-85.49029,15,0.4586
"FAM 1st half",32.60854,-85.49027,16,0.4801
"FAM 1st half",32.61011,-85.49037,17,0.5888
"FAM 1st half",32.61156,-85.49033,18,0.6891
"FAM 1st half",32.61386,-85.49042,19,0.8483
"FAM 1st half",32.61463,-85.49041,20,0.9016
"FAM 1st half",32.61592,-85.49041,21,0.9908
"FAM 1st half",32.61778,-85.49045,22,1.1195
"FAM 1st half",32.6181,-85.49047,23,1.1417
"FAM 1st half",32.6182,-85.49049,24,1.1487
"FAM 1st half",32.61836,-85.49055,25,1.1603
"FAM 1st half",32.61984,-85.49151,26,1.2769
"FAM 1st half",32.62036,-85.49191,27,1.3198
"FAM 1st half",32.6213,-85.49262,28,1.3969
"FAM 1st half",32.62285,-85.49376,29,1.5230
"FAM 1st half",32.62334,-85.4941,30,1.5622
"FAM 1st half",32.62381,-85.49434,31,1.5976
"FAM 1st half",32.62421,-85.49445,32,1.6260
"FAM 1st half",32.62562,-85.49475,33,1.7251
"FAM 1st half",32.62608,-85.49487,34,1.7577
"FAM 1st half",32.62662,-85.49504,35,1.7963
"FAM 1st half",32.62711,-85.49532,36,1.8339
"FAM 1st half",32.62761,-85.49556,37,1.8713
"FAM 1st half",32.62779,-85.49569,38,1.8858
"FAM 1st half",32.62837,-85.49602,39,1.9303
"FAM 1st half",32.62875,-85.49624,40,1.9596
"FAM 1st half",32.63081,-85.49758,41,2.1220
"FAM 1st half",32.63108,-85.4973,42,2.1468
"FAM 1st half",32.63207,-85.49636,43,2.2345
"FAM 1st half",32.63241,-85.496,44,2.2660
"FAM 1st half",32.63291,-85.49543,45,2.3140
"FAM 1st half",32.63348,-85.49474,46,2.3703
"FAM 1st half",32.63381,-85.4943,47,2.4046
"FAM 1st half",32.6341,-85.49388,48,2.4362
"FAM 1st half",32.63458,-85.49307,49,2.4939
"FAM 1st half",32.63485,-85.49253,50,2.5305
"FAM 1st half",32.63509,-85.49208,51,2.5615
"FAM 1st half",32.6354,-85.49133,52,2.6102
"FAM 1st half",32.63565,-85.49068,53,2.6518
"FAM 1st half",32.63588,-85.48999,54,2.6950
"FAM 1st half",32.63602,-85.48951,55,2.7246
"FAM 1st half",32.63621,-85.48868,56,2.7747
"FAM 1st half",32.63635,-85.48801,57,2.8149
"FAM 1st half",32.63643,-85.48753,58,2.8434
"FAM 1st half",32.63654,-85.4867,59,2.8924
"FAM 1st half",32.6366,-85.48598,60,2.9345
"FAM 1st half",32.63663,-85.48463,61,3.0132
"FAM 1st half",32.63667,-85.48251,62,3.1367
"FAM 1st half",32.63669,-85.4817,63,3.1839
"FAM 1st half",32.63668,-85.48085,64,3.2334
"FAM 1st half",32.63667,-85.48068,65,3.2434
"FAM 1st half",32.63658,-85.48015,66,3.2749
"FAM 1st half",32.63647,-85.4797,67,3.3021
"FAM 1st half",32.63633,-85.4793,68,3.3274
"FAM 1st half",32.63612,-85.47884,69,3.3579
"FAM 1st half",32.63588,-85.47846,70,3.3855
"FAM 1st half",32.63566,-85.47819,71,3.4074
"FAM 1st half",32.63545,-85.47797,72,3.4268
"FAM 1st half",32.63504,-85.47761,73,3.4620
"FAM 1st half",32.63476,-85.47742,74,3.4844
"FAM 1st half",32.63408,-85.47702,75,3.5368
"FAM 1st half",32.63373,-85.47679,76,3.5645
"FAM 1st half",32.63347,-85.47656,77,3.5869
"FAM 1st half",32.63328,-85.47636,78,3.6045
"FAM 1st half",32.63285,-85.47581,79,3.6482
"FAM 1st half",32.63252,-85.47524,80,3.6885
"FAM 1st half",32.63168,-85.47338,81,3.8115
"FAM 1st half",32.63084,-85.47152,82,3.9344
"FAM 1st half",32.62999,-85.46966,83,4.0577
"FAM 1st half",32.62982,-85.46928,84,4.0827
"FAM 1st half",32.62942,-85.4685,85,4.1359
"FAM 1st half",32.6292,-85.46795,86,4.1714
"FAM 1st half",32.629,-85.4673,87,4.2117
"FAM 1st half",32.62888,-85.46677,88,4.2437
"FAM 1st half",32.62882,-85.46629,89,4.2720
"FAM 1st half",32.6288,-85.46592,90,4.2936
"FAM 1st half",32.6288,-85.46564,91,4.3099
"FAM 1st half",32.62879,-85.46334,92,4.4439
"FAM 1st half",32.62879,-85.46183,93,4.5318
"FAM 1st half",32.6288,-85.46102,94,4.5790
"FAM 1st half",32.62884,-85.45862,95,4.7189
"FAM 1st half",32.62885,-85.45622,96,4.8587
"FAM 1st half",32.62886,-85.45481,97,4.9408
"FAM 1st half",32.62882,-85.45469,98,4.9483
"FAM 1st half",32.62882,-85.45431,99,4.9705
"FAM 1st half",32.62879,-85.45366,100,5.0084
"FAM 1st half",32.62875,-85.45329,101,5.0301
"FAM 1st half",32.62868,-85.45291,102,5.0528
"FAM 1st half",32.62854,-85.45237,103,5.0857
"FAM 1st half",32.62845,-85.45212,104,5.1015
"FAM 1st half",32.62825,-85.45168,105,5.1307
"FAM 1st half",32.62788,-85.45108,106,5.1740
"FAM 1st half",32.62781,-85.45092,107,5.1845
"FAM 1st half",32.62737,-85.45046,108,5.2250
"FAM 1st half",32.62771,-85.44984,109,5.2681
"FAM 1st half",32.62782,-85.44964,110,5.2821
"FAM 1st half",32.62797,-85.4495,111,5.2952
"FAM 1st half",32.62813,-85.44944,112,5.3069
"FAM 1st half",32.62846,-85.44941,113,5.3297
"FAM 1st half",32.62862,-85.44935,114,5.3414
"FAM 1st half",32.62872,-85.44929,115,5.3491
"FAM 1st half",32.62878,-85.44921,116,5.3553
"FAM 1st half",32.62888,-85.44906,117,5.3665
"FAM 1st half",32.62931,-85.44796,118,5.4371
"FAM 1st half",32.62938,-85.4477,119,5.4530
"FAM 1st half",32.6294,-85.44746,120,5.4671
"FAM 1st half",32.62941,-85.44715,121,5.4852
"FAM 1st half",32.62938,-85.44682,122,5.5045
"FAM 1st half",32.62933,-85.44656,123,5.5200
"FAM 1st half",32.62925,-85.44632,124,5.5351
"FAM 1st half",32.62911,-85.44601,125,5.5556
"FAM 1st half",32.62884,-85.44563,126,5.5845
"FAM 1st half",32.62866,-85.44548,127,5.5997
"FAM 1st half",32.62813,-85.44511,128,5.6423
"FAM 1st half",32.62657,-85.44409,129,5.7654
"FAM 1st half",32.62602,-85.44375,130,5.8083
"FAM 1st half",32.62559,-85.44469,131,5.8706
"FAM 1st half",32.62464,-85.44676,132,6.0080
"FAM 1st half",32.62406,-85.44805,133,6.0932
"FAM 1st half",32.62411,-85.4484,134,6.1139
"FAM 1st half",32.62423,-85.44859,135,6.1277
"FAM 1st half",32.62438,-85.44865,136,6.1386
"FAM 1st half",32.62485,-85.44883,137,6.1728
"FAM 1st half",32.62503,-85.44892,138,6.1863
"FAM 1st half",32.62666,-85.44993,139,6.3135
"FAM 1st half",32.62698,-85.45014,140,6.3388
"FAM 1st half",32.62715,-85.45026,141,6.3525
"FAM 1st half",32.62741,-85.45049,142,6.3749
"FAM 1st half",32.62766,-85.45075,143,6.3979
"FAM 1st half",32.62781,-85.45092,144,6.4122
"FAM 1st half",32.62794,-85.45102,145,6.4229
"FAM 1st half",32.62825,-85.45149,146,6.4577
"FAM 1st half",32.62843,-85.45184,147,6.4816
"FAM 1st half",32.62863,-85.45233,148,6.5133
"FAM 1st half",32.62876,-85.45289,149,6.5472
"FAM 1st half",32.62884,-85.45327,150,6.5700
"FAM 1st half",32.6289,-85.45392,151,6.6081
"FAM 1st half",32.62891,-85.45469,152,6.6529
"FAM 1st half",32.62886,-85.45481,153,6.6607
"FAM 1st half",32.62886,-85.45509,154,6.6770
"FAM 1st half",32.62885,-85.45623,155,6.7434
"FAM 1st half",32.62885,-85.4574,156,6.8116
"FAM 1st half",32.62884,-85.45857,157,6.8798
"FAM 1st half",32.62883,-85.45974,158,6.9479
"FAM 1st half",32.62881,-85.46091,159,7.0161
"FAM 1st half",32.62879,-85.46208,160,7.0843
"FAM 1st half",32.62879,-85.46319,161,7.1489
"FAM 1st half",32.6288,-85.46437,162,7.2177
"FAM 1st half",32.62879,-85.4658,163,7.3010
"FAM 1st half",32.6288,-85.46522,164,7.3348
"FAM 1st half",32.6288,-85.46581,165,7.3691
"FAM 1st half",32.62884,-85.46641,166,7.4042
"FAM 1st half",32.62892,-85.46696,167,7.4367
"FAM 1st half",32.629,-85.46727,168,7.4556
"FAM 1st half",32.62908,-85.46759,169,7.4751
"FAM 1st half",32.62919,-85.46791,170,7.4952
"FAM 1st half",32.62931,-85.46824,171,7.5161
"FAM 1st half",32.62945,-85.46856,172,7.5371
"FAM 1st half",32.62975,-85.46916,173,7.5778
"FAM 1st half",32.6299,-85.46947,174,7.5986
"FAM 1st half",32.63005,-85.46978,175,7.6194
"FAM 1st half",32.63019,-85.47009,176,7.6399
"FAM 1st half",32.63033,-85.47041,177,7.6609
"FAM 1st half",32.63047,-85.47072,178,7.6814
"FAM 1st half",32.63061,-85.47103,179,7.7019
"FAM 1st half",32.63076,-85.47135,180,7.7233
"FAM 1st half",32.6309,-85.47166,181,7.7437
"FAM 1st half",32.63104,-85.47197,182,7.7642
"FAM 1st half",32.63118,-85.47228,183,7.7847
"FAM 1st half",32.63132,-85.4726,184,7.8057
"FAM 1st half",32.63146,-85.47291,185,7.8262
"FAM 1st half",32.63161,-85.47322,186,7.8471
"FAM 1st half",32.63167,-85.47337,187,7.8567
"FAM 1st half",32.63174,-85.47353,188,7.8672
"FAM 1st half",32.63183,-85.47373,189,7.8804
"FAM 1st half",32.63197,-85.47404,190,7.9009
"FAM 1st half",32.63211,-85.47435,191,7.9214
"FAM 1st half",32.63225,-85.47467,192,7.9424
"FAM 1st half",32.63239,-85.47498,193,7.9629
"FAM 1st half",32.63255,-85.47528,194,7.9836
"FAM 1st half",32.63271,-85.47558,195,8.0043
"FAM 1st half",32.63288,-85.47587,196,8.0249
"FAM 1st half",32.63308,-85.47612,197,8.0450
"FAM 1st half",32.63331,-85.4764,198,8.0677
"FAM 1st half",32.63356,-85.47664,199,8.0900
"FAM 1st half",32.63373,-85.47679,200,8.1046
"FAM 1st half",32.63389,-85.47691,201,8.1177
"FAM 1st half",32.63425,-85.47712,202,8.1455
"FAM 1st half",32.63463,-85.47735,203,8.1750
"FAM 1st half",32.63476,-85.47742,204,8.1848
"FAM 1st half",32.635,-85.47758,205,8.2039
"FAM 1st half",32.63536,-85.47789,206,8.2346
"FAM 1st half",32.63568,-85.47821,207,8.2636
"FAM 1st half",32.63592,-85.47853,208,8.2885
"FAM 1st half",32.63612,-85.47884,209,8.3113
"FAM 1st half",32.63625,-85.47912,210,8.3299
"FAM 1st half",32.63634,-85.47931,211,8.3426
"FAM 1st half",32.63644,-85.47963,212,8.3625
"FAM 1st half",32.63653,-85.47994,213,8.3816
"FAM 1st half",32.63659,-85.48018,214,8.3962
"FAM 1st half",32.63667,-85.48075,215,8.4298
"FAM 1st half",32.63669,-85.48135,216,8.4648
"FAM 1st half",32.63668,-85.48192,217,8.4980
"FAM 1st half",32.63667,-85.48248,218,8.5306
"FAM 1st half",32.63666,-85.48304,219,8.5633
"FAM 1st half",32.63665,-85.48361,220,8.5965
"FAM 1st half",32.63664,-85.48419,221,8.6303
"FAM 1st half",32.63663,-85.48476,222,8.6635
"FAM 1st half",32.63662,-85.48533,223,8.6967
"FAM 1st half",32.6366,-85.4859,224,8.7299
"FAM 1st half",32.63656,-85.48646,225,8.7627
"FAM 1st half",32.6365,-85.48702,226,8.7955
"FAM 1st half",32.63642,-85.48758,227,8.8286
"FAM 1st half",32.63633,-85.48813,228,8.8613
"FAM 1st half",32.63621,-85.48868,229,8.8944
"FAM 1st half",32.63609,-85.48922,230,8.9269
"FAM 1st half",32.63595,-85.48975,231,8.9592
"FAM 1st half",32.63588,-85.48997,232,8.9729
"FAM 1st half",32.6358,-85.49022,233,8.9885
"FAM 1st half",32.63572,-85.49048,234,9.0046
"FAM 1st half",32.63564,-85.49072,235,9.0197
"FAM 1st half",32.63556,-85.49094,236,9.0336
"FAM 1st half",32.63546,-85.49118,237,9.0492
"FAM 1st half",32.63537,-85.49142,238,9.0645
"FAM 1st half",32.63527,-85.49165,239,9.0796
"FAM 1st half",32.63517,-85.49188,240,9.0947
"FAM 1st half",32.63484,-85.49257,241,9.1409
"FAM 1st half",32.6345,-85.4932,242,9.1845
"FAM 1st half",32.63414,-85.49382,243,9.2284
"FAM 1st half",32.63369,-85.49446,244,9.2769
"FAM 1st half",32.63319,-85.4951,245,9.3278
"FAM 1st half",32.63263,-85.49575,246,9.3820
"FAM 1st half",32.63203,-85.4964,247,9.4381
"FAM 1st half",32.63137,-85.49703,248,9.4967
"FAM 1st half",32.63105,-85.49733,249,9.5249
"FAM 1st half",32.63077,-85.49762,250,9.5506
"FAM 1st half",32.63017,-85.49821,251,9.6045
"FAM 1st half",32.62981,-85.49857,252,9.6371
"FAM 1st half",32.62971,-85.49868,253,9.6465
"FAM 1st half",32.62942,-85.49891,254,9.6706
"FAM 1st half",32.62918,-85.49913,255,9.6916
"FAM 1st half",32.62888,-85.49944,256,9.7191
"FAM 1st half",32.6286,-85.49969,257,9.7433
"FAM 1st half",32.62753,-85.50073,258,9.8390
"FAM 1st half",32.62717,-85.50109,259,9.8715
"FAM 1st half",32.62584,-85.50232,260,9.9881
"FAM 1st half",32.62552,-85.5026,261,10.0156
"FAM 1st half",32.62519,-85.50285,262,10.0427
"FAM 1st half",32.62457,-85.50335,263,10.0945
"FAM 1st half",32.62372,-85.50398,264,10.1639
"FAM 1st half",32.62327,-85.50428,265,10.1996
"FAM 1st half",32.62246,-85.50478,266,10.2627
"FAM 1st half",32.6213,-85.50546,267,10.3522
"FAM 1st half",32.61985,-85.50631,268,10.4640
"FAM 1st half",32.61851,-85.50709,269,10.5673
"FAM 1st half",32.61825,-85.50723,270,10.5870
"FAM 1st half",32.61754,-85.50753,271,10.6392
"FAM 1st half",32.61733,-85.50761,272,10.6544
"FAM 1st half",32.61647,-85.50786,273,10.7157
"FAM 1st half",32.61595,-85.50794,274,10.7519
"FAM 1st half",32.6154,-85.508,275,10.7901
"FAM 1st half",32.61457,-85.50801,276,10.8475
"FAM 1st half",32.61364,-85.50801,277,10.9119
"FAM 1st half",32.61252,-85.508,278,10.9893
"FAM 1st half",32.61131,-85.508,279,11.0730
"FAM 1st half",32.61009,-85.50797,280,11.1574
"FAM 1st half",32.60888,-85.50795,281,11.2411
"FAM 1st half",32.60766,-85.50793,282,11.3255
"FAM 1st half",32.60645,-85.5079,283,11.4093
"FAM 1st half",32.60523,-85.50788,284,11.4937
"FAM 1st half",32.60402,-85.50786,285,11.5774
"FAM 1st half",32.6028,-85.50783,286,11.6618
"FAM 1st half",32.60159,-85.50782,287,11.7455
"FAM 1st half",32.6009,-85.50781,288,11.7932
"FAM 1st half",32.60089,-85.50703,289,11.8387
"FAM 1st half",32.60086,-85.50602,290,11.8975
"FAM 1st half",32.60083,-85.50501,291,11.9564
"FAM 1st half",32.60078,-85.50399,292,12.0160
"FAM 1st half",32.60074,-85.50298,293,12.0749
"FAM 1st half",32.60071,-85.50197,294,12.1338
"FAM 1st half",32.60067,-85.50096,295,12.1927
"FAM 1st half",32.60062,-85.49994,296,12.2522
"FAM 1st half",32.60057,-85.49958,297,12.2735
"FAM 1st half",32.60052,-85.49934,298,12.2879
"FAM 1st half",32.60047,-85.49916,299,12.2990
"FAM 1st half",32.60029,-85.49873,300,12.3269
"FAM 1st half",32.60055,-85.49858,301,12.3469
"FAM 1st half",32.6007,-85.49853,302,12.3577
"FAM 1st half",32.60079,-85.49852,303,12.3640
"FAM 1st half",32.60102,-85.49856,304,12.3800
"FAM 1st half",32.601634403237476,-85.49869466372328,305,12.4233
"FAM 1st half",32.60175,-85.49872,306,12.4314
"FAM 1st half",32.60226,-85.49882,307,12.4671
"FAM 1st half",32.60301,-85.4989,308,12.5192
"FAM 1st half",32.60398,-85.49895,309,12.5864
"FAM 1st half",32.604,-85.49674,310,12.7152
"FAM 1st half",32.60404,-85.49594,311,12.7619
"FAM 1st half",32.60408,-85.49551,312,12.7871
"FAM 1st half",32.60437,-85.49554,313,12.8072
"FAM 1st half",32.60461,-85.49551,314,12.8239
"FAM 1st half",32.60478,-85.49547,315,12.8359
"FAM 1st half",32.60495,-85.4954,316,12.8483
"FAM 1st half",32.60506,-85.49535,317,12.8565
"FAM 1st half",32.60493,-85.49503,318,12.8772
"FAM 1st half",32.6049,-85.49489,319,12.8856
"FAM 1st half",32.60489,-85.49474,320,12.8944
"FAM 1st half",32.60489,-85.49407,321,12.9334
"FAM 1st half",32.60478,-85.49395,322,12.9438
"FAM 1st half",32.60474,-85.49376,323,12.9552
"FAM 1st half",32.60478,-85.49364,324,12.9627
"FAM 1st half",32.60485,-85.49357,325,12.9690
"FAM 1st half",32.60486,-85.49218,326,13.0500
"FASC",32.60491,-85.49276,1,0.0000
"FASC",32.60488,-85.49193,2,0.0484
"FASC",32.60483,-85.49144,3,0.0772
"FASC",32.60483,-85.49057,4,0.1279
"FASC",32.60483,-85.49042,5,0.1366
"FASC",32.60512,-85.49043,6,0.1567
"FASC",32.6058,-85.49037,7,0.2038
"FASC",32.60626,-85.49037,8,0.2357
"FASC",32.60636,-85.49037,9,0.2426
"FASC",32.60636,-85.49184,10,0.3282
"FASC",32.60635,-85.49325,11,0.4104
"FASC",32.60634,-85.4936,12,0.4308
"FASC",32.60623,-85.49408,13,0.4598
"FASC",32.60608,-85.49439,14,0.4806
"FASC",32.60587,-85.49469,15,0.5033
"FASC",32.60566,-85.49494,16,0.5239
"FASC",32.60555,-85.49504,17,0.5335
"FASC",32.60515,-85.4953,18,0.5650
"FASC",32.60486,-85.49544,19,0.5867
"FASC",32.60457,-85.49552,20,0.6073
"FASC",32.60437,-85.49554,21,0.6212
"FASC",32.60408,-85.49551,22,0.6413
"FASC",32.60376,-85.49543,23,0.6639
"FASC",32.60357,-85.49536,24,0.6777
"FASC",32.60336,-85.49522,25,0.6944
"FASC",32.60283,-85.4948,26,0.7384
"FASC",32.60273,-85.49475,27,0.7459
"FASC",32.60259,-85.49472,28,0.7558
"FASC",32.60237,-85.49469,29,0.7711
"FASC",32.60228,-85.49471,30,0.7774
"FASC",32.60208,-85.49479,31,0.7920
"FASC",32.60196,-85.49486,32,0.8013
"FASC",32.6009,-85.49579,33,0.8924
"FASC",32.5995,-85.49701,34,1.0126
"FASC",32.59881,-85.4976,35,1.0714
"FASC",32.59802,-85.49837,36,1.1421
"FASC",32.59732,-85.49909,37,1.2062
"FASC",32.59624,-85.50036,38,1.3113
"FASC",32.59456,-85.50232,39,1.4743
"FASC",32.59389,-85.50311,40,1.5396
"FASC",32.59354,-85.50356,41,1.5753
"FASC",32.59327,-85.50396,42,1.6052
"FASC",32.59288,-85.50469,43,1.6555
"FASC",32.59245,-85.50557,44,1.7148
"FASC",32.59235,-85.5058,45,1.7299
"FASC",32.59214,-85.50626,46,1.7604
"FASC",32.59201,-85.50652,47,1.7780
"FASC",32.59188,-85.50675,48,1.7942
"FASC",32.59161,-85.50712,49,1.8227
"FASC",32.59073,-85.50818,50,1.9094
"FASC",32.58993,-85.50913,51,1.9877
"FASC",32.58917,-85.51012,52,2.0657
"FASC",32.58767,-85.51222,53,2.2262
"FASC",32.58617,-85.51433,54,2.3871
"FASC",32.58532,-85.51552,55,2.4780
"FASC",32.58488,-85.51616,56,2.5262
"FASC",32.58424,-85.51713,57,2.5980
"FASC",32.5838,-85.51773,58,2.6443
"FASC",32.58348,-85.51811,59,2.6756
"FASC",32.58238,-85.51937,60,2.7814
"FASC",32.58091,-85.52101,61,2.9209
"FASC",32.57918,-85.52284,62,3.0812
"FASC",32.57798,-85.5241,63,3.1921
"FASC",32.57788,-85.5243,64,3.2056
"FASC",32.57749,-85.5244,65,3.2332
"FASC",32.57732,-85.52407,66,3.2558
"FASC",32.57716,-85.52396,67,3.2686
"FASC",32.577,-85.52397,68,3.2796
"FASC",32.57682,-85.52404,69,3.2927
"FASC",32.57659,-85.52419,70,3.3109
"FASC",32.57624,-85.52432,71,3.3363
"FASC",32.57577,-85.52433,72,3.3688
"FASC",32.57389,-85.52432,73,3.4988
"FASC",32.57194,-85.52431,74,3.6337
"FASC",32.56994,-85.52427,75,3.7721
"FASC",32.56847,-85.52424,76,3.8738
"FASC",32.56649,-85.5242,77,4.0107
"FASC",32.5645,-85.52417,78,4.1484
"FASC",32.56289,-85.52415,79,4.2598
"FASC",32.56261,-85.52418,80,4.2792
"FASC",32.5624,-85.52424,81,4.2942
"FASC",32.56197,-85.52443,82,4.3259
"FASC",32.56172,-85.52457,83,4.3450
"FASC",32.56152,-85.52471,84,4.3611
"FASC",32.56128,-85.52491,85,4.3814
"FASC",32.56024,-85.52585,86,4.4718
"FASC",32.55906,-85.52692,87,4.5745
"FASC",32.55867,-85.52719,88,4.6058
"FASC",32.55847,-85.52731,89,4.6213
"FASC",32.55816,-85.52746,90,4.6444
"FASC",32.5579,-85.52756,91,4.6633
"FASC",32.5576,-85.52764,92,4.6846
"FASC",32.55615,-85.52795,93,4.7865
"FASC",32.55541,-85.5281,94,4.8384
"FASC",32.55535,-85.52755,95,4.8708
"FASC",32.55529,-85.52687,96,4.9106
"FASC",32.55528,-85.52664,97,4.9241
"FASC",32.55542,-85.52575,98,4.9769
"FASC",32.5556,-85.52515,99,5.0140
"FASC",32.55566,-85.52498,100,5.0247
"FASC",32.55598,-85.52421,101,5.0748
"FASC",32.55609,-85.52383,102,5.0982
"FASC",32.55619,-85.52337,103,5.1259
"FASC",32.55628,-85.52273,104,5.1637
"FASC",32.55637,-85.52236,105,5.1862
"FASC",32.55647,-85.52203,106,5.2066
"FASC",32.55673,-85.52137,107,5.2491
"FASC",32.55682,-85.52127,108,5.2576
"FASC",32.55712,-85.52078,109,5.2929
"FASC",32.55721,-85.52066,110,5.3023
"FASC",32.55782,-85.5199,111,5.3635
"FASC",32.55816,-85.51938,112,5.4019
"FASC",32.5584,-85.51894,113,5.4324
"FASC",32.55855,-85.5186,114,5.4548
"FASC",32.55875,-85.51804,115,5.4902
"FASC",32.55891,-85.51747,116,5.5253
"FASC",32.55898,-85.5171,117,5.5474
"FASC",32.55901,-85.51689,118,5.5598
"FASC",32.55908,-85.51587,119,5.6195
"FASC",32.5591,-85.51532,120,5.6516
"FASC",32.55914,-85.51496,121,5.6727
"FASC",32.55923,-85.51463,122,5.6929
"FASC",32.55938,-85.5143,123,5.7148
"FASC",32.56004,-85.51297,124,5.8048
"FASC",32.56016,-85.51267,125,5.8241
"FASC",32.56043,-85.51181,126,5.8776
"FASC",32.56065,-85.5109,127,5.9328
"FASC",32.56085,-85.51017,128,5.9776
"FASC",32.56095,-85.50991,129,5.9942
"FASC",32.56103,-85.50972,130,6.0066
"FASC",32.56113,-85.50955,131,6.0187
"FASC",32.56151,-85.50884,132,6.0677
"FASC",32.5625,-85.50698,133,6.1960
"FASC",32.56275,-85.50639,134,6.2345
"FASC",32.56286,-85.50597,135,6.2601
"FASC",32.56293,-85.50556,136,6.2845
"FASC",32.56295,-85.50519,137,6.3061
"FASC",32.56295,-85.50504,138,6.3149
"FASC",32.56291,-85.50455,139,6.3436
"FASC",32.56287,-85.50426,140,6.3607
"FASC",32.56281,-85.50399,141,6.3770
"FASC",32.5624,-85.50421,142,6.4081
"FASC",32.56166,-85.5046,143,6.4641
"FASC",32.56151,-85.50467,144,6.4753
"FASC",32.56141,-85.50478,145,6.4847
"FASC",32.56044,-85.5053,146,6.5583
"FASC",32.55917,-85.50604,147,6.6562
"FASC",32.55789,-85.50673,148,6.7534
"FASC",32.55659,-85.50743,149,6.8522
"FASC",32.55672,-85.50775,150,6.8729
"FASC",32.5567,-85.50789,151,6.8812
"FASC",32.55678,-85.5081,152,6.8946
"FASC",32.55649,-85.50834,153,6.9191
"FASC",32.55625,-85.50847,154,6.9373
"FASC",32.55615,-85.50858,155,6.9468
"FASC",32.55576,-85.50881,156,6.9769
"FASC",32.55569,-85.5089,157,6.9840
"FASC",32.55564,-85.50899,158,6.9903
"FASC",32.55478,-85.50947,159,7.0560
"FASC",32.55466,-85.50952,160,7.0648
"FASC",32.55453,-85.50944,161,7.0750
"FASC",32.55438,-85.5091,162,7.0974
"FASC",32.55425,-85.50906,163,7.1066
"FASC",32.5535,-85.50949,164,7.1643
"FASC",32.55345,-85.50961,165,7.1721
"FASC",32.55361,-85.51004,166,7.1995
"FASC",32.55405,-85.50981,167,7.2327
"FASC",32.55393,-85.50947,168,7.2542
"FASC",32.55386,-85.50928,169,7.2663
"FASC",32.55405,-85.50918,170,7.2807
"FASC",32.55425,-85.50906,171,7.2962
"FASC",32.55438,-85.5091,172,7.3055
"FASC",32.55443,-85.5092,173,7.3123
"FASC",32.55451,-85.50939,174,7.3246
"FASC",32.55462,-85.50952,175,7.3354
"FASC",32.55477,-85.50947,176,7.3462
"FASC",32.55516,-85.50926,177,7.3758
"FASC",32.55545,-85.5091,178,7.3979
"FASC",32.55531,-85.50873,179,7.4215
"FASC",32.55514,-85.50833,180,7.4477
"FASC",32.55508,-85.50819,181,7.4568
"FASC",32.55481,-85.50835,182,7.4777
"FASC",32.5543,-85.50864,183,7.5168
"FASC",32.55349,-85.50909,184,7.5787
"FASC",32.5527,-85.50954,185,7.6393
"FASC",32.55203,-85.5099,186,7.6902
"FASC",32.55161,-85.51011,187,7.7217
"FASC",32.55123,-85.51033,188,7.7510
"FASC",32.54931,-85.51149,189,7.9000
"FASC",32.54672,-85.51295,190,8.0983
"FASC",32.54391,-85.51452,191,8.3132
"FASC",32.5411,-85.51609,192,8.5280
"FASC",32.54096,-85.51616,193,8.5385
"FASC",32.5408,-85.51651,194,8.5618
"FASC",32.54071,-85.51675,195,8.5771
"FASC",32.54072,-85.51742,196,8.6162
"FASC",32.54075,-85.51867,197,8.6891
"FASC",32.54077,-85.51928,198,8.7247
"FASC",32.54082,-85.51974,199,8.7517
"FASC",32.54103,-85.5209,200,8.8209
"FASC",32.54121,-85.52154,201,8.8602
"FASC",32.54137,-85.52203,202,8.8909
"FASC",32.54167,-85.52276,203,8.9382
"FASC",32.54198,-85.52344,204,8.9833
"FASC",32.54227,-85.52395,205,9.0192
"FASC",32.54252,-85.52431,206,9.0464
"FASC",32.54301,-85.52494,207,9.0964
"FASC",32.54338,-85.52538,208,9.1326
"FASC",32.54386,-85.52583,209,9.1749
"FASC",32.54437,-85.52623,210,9.2172
"FASC",32.54454,-85.52634,211,9.2306
"FASC",32.54491,-85.52658,212,9.2598
"FASC",32.54545,-85.52691,213,9.3018
"FASC",32.54597,-85.52716,214,9.3406
"FASC",32.54658,-85.5275,215,9.3872
"FASC",32.54732,-85.52788,216,9.4430
"FASC",32.54771,-85.52808,217,9.4724
"FASC",32.54893,-85.52875,218,9.5654
"FASC",32.54958,-85.52902,219,9.6130
"FASC",32.54995,-85.52911,220,9.6391
"FASC",32.55006,-85.52912,221,9.6468
"FASC",32.55022,-85.52912,222,9.6578
"FASC",32.55096,-85.52901,223,9.7094
"FASC",32.55249,-85.52871,224,9.8167
"FASC",32.55508,-85.52817,225,9.9986
"FASC",32.55568,-85.52805,226,10.0407
"FASC",32.5576,-85.52764,227,10.1756
"FASC",32.55798,-85.52753,228,10.2027
"FASC",32.55847,-85.52731,229,10.2389
"FASC",32.55897,-85.52699,230,10.2782
"FASC",32.56029,-85.5258,231,10.3929
"FASC",32.56128,-85.52491,232,10.4788
"FASC",32.56152,-85.52471,233,10.4991
"FASC",32.56172,-85.52457,234,10.5152
"FASC",32.56212,-85.52436,235,10.5454
"FASC",32.56244,-85.52423,236,10.5688
"FASC",32.56261,-85.52418,237,10.5809
"FASC",32.56288,-85.52415,238,10.5997
"FASC",32.56543,-85.52419,239,10.7761
"FASC",32.5677,-85.52423,240,10.9331
"FASC",32.57069,-85.52428,241,11.1400
"FASC",32.57192,-85.52431,242,11.2251
"FASC",32.57361,-85.52432,243,11.3420
"FASC",32.5755,-85.52433,244,11.4727
"FASC",32.57624,-85.52432,245,11.5239
"FASC",32.57659,-85.52419,246,11.5492
"FASC",32.57667,-85.52414,247,11.5555
"FASC",32.5769,-85.524,248,11.5734
"FASC",32.57712,-85.52395,249,11.5889
"FASC",32.57732,-85.52407,250,11.6044
"FASC",32.57766,-85.52425,251,11.6301
"FASC",32.57784,-85.52415,252,11.6439
"FASC",32.57798,-85.5241,253,11.6540
"FASC",32.57859,-85.52347,254,11.7099
"FASC",32.58064,-85.5213,255,11.8999
"FASC",32.58136,-85.52052,256,11.9674
"FASC",32.58272,-85.51898,257,12.0974
"FASC",32.58353,-85.51806,258,12.1749
"FASC",32.58408,-85.51736,259,12.2307
"FASC",32.58438,-85.51693,260,12.2633
"FASC",32.5851,-85.51582,261,12.3449
"FASC",32.58571,-85.51498,262,12.4095
"FASC",32.58634,-85.51409,263,12.4773
"FASC",32.58722,-85.51285,264,12.5718
"FASC",32.58804,-85.51171,265,12.6591
"FASC",32.58893,-85.51046,266,12.7545
"FASC",32.58951,-85.50966,267,12.8160
"FASC",32.58981,-85.50929,268,12.8459
"FASC",32.59087,-85.50801,269,12.9505
"FASC",32.59172,-85.50699,270,13.0342
"FASC",32.59201,-85.50652,271,13.0681
"FASC",32.59229,-85.50634,272,13.0901
"FASC",32.59248,-85.50631,273,13.1034
"FASC",32.59273,-85.50633,274,13.1207
"FASC",32.59296,-85.50645,275,13.1381
"FASC",32.59378,-85.5069,276,13.2006
"FASC",32.59449,-85.50718,277,13.2523
"FASC",32.59531,-85.50744,278,13.3110
"FASC",32.59657,-85.5077,279,13.3995
"FASC",32.59786,-85.50776,280,13.4888
"FASC",32.59921,-85.50777,281,13.5822
"FASC",32.60058,-85.50781,282,13.6770
"FASC",32.60078,-85.50759,283,13.6958
"FASC",32.6009,-85.50736,284,13.7116
"FASC",32.60086,-85.50632,285,13.7723
"FASC",32.6008,-85.50369,286,13.9256
"FASC",32.60071,-85.50183,287,14.0342
"FASC",32.60064,-85.49998,288,14.1421
"FASC",32.60053,-85.49932,289,14.1813
"FASC",32.60029,-85.49873,290,14.2195
"FASC",32.60052,-85.49858,291,14.2376
"FASC",32.60091,-85.49849,292,14.2651
"FASC",32.60146,-85.49864,293,14.3041
"FASC",32.60157944498185,-85.49866414313462,294,14.3125
"FASC",32.6024,-85.49883,295,14.3701
"FASC",32.60335,-85.49891,296,14.4360
"FASC",32.60399,-85.49895,297,14.4803
"FASC",32.60399,-85.49877,298,14.4908
"FASC",32.604,-85.49812,299,14.5287
"FASC",32.60401,-85.49717,300,14.5840
"FASC",32.60402,-85.49631,301,14.6341
"FASC",32.60408,-85.49551,302,14.6809
"FASC",32.60434,-85.49554,303,14.6990
"FASC",32.60457,-85.49552,304,14.7150
"FASC",32.60489,-85.49543,305,14.7377
"FASC",32.60506,-85.49535,306,14.7504
"FASC",32.60496,-85.49511,307,14.7660
"FASC",32.60489,-85.49486,308,14.7813
"FASC",32.60489,-85.49473,309,14.7889
"FASC",32.60489,-85.49447,310,14.8040
"FASC",32.60489,-85.49407,311,14.8273
"FASC",32.60478,-85.49395,312,14.8377
"FASC",32.60474,-85.49376,313,14.8491
"FASC",32.60482,-85.4936,314,14.8599
"FASC",32.60488,-85.49295,315,14.8980
"FASC",32.60488,-85.49253,316,14.9225
"FASC",32.60488,-85.49215,317,14.9446
"FDSP 1st Half",32.60489,-85.49318,1,0.0000
"FDSP 1st Half",32.60488526490541,-85.49299533131102,2,0.0108
"FDSP 1st Half",32.60488,-85.49279,3,0.0227
"FDSP 1st Half",32.60488,-85.49193,4,0.0728
"FDSP 1st Half",32.60483,-85.49144,5,0.1016
"FDSP 1st Half",32.60482,-85.4913,6,0.1098
"FDSP 1st Half",32.60483,-85.49042,7,0.1611
"FDSP 1st Half",32.60512,-85.49043,8,0.1811
"FDSP 1st Half",32.60556,-85.4904,9,0.2116
"FDSP 1st Half",32.6058,-85.49037,10,0.2283
"FDSP 1st Half",32.60636,-85.49037,11,0.2671
"FDSP 1st Half",32.60646,-85.49039,12,0.2741
"FDSP 1st Half",32.60719,-85.49039,13,0.3246
"FDSP 1st Half",32.60778,-85.49035,14,0.3654
"FDSP 1st Half",32.60823,-85.49029,15,0.3968
"FDSP 1st Half",32.60854,-85.49027,16,0.4182
"FDSP 1st Half",32.61011,-85.49037,17,0.5270
"FDSP 1st Half",32.61156,-85.49033,18,0.6273
"FDSP 1st Half",32.61386,-85.49042,19,0.7865
"FDSP 1st Half",32.61463,-85.49041,20,0.8398
"FDSP 1st Half",32.61592,-85.49041,21,0.9290
"FDSP 1st Half",32.61778,-85.49045,22,1.0577
"FDSP 1st Half",32.6181,-85.49047,23,1.0798
"FDSP 1st Half",32.6182,-85.49049,24,1.0869
"FDSP 1st Half",32.61836,-85.49055,25,1.0985
"FDSP 1st Half",32.61984,-85.49151,26,1.2151
"FDSP 1st Half",32.62036,-85.49191,27,1.2580
"FDSP 1st Half",32.6213,-85.49262,28,1.3350
"FDSP 1st Half",32.62285,-85.49376,29,1.4612
"FDSP 1st Half",32.62334,-85.4941,30,1.5004
"FDSP 1st Half",32.62381,-85.49434,31,1.5358
"FDSP 1st Half",32.62421,-85.49445,32,1.5642
"FDSP 1st Half",32.62562,-85.49475,33,1.6633
"FDSP 1st Half",32.62608,-85.49487,34,1.6959
"FDSP 1st Half",32.62662,-85.49504,35,1.7345
"FDSP 1st Half",32.62711,-85.49532,36,1.7721
"FDSP 1st Half",32.62761,-85.49556,37,1.8094
"FDSP 1st Half",32.62779,-85.49569,38,1.8240
"FDSP 1st Half",32.62837,-85.49602,39,1.8685
"FDSP 1st Half",32.62875,-85.49624,40,1.8977
"FDSP 1st Half",32.63081,-85.49758,41,2.0602
"FDSP 1st Half",32.63108,-85.4973,42,2.0850
"FDSP 1st Half",32.63207,-85.49636,43,2.1727
"FDSP 1st Half",32.63241,-85.496,44,2.2042
"FDSP 1st Half",32.63291,-85.49543,45,2.2521
"FDSP 1st Half",32.63348,-85.49474,46,2.3084
"FDSP 1st Half",32.63381,-85.4943,47,2.3428
"FDSP 1st Half",32.6341,-85.49388,48,2.3744
"FDSP 1st Half",32.63458,-85.49307,49,2.4321
"FDSP 1st Half",32.63485,-85.49253,50,2.4687
"FDSP 1st Half",32.63509,-85.49208,51,2.4997
"FDSP 1st Half",32.6354,-85.49133,52,2.5484
"FDSP 1st Half",32.63565,-85.49068,53,2.5900
"FDSP 1st Half",32.63588,-85.48999,54,2.6332
"FDSP 1st Half",32.63602,-85.48951,55,2.6628
"FDSP 1st Half",32.63621,-85.48868,56,2.7129
"FDSP 1st Half",32.63635,-85.48801,57,2.7531
"FDSP 1st Half",32.63643,-85.48753,58,2.7816
"FDSP 1st Half",32.63654,-85.4867,59,2.8306
"FDSP 1st Half",32.6366,-85.48598,60,2.8727
"FDSP 1st Half",32.63663,-85.48463,61,2.9514
"FDSP 1st Half",32.63666,-85.48289,62,3.0527
"FDSP 1st Half",32.63667,-85.48251,63,3.0749
"FDSP 1st Half",32.63669,-85.4817,64,3.1221
"FDSP 1st Half",32.63668,-85.48085,65,3.1716
"FDSP 1st Half",32.63667,-85.48068,66,3.1815
"FDSP 1st Half",32.63658,-85.48015,67,3.2130
"FDSP 1st Half",32.63647,-85.4797,68,3.2403
"FDSP 1st Half",32.63633,-85.4793,69,3.2656
"FDSP 1st Half",32.63612,-85.47884,70,3.2960
"FDSP 1st Half",32.63588,-85.47846,71,3.3237
"FDSP 1st Half",32.63566,-85.47819,72,3.3456
"FDSP 1st Half",32.63545,-85.47797,73,3.3650
"FDSP 1st Half",32.63504,-85.47761,74,3.4002
"FDSP 1st Half",32.63476,-85.47742,75,3.4225
"FDSP 1st Half",32.63408,-85.47702,76,3.4750
"FDSP 1st Half",32.63373,-85.47679,77,3.5027
"FDSP 1st Half",32.63347,-85.47656,78,3.5251
"FDSP 1st Half",32.63328,-85.47636,79,3.5427
"FDSP 1st Half",32.63285,-85.47581,80,3.5864
"FDSP 1st Half",32.63252,-85.47524,81,3.6267
"FDSP 1st Half",32.63168,-85.47338,82,3.7496
"FDSP 1st Half",32.63084,-85.47152,83,3.8726
"FDSP 1st Half",32.62999,-85.46966,84,3.9959
"FDSP 1st Half",32.62982,-85.46928,85,4.0209
"FDSP 1st Half",32.62942,-85.4685,86,4.0741
"FDSP 1st Half",32.6292,-85.46795,87,4.1096
"FDSP 1st Half",32.629,-85.4673,88,4.1499
"FDSP 1st Half",32.62888,-85.46677,89,4.1819
"FDSP 1st Half",32.62882,-85.46629,90,4.2101
"FDSP 1st Half",32.6288,-85.46592,91,4.2317
"FDSP 1st Half",32.6288,-85.46564,92,4.2481
"FDSP 1st Half",32.62879,-85.46334,93,4.3820
"FDSP 1st Half",32.62879,-85.46183,94,4.4700
"FDSP 1st Half",32.6288,-85.46102,95,4.5172
"FDSP 1st Half",32.62884,-85.45862,96,4.6570
"FDSP 1st Half",32.62885,-85.45622,97,4.7968
"FDSP 1st Half",32.62886,-85.45481,98,4.8790
"FDSP 1st Half",32.62882,-85.45469,99,4.8865
"FDSP 1st Half",32.62882,-85.45431,100,4.9086
"FDSP 1st Half",32.62879,-85.45366,101,4.9466
"FDSP 1st Half",32.62875,-85.45329,102,4.9683
"FDSP 1st Half",32.62868,-85.45291,103,4.9910
"FDSP 1st Half",32.62854,-85.45237,104,5.0239
"FDSP 1st Half",32.62845,-85.45212,105,5.0397
"FDSP 1st Half",32.62825,-85.45168,106,5.0688
"FDSP 1st Half",32.62788,-85.45108,107,5.1122
"FDSP 1st Half",32.62781,-85.45092,108,5.1227
"FDSP 1st Half",32.62766,-85.45075,109,5.1370
"FDSP 1st Half",32.62715,-85.45026,110,5.1824
"FDSP 1st Half",32.62667,-85.44993,111,5.2207
"FDSP 1st Half",32.62546,-85.44919,112,5.3149
"FDSP 1st Half",32.62485,-85.44883,113,5.3620
"FDSP 1st Half",32.62423,-85.44859,114,5.4071
"FDSP 1st Half",32.62349,-85.44833,115,5.4605
"FDSP 1st Half",32.62257,-85.44802,116,5.5266
"FDSP 1st Half",32.62193,-85.4478,117,5.5727
"FDSP 1st Half",32.62147,-85.44767,118,5.6054
"FDSP 1st Half",32.62122,-85.44762,119,5.6230
"FDSP 1st Half",32.62071,-85.44757,120,5.6584
"FDSP 1st Half",32.61876,-85.44758,121,5.7933
"FDSP 1st Half",32.61805,-85.44759,122,5.8424
"FDSP 1st Half",32.61778,-85.4476,123,5.8611
"FDSP 1st Half",32.61792,-85.44742,124,5.8753
"FDSP 1st Half",32.61802,-85.44732,125,5.8844
"FDSP 1st Half",32.61828,-85.44695,126,5.9125
"FDSP 1st Half",32.61834,-85.44684,127,5.9201
"FDSP 1st Half",32.61848,-85.44652,128,5.9411
"FDSP 1st Half",32.61861,-85.44608,129,5.9683
"FDSP 1st Half",32.61865,-85.44582,130,5.9837
"FDSP 1st Half",32.61866,-85.44545,131,6.0052
"FDSP 1st Half",32.61862,-85.44487,132,6.0391
"FDSP 1st Half",32.61853,-85.44405,133,6.0873
"FDSP 1st Half",32.61845,-85.44319,134,6.1377
"FDSP 1st Half",32.61835,-85.44221,135,6.1952
"FDSP 1st Half",32.6183,-85.44152,136,6.2356
"FDSP 1st Half",32.61831,-85.4412,137,6.2542
"FDSP 1st Half",32.61833,-85.44081,138,6.2770
"FDSP 1st Half",32.6184,-85.4404,139,6.3014
"FDSP 1st Half",32.61865,-85.43929,140,6.3683
"FDSP 1st Half",32.61872,-85.43904,141,6.3837
"FDSP 1st Half",32.61872,-85.43886,142,6.3942
"FDSP 1st Half",32.6187,-85.43869,143,6.4042
"FDSP 1st Half",32.61865,-85.43852,144,6.4146
"FDSP 1st Half",32.61856,-85.43838,145,6.4249
"FDSP 1st Half",32.61843,-85.43827,146,6.4359
"FDSP 1st Half",32.61829,-85.43823,147,6.4459
"FDSP 1st Half",32.61815,-85.43822,148,6.4556
"FDSP 1st Half",32.61779,-85.43823,149,6.4805
"FDSP 1st Half",32.61739,-85.43826,150,6.5082
"FDSP 1st Half",32.61615,-85.43828,151,6.5940
"FDSP 1st Half",32.61585,-85.4383,152,6.6148
"FDSP 1st Half",32.61556,-85.43835,153,6.6351
"FDSP 1st Half",32.61532,-85.43842,154,6.6522
"FDSP 1st Half",32.61502,-85.43854,155,6.6741
"FDSP 1st Half",32.61476,-85.43868,156,6.6938
"FDSP 1st Half",32.61457,-85.4388,157,6.7087
"FDSP 1st Half",32.61438,-85.43895,158,6.7245
"FDSP 1st Half",32.61395,-85.43937,159,6.7630
"FDSP 1st Half",32.61333,-85.44004,160,6.8210
"FDSP 1st Half",32.61121,-85.44237,161,7.0208
"FDSP 1st Half",32.61068,-85.44293,162,7.0699
"FDSP 1st Half",32.61079,-85.44309,163,7.0819
"FDSP 1st Half",32.61091,-85.44326,164,7.0949
"FDSP 1st Half",32.61102,-85.44332,165,7.1032
"FDSP 1st Half",32.61221,-85.44334,166,7.1856
"FDSP 1st Half",32.61315,-85.44336,167,7.2506
"FDSP 1st Half",32.61345,-85.44338,168,7.2714
"FDSP 1st Half",32.61346,-85.44359,169,7.2836
"FDSP 1st Half",32.61341,-85.44378,170,7.2952
"FDSP 1st Half",32.61329,-85.44393,171,7.3073
"FDSP 1st Half",32.61319,-85.44402,172,7.3160
"FDSP 1st Half",32.61308,-85.44408,173,7.3243
"FDSP 1st Half",32.61291,-85.44413,174,7.3364
"FDSP 1st Half",32.61277,-85.44411,175,7.3462
"FDSP 1st Half",32.61259,-85.44385,176,7.3658
"FDSP 1st Half",32.61236,-85.44364,177,7.3859
"FDSP 1st Half",32.61204,-85.44354,178,7.4088
"FDSP 1st Half",32.61125,-85.44351,179,7.4634
"FDSP 1st Half",32.61111,-85.44351,180,7.4731
"FDSP 1st Half",32.61102,-85.44332,181,7.4858
"FDSP 1st Half",32.61091,-85.44326,182,7.4942
"FDSP 1st Half",32.61079,-85.44309,183,7.5071
"FDSP 1st Half",32.61068,-85.44293,184,7.5192
"FDSP 1st Half",32.61094,-85.44266,185,7.5430
"FDSP 1st Half",32.61123,-85.44235,186,7.5700
"FDSP 1st Half",32.61156,-85.44198,187,7.6014
"FDSP 1st Half",32.61193,-85.44156,188,7.6368
"FDSP 1st Half",32.61231,-85.44114,189,7.6728
"FDSP 1st Half",32.61269,-85.44072,190,7.7087
"FDSP 1st Half",32.61308,-85.44031,191,7.7447
"FDSP 1st Half",32.61357,-85.43978,192,7.7906
"FDSP 1st Half",32.61409,-85.43924,193,7.8383
"FDSP 1st Half",32.61438,-85.43895,194,7.8646
"FDSP 1st Half",32.61457,-85.4388,195,7.8804
"FDSP 1st Half",32.61476,-85.43868,196,7.8952
"FDSP 1st Half",32.61502,-85.43854,197,7.9150
"FDSP 1st Half",32.61521,-85.43846,198,7.9289
"FDSP 1st Half",32.61556,-85.43835,199,7.9540
"FDSP 1st Half",32.61585,-85.4383,200,7.9743
"FDSP 1st Half",32.61625,-85.43828,201,8.0019
"FDSP 1st Half",32.61728,-85.43826,202,8.0732
"FDSP 1st Half",32.61815,-85.43822,203,8.1334
"FDSP 1st Half",32.61833,-85.43824,204,8.1459
"FDSP 1st Half",32.61843,-85.43827,205,8.1531
"FDSP 1st Half",32.61856,-85.43838,206,8.1641
"FDSP 1st Half",32.61865,-85.43852,207,8.1744
"FDSP 1st Half",32.6187,-85.43869,208,8.1849
"FDSP 1st Half",32.61872,-85.43886,209,8.1949
"FDSP 1st Half",32.61872,-85.43904,210,8.2053
"FDSP 1st Half",32.61861,-85.43948,211,8.2321
"FDSP 1st Half",32.61844,-85.44023,212,8.2773
"FDSP 1st Half",32.61833,-85.44081,213,8.3120
"FDSP 1st Half",32.61833,-85.44099,214,8.3225
"FDSP 1st Half",32.6183,-85.44152,215,8.3534
"FDSP 1st Half",32.61832,-85.44185,216,8.3727
"FDSP 1st Half",32.61842,-85.44295,217,8.4371
"FDSP 1st Half",32.61864,-85.4451,218,8.5633
"FDSP 1st Half",32.61866,-85.44534,219,8.5774
"FDSP 1st Half",32.61865,-85.44582,220,8.6053
"FDSP 1st Half",32.61861,-85.44608,221,8.6207
"FDSP 1st Half",32.61854,-85.44631,222,8.6350
"FDSP 1st Half",32.61839,-85.44674,223,8.6621
"FDSP 1st Half",32.61828,-85.44695,224,8.6765
"FDSP 1st Half",32.61802,-85.44732,225,8.7046
"FDSP 1st Half",32.6178,-85.44754,226,8.7245
"FDSP 1st Half",32.61859,-85.44758,227,8.7792
"FDSP 1st Half",32.61981,-85.44757,228,8.8636
"FDSP 1st Half",32.62071,-85.44757,229,8.9258
"FDSP 1st Half",32.62103,-85.4476,230,8.9480
"FDSP 1st Half",32.6213,-85.44763,231,8.9668
"FDSP 1st Half",32.62147,-85.44767,232,8.9788
"FDSP 1st Half",32.62193,-85.4478,233,9.0115
"FDSP 1st Half",32.6224,-85.44796,234,9.0453
"FDSP 1st Half",32.62323,-85.44825,235,9.1051
"FDSP 1st Half",32.62359,-85.44836,236,9.1309
"FDSP 1st Half",32.62464,-85.44875,237,9.2070
"FDSP 1st Half",32.62485,-85.44883,238,9.2222
"FDSP 1st Half",32.62503,-85.44892,239,9.2357
"FDSP 1st Half",32.62577,-85.44938,240,9.2935
"FDSP 1st Half",32.62698,-85.45014,241,9.3882
"FDSP 1st Half",32.62715,-85.45026,242,9.4019
"FDSP 1st Half",32.62741,-85.45049,243,9.4243
"FDSP 1st Half",32.62766,-85.45075,244,9.4473
"FDSP 1st Half",32.62781,-85.45092,245,9.4616
"FDSP 1st Half",32.62794,-85.45102,246,9.4723
"FDSP 1st Half",32.62825,-85.45149,247,9.5071
"FDSP 1st Half",32.62845,-85.45187,248,9.5332
"FDSP 1st Half",32.62854,-85.4521,249,9.5480
"FDSP 1st Half",32.62863,-85.45233,250,9.5628
"FDSP 1st Half",32.62877,-85.45292,251,9.5985
"FDSP 1st Half",32.62884,-85.45327,252,9.6194
"FDSP 1st Half",32.62889,-85.45383,253,9.6522
"FDSP 1st Half",32.62891,-85.45412,254,9.6692
"FDSP 1st Half",32.6289,-85.45471,255,9.7036
"FDSP 1st Half",32.62886,-85.45481,256,9.7100
"FDSP 1st Half",32.62886,-85.45568,257,9.7607
"FDSP 1st Half",32.62885,-85.45687,258,9.8300
"FDSP 1st Half",32.62883,-85.45923,259,9.9675
"FDSP 1st Half",32.62882,-85.46043,260,10.0374
"FDSP 1st Half",32.6288,-85.4615,261,10.0998
"FDSP 1st Half",32.62879,-85.46254,262,10.1604
"FDSP 1st Half",32.62879,-85.46364,263,10.2244
"FDSP 1st Half",32.6288,-85.46474,264,10.2885
"FDSP 1st Half",32.6288,-85.46592,265,10.3573
"FDSP 1st Half",32.62882,-85.46629,266,10.3789
"FDSP 1st Half",32.62892,-85.46695,267,10.4179
"FDSP 1st Half",32.629,-85.4673,268,10.4390
"FDSP 1st Half",32.62916,-85.46782,269,10.4713
"FDSP 1st Half",32.62942,-85.4685,270,10.5148
"FDSP 1st Half",32.62963,-85.46893,271,10.5438
"FDSP 1st Half",32.62982,-85.46928,272,10.5680
"FDSP 1st Half",32.63008,-85.46986,273,10.6063
"FDSP 1st Half",32.63055,-85.47089,274,10.6745
"FDSP 1st Half",32.63104,-85.47196,275,10.7455
"FDSP 1st Half",32.63153,-85.47306,276,10.8180
"FDSP 1st Half",32.63234,-85.47487,277,10.9374
"FDSP 1st Half",32.6326,-85.47539,278,10.9726
"FDSP 1st Half",32.63285,-85.47581,279,11.0026
"FDSP 1st Half",32.63318,-85.47625,280,11.0369
"FDSP 1st Half",32.63347,-85.47656,281,11.0639
"FDSP 1st Half",32.63373,-85.47679,282,11.0863
"FDSP 1st Half",32.63426,-85.47713,283,11.1280
"FDSP 1st Half",32.63493,-85.47753,284,11.1798
"FDSP 1st Half",32.63504,-85.47761,285,11.1888
"FDSP 1st Half",32.63537,-85.4779,286,11.2172
"FDSP 1st Half",32.63566,-85.47819,287,11.2434
"FDSP 1st Half",32.63588,-85.47846,288,11.2653
"FDSP 1st Half",32.63612,-85.47884,289,11.2929
"FDSP 1st Half",32.63634,-85.47931,290,11.3243
"FDSP 1st Half",32.63647,-85.4797,291,11.3487
"FDSP 1st Half",32.6366,-85.48027,292,11.3831
"FDSP 1st Half",32.63667,-85.48069,293,11.4080
"FDSP 1st Half",32.63669,-85.48122,294,11.4389
"FDSP 1st Half",32.63669,-85.4817,295,11.4669
"FDSP 1st Half",32.63666,-85.48298,296,11.5415
"FDSP 1st Half",32.63664,-85.48406,297,11.6044
"FDSP 1st Half",32.63662,-85.48515,298,11.6679
"FDSP 1st Half",32.6366,-85.48598,299,11.7163
"FDSP 1st Half",32.63658,-85.48624,300,11.7315
"FDSP 1st Half",32.63646,-85.48736,301,11.7972
"FDSP 1st Half",32.63635,-85.48801,302,11.8359
"FDSP 1st Half",32.63608,-85.48925,303,11.9105
"FDSP 1st Half",32.63581,-85.49019,304,11.9683
"FDSP 1st Half",32.63562,-85.49077,305,12.0046
"FDSP 1st Half",32.6354,-85.49133,306,12.0406
"FDSP 1st Half",32.63514,-85.49196,307,12.0814
"FDSP 1st Half",32.63489,-85.49248,308,12.1163
"FDSP 1st Half",32.63452,-85.49318,309,12.1645
"FDSP 1st Half",32.6341,-85.49388,310,12.2145
"FDSP 1st Half",32.63385,-85.49424,311,12.2417
"FDSP 1st Half",32.63348,-85.49474,312,12.2805
"FDSP 1st Half",32.63305,-85.49527,313,12.3233
"FDSP 1st Half",32.63218,-85.49624,314,12.4059
"FDSP 1st Half",32.63121,-85.49718,315,12.4925
"FDSP 1st Half",32.63026,-85.49812,316,12.5780
"FDSP 1st Half",32.62998,-85.49839,317,12.6030
"FDSP 1st Half",32.62971,-85.49868,318,12.6282
"FDSP 1st Half",32.62921,-85.4991,319,12.6705
"FDSP 1st Half",32.62888,-85.49944,320,12.7008
"FDSP 1st Half",32.62816,-85.50012,321,12.7644
"FDSP 1st Half",32.62709,-85.50116,322,12.8600
"FDSP 1st Half",32.62601,-85.50216,323,12.9548
"FDSP 1st Half",32.62552,-85.5026,324,12.9973
"FDSP 1st Half",32.62519,-85.50285,325,13.0243
"FDSP 1st Half",32.62485,-85.50313,326,13.0530
"FDSP 1st Half",32.62449,-85.50342,327,13.0831
"FDSP 1st Half",32.62367,-85.50401,328,13.1494
"FDSP 1st Half",32.62295,-85.50448,329,13.2062
"FDSP 1st Half",32.62226,-85.50489,330,13.2596
"FDSP 1st Half",32.61968,-85.50641,331,13.4588
"FDSP 1st Half",32.61865,-85.50701,332,13.5382
"FDSP 1st Half",32.61825,-85.50723,333,13.5687
"FDSP 1st Half",32.61733,-85.50761,334,13.6360
"FDSP 1st Half",32.61701,-85.5077,335,13.6588
"FDSP 1st Half",32.61647,-85.50786,336,13.6973
"FDSP 1st Half",32.61566,-85.50798,337,13.7537
"FDSP 1st Half",32.61515,-85.50801,338,13.7891
"FDSP 1st Half",32.61445,-85.50801,339,13.8375
"FDSP 1st Half",32.61179,-85.508,340,14.0215
"FDSP 1st Half",32.6111,-85.508,341,14.0692
"FDSP 1st Half",32.61082,-85.50798,342,14.0886
"FDSP 1st Half",32.60911,-85.50795,343,14.2069
"FDSP 1st Half",32.60684,-85.50791,344,14.3639
"FDSP 1st Half",32.60448,-85.50787,345,14.5272
"FDSP 1st Half",32.60209,-85.50782,346,14.6925
"FDSP 1st Half",32.6009,-85.50781,347,14.7749
"FDSP 1st Half",32.60086,-85.50615,348,14.8716
"FDSP 1st Half",32.60082,-85.50471,349,14.9556
"FDSP 1st Half",32.60074,-85.50275,350,15.0699
"FDSP 1st Half",32.60067,-85.50102,351,15.1709
"FDSP 1st Half",32.60063,-85.49997,352,15.2321
"FDSP 1st Half",32.60057,-85.49958,353,15.2552
"FDSP 1st Half",32.60048,-85.49921,354,15.2777
"FDSP 1st Half",32.60029,-85.49873,355,15.3086
"FDSP 1st Half",32.60046,-85.49863,356,15.3217
"FDSP 1st Half",32.60062,-85.49856,357,15.3335
"FDSP 1st Half",32.60079,-85.49852,358,15.3455
"FDSP 1st Half",32.60102,-85.49856,359,15.3615
"FDSP 1st Half",32.60158,-85.49868,360,15.4009
"FDSP 1st Half",32.60226,-85.49882,361,15.4486
"FDSP 1st Half",32.60271,-85.49887,362,15.4799
"FDSP 1st Half",32.60301,-85.4989,363,15.5007
"FDSP 1st Half",32.60377,-85.49894,364,15.5534
"FDSP 1st Half",32.60398,-85.49895,365,15.5679
"FDSP 1st Half",32.60399,-85.49834,366,15.6034
"FDSP 1st Half",32.60401,-85.4967,367,15.6990
"FDSP 1st Half",32.60402,-85.49623,368,15.7264
"FDSP 1st Half",32.60406,-85.49571,369,15.7568
"FDSP 1st Half",32.60408,-85.49551,370,15.7686
"FDSP 1st Half",32.60429,-85.49554,371,15.7832
"FDSP 1st Half",32.60446,-85.49554,372,15.7950
"FDSP 1st Half",32.60471,-85.49549,373,15.8125
"FDSP 1st Half",32.60489,-85.49543,374,15.8254
"FDSP 1st Half",32.60506,-85.49535,375,15.8381
"FDSP 1st Half",32.60500591933884,-85.49521687837253,376,15.8467
"FDSP 1st Half",32.60493,-85.49503,377,15.8588
"FDSP 1st Half",32.6049,-85.49489,378,15.8672
"FDSP 1st Half",32.60489,-85.49436,379,15.8981
"FDSP 1st Half",32.60489,-85.49407,380,15.9150
"FDSP 1st Half",32.60478,-85.49395,381,15.9253
"FDSP 1st Half",32.60474,-85.49376,382,15.9367
"FDSP 1st Half",32.6048,-85.49362,383,15.9459
"FDSP 1st Half",32.60489,-85.49354,384,15.9537
"FDSP 1st Half",32.60488,-85.49255,385,16.0114
"FFAC",32.6049,-85.49316,1,0.0000
"FFAC",32.60488788773945,-85.49241509597633,2,0.0434
"FFAC",32.60488,-85.49193,3,0.0717
"FFAC",32.60483,-85.49144,4,0.1004
"FFAC",32.60482,-85.49092,5,0.1308
"FFAC",32.60483,-85.49042,6,0.1599
"FFAC",32.60512,-85.49043,7,0.1800
"FFAC",32.6058,-85.49037,8,0.2271
"FFAC",32.6061,-85.49037,9,0.2479
"FFAC",32.60636,-85.49037,10,0.2659
"FFAC",32.60636,-85.49088,11,0.2956
"FFAC",32.60636,-85.49195,12,0.3579
"FFAC",32.60635,-85.49302,13,0.4203
"FFAC",32.60634,-85.4936,14,0.4541
"FFAC",32.60623,-85.49407,15,0.4825
"FFAC",32.60608,-85.49439,16,0.5038
"FFAC",32.60592,-85.49463,17,0.5217
"FFAC",32.60572,-85.49487,18,0.5414
"FFAC",32.60555,-85.49504,19,0.5567
"FFAC",32.60515,-85.4953,20,0.5883
"FFAC",32.60493,-85.49541,21,0.6048
"FFAC",32.60471,-85.49549,22,0.6207
"FFAC",32.60446,-85.49554,23,0.6382
"FFAC",32.60429,-85.49554,24,0.6500
"FFAC",32.60408,-85.49551,25,0.6646
"FFAC",32.60404,-85.49592,26,0.6887
"FFAC",32.60401,-85.4964,27,0.7167
"FFAC",32.604,-85.49696,28,0.7494
"FFAC",32.60399,-85.49801,29,0.8106
"FFAC",32.60398,-85.49895,30,0.8653
"FFAC",32.60354,-85.49893,31,0.8958
"FFAC",32.60301,-85.4989,32,0.9325
"FFAC",32.60232,-85.49882,33,0.9804
"FFAC",32.60184,-85.49874,34,1.0140
"FFAC",32.60102,-85.49856,35,1.0717
"FFAC",32.60079,-85.49852,36,1.0877
"FFAC",32.6007,-85.49853,37,1.0940
"FFAC",32.60046,-85.49863,38,1.1116
"FFAC",32.60029,-85.49873,39,1.1247
"FFAC",32.60047,-85.49916,40,1.1527
"FFAC",32.60056,-85.49952,41,1.1746
"FFAC",32.60063,-85.49997,42,1.2012
"FFAC",32.60066,-85.50066,43,1.2415
"FFAC",32.60069,-85.50148,44,1.2893
"FFAC",32.60072,-85.5024,45,1.3430
"FFAC",32.60076,-85.50332,46,1.3967
"FFAC",32.60043,-85.50341,47,1.4201
"FFAC",32.60027,-85.50347,48,1.4317
"FFAC",32.60002,-85.50363,49,1.4513
"FFAC",32.5999,-85.50366,50,1.4598
"FFAC",32.59973,-85.50366,51,1.4716
"FFAC",32.5993109798811,-85.50368116263226,52,1.5006
"FFAC",32.59874,-85.50371,53,1.5401
"FFAC",32.59773,-85.50378,54,1.6101
"FFAC",32.59744,-85.50379,55,1.6302
"FFAC",32.59748,-85.5036,56,1.6416
"FFAC",32.59759,-85.50356,57,1.6495
"FFAC",32.59772,-85.50355,58,1.6585
"FFAC",32.598,-85.50353,59,1.6779
"FFAC",32.59853,-85.5035,60,1.7146
"FFAC",32.59911,-85.50347,61,1.7548
"FFAC",32.5997,-85.50344,62,1.7957
"FFAC",32.59986,-85.50343,63,1.8067
"FFAC",32.5999,-85.50357,64,1.8153
"FFAC",32.60002,-85.50363,65,1.8244
"FFAC",32.60011,-85.50357,66,1.8315
"FFAC",32.60036,-85.50342,67,1.8509
"FFAC",32.6005,-85.5034,68,1.8606
"FFAC",32.60076,-85.50339,69,1.8786
"FFAC",32.60074,-85.50281,70,1.9124
"FFAC",32.60072,-85.50234,71,1.9399
"FFAC",32.6007,-85.50185,72,1.9685
"FFAC",32.60068,-85.50132,73,1.9994
"FFAC",32.60066,-85.50079,74,2.0303
"FFAC",32.60064,-85.50026,75,2.0612
"FFAC",32.60063,-85.49997,76,2.0781
"FFAC",32.6006,-85.49972,77,2.0928
"FFAC",32.60055,-85.49947,78,2.1078
"FFAC",32.60048,-85.4992,79,2.1243
"FFAC",32.60031,-85.49877,80,2.1519
"FFAC",32.60046,-85.49863,81,2.1651
"FFAC",32.6006,-85.49856,82,2.1757
"FFAC",32.60079,-85.49852,83,2.1890
"FFAC",32.60104,-85.49856,84,2.2064
"FFAC",32.60156,-85.49868,85,2.2431
"FFAC",32.60216,-85.4988,86,2.2852
"FFAC",32.60285,-85.49888,87,2.3331
"FFAC",32.60356,-85.49893,88,2.3823
"FFAC",32.60394,-85.49894,89,2.4086
"FFAC",32.60399,-85.49847,90,2.4362
"FFAC",32.60399,-85.49797,91,2.4654
"FFAC",32.604,-85.49706,92,2.5184
"FFAC",32.60402,-85.49623,93,2.5668
"FFAC",32.60408,-85.49551,94,2.6089
"FFAC",32.60427,-85.49553,95,2.6221
"FFAC",32.60457,-85.49552,96,2.6429
"FFAC",32.60479,-85.49547,97,2.6584
"FFAC",32.60507,-85.49534,98,2.6792
"FFAC",32.60493,-85.49502,99,2.7002
"FFAC",32.6049,-85.49489,100,2.7080
"FFAC",32.60489,-85.49455,101,2.7279
"FFAC",32.60489,-85.49405,102,2.7570
"FFAC",32.60478,-85.49395,103,2.7666
"FFAC",32.60474,-85.49381,104,2.7752
"FFAC",32.60478,-85.49364,105,2.7855
"FFAC",32.60489,-85.49354,106,2.7951
"FFAC",32.60488,-85.49234,107,2.8650
"FGPAC 1st half",32.60491,-85.49313,1,0.0000
"FGPAC 1st half",32.60488,-85.49193,2,0.0700
"FGPAC 1st half",32.60485,-85.49165,3,0.0864
"FGPAC 1st half",32.60483,-85.49144,4,0.0987
"FGPAC 1st half",32.60482,-85.49115,5,0.1156
"FGPAC 1st half",32.60482437433033,-85.49083067388584,6,0.1342
"FGPAC 1st half",32.60483,-85.49042,7,0.1582
"FGPAC 1st half",32.60539,-85.49042,8,0.1969
"FGPAC 1st half",32.60568,-85.49039,9,0.2170
"FGPAC 1st half",32.60636,-85.49037,10,0.2641
"FGPAC 1st half",32.60636,-85.49202,11,0.3602
"FGPAC 1st half",32.60634,-85.49351,12,0.4471
"FGPAC 1st half",32.60633,-85.49366,13,0.4558
"FGPAC 1st half",32.60624,-85.49404,14,0.4788
"FGPAC 1st half",32.60608,-85.49439,15,0.5020
"FGPAC 1st half",32.60592,-85.49463,16,0.5199
"FGPAC 1st half",32.60577,-85.49482,17,0.5350
"FGPAC 1st half",32.60555,-85.49504,18,0.5549
"FGPAC 1st half",32.60515,-85.4953,19,0.5865
"FGPAC 1st half",32.60495,-85.49541,20,0.6017
"FGPAC 1st half",32.60471,-85.49549,21,0.6190
"FGPAC 1st half",32.60446,-85.49553,22,0.6364
"FGPAC 1st half",32.60429,-85.49554,23,0.6482
"FGPAC 1st half",32.60408,-85.49551,24,0.6628
"FGPAC 1st half",32.60376,-85.49541,25,0.6857
"FGPAC 1st half",32.60353,-85.49534,26,0.7021
"FGPAC 1st half",32.60337,-85.49523,27,0.7149
"FGPAC 1st half",32.60319,-85.49511,28,0.7292
"FGPAC 1st half",32.60297,-85.49491,29,0.7484
"FGPAC 1st half",32.60285,-85.49481,30,0.7585
"FGPAC 1st half",32.60269,-85.49473,31,0.7705
"FGPAC 1st half",32.60245,-85.49468,32,0.7874
"FGPAC 1st half",32.60228,-85.49469,33,0.7992
"FGPAC 1st half",32.60206,-85.49478,34,0.8153
"FGPAC 1st half",32.60189,-85.49491,35,0.8292
"FGPAC 1st half",32.60169,-85.49508,36,0.8463
"FGPAC 1st half",32.60148,-85.49527,37,0.8645
"FGPAC 1st half",32.60108,-85.49561,38,0.8986
"FGPAC 1st half",32.60062,-85.49604,39,0.9391
"FGPAC 1st half",32.6003,-85.49631,40,0.9662
"FGPAC 1st half",32.59997,-85.49659,41,0.9943
"FGPAC 1st half",32.59955,-85.49695,42,1.0301
"FGPAC 1st half",32.59925,-85.49721,43,1.0558
"FGPAC 1st half",32.59905,-85.49738,44,1.0728
"FGPAC 1st half",32.59885,-85.49755,45,1.0898
"FGPAC 1st half",32.59866,-85.49774,46,1.1070
"FGPAC 1st half",32.59844,-85.49793,47,1.1258
"FGPAC 1st half",32.59818,-85.49819,48,1.1493
"FGPAC 1st half",32.59793,-85.49844,49,1.1720
"FGPAC 1st half",32.59771,-85.49867,50,1.1922
"FGPAC 1st half",32.5974,-85.49898,51,1.2203
"FGPAC 1st half",32.59705,-85.49939,52,1.2543
"FGPAC 1st half",32.59681,-85.49968,53,1.2780
"FGPAC 1st half",32.59654,-85.5,54,1.3044
"FGPAC 1st half",32.59645,-85.5001,55,1.3129
"FGPAC 1st half",32.59617,-85.49974,56,1.3415
"FGPAC 1st half",32.59601,-85.49957,57,1.3563
"FGPAC 1st half",32.59574,-85.49942,58,1.3769
"FGPAC 1st half",32.59556,-85.49937,59,1.3897
"FGPAC 1st half",32.59453,-85.49929,60,1.4611
"FGPAC 1st half",32.59441,-85.49927,61,1.4695
"FGPAC 1st half",32.59419,-85.49919,62,1.4854
"FGPAC 1st half",32.59409,-85.49913,63,1.4932
"FGPAC 1st half",32.59387,-85.49899,64,1.5104
"FGPAC 1st half",32.5937,-85.49883,65,1.5254
"FGPAC 1st half",32.59356,-85.49867,66,1.5389
"FGPAC 1st half",32.59336,-85.49836,67,1.5616
"FGPAC 1st half",32.59317,-85.49802,68,1.5854
"FGPAC 1st half",32.59308,-85.49786,69,1.5966
"FGPAC 1st half",32.59304,-85.4977,70,1.6063
"FGPAC 1st half",32.59299,-85.4975,71,1.6185
"FGPAC 1st half",32.59284,-85.49598,72,1.7077
"FGPAC 1st half",32.59265,-85.4942,73,1.8123
"FGPAC 1st half",32.59257,-85.49324,74,1.8685
"FGPAC 1st half",32.59243,-85.49148,75,1.9715
"FGPAC 1st half",32.59233,-85.49031,76,2.0400
"FGPAC 1st half",32.59181,-85.49027,77,2.0761
"FGPAC 1st half",32.59127,-85.49023,78,2.1135
"FGPAC 1st half",32.58896,-85.49017,79,2.2733
"FGPAC 1st half",32.5888,-85.49017,80,2.2844
"FGPAC 1st half",32.58884,-85.48864,81,2.3736
"FGPAC 1st half",32.5889,-85.48662,82,2.4914
"FGPAC 1st half",32.58892,-85.48628,83,2.5113
"FGPAC 1st half",32.589213252517546,-85.4862822910353,84,2.5316
"FGPAC 1st half",32.5902,-85.48629,85,2.5998
"FGPAC 1st half",32.59079,-85.48635,86,2.6408
"FGPAC 1st half",32.59104,-85.48638,87,2.6582
"FGPAC 1st half",32.59147,-85.48649,88,2.6886
"FGPAC 1st half",32.59192,-85.4867,89,2.7220
"FGPAC 1st half",32.59298,-85.48729,90,2.8030
"FGPAC 1st half",32.59355,-85.48633,91,2.8714
"FGPAC 1st half",32.59364,-85.48637,92,2.8781
"FGPAC 1st half",32.59365657059526,-85.48670693543691,93,2.8978
"FGPAC 1st half",32.59367,-85.48698,94,2.9137
"FGPAC 1st half",32.59367,-85.48747,95,2.9423
"FGPAC 1st half",32.59337,-85.48744,96,2.9631
"FGPAC 1st half",32.59326,-85.4874,97,2.9710
"FGPAC 1st half",32.59312,-85.48728,98,2.9830
"FGPAC 1st half",32.59303,-85.48721,99,2.9904
"FGPAC 1st half",32.59276,-85.48771,100,3.0250
"FGPAC 1st half",32.59263,-85.48802,101,3.0452
"FGPAC 1st half",32.59251,-85.48839,102,3.0683
"FGPAC 1st half",32.59239,-85.48895,103,3.1020
"FGPAC 1st half",32.59235,-85.48938,104,3.1272
"FGPAC 1st half",32.59233,-85.49031,105,3.1814
"FGPAC 1st half",32.59242,-85.49136,106,3.2429
"FGPAC 1st half",32.59255,-85.49289,107,3.3326
"FGPAC 1st half",32.59264,-85.49404,108,3.3999
"FGPAC 1st half",32.59279,-85.49553,109,3.4873
"FGPAC 1st half",32.59297,-85.49722,110,3.5866
"FGPAC 1st half",32.59299,-85.4975,111,3.6030
"FGPAC 1st half",32.59308,-85.49786,112,3.6248
"FGPAC 1st half",32.59345,-85.4985,113,3.6701
"FGPAC 1st half",32.59356,-85.49867,114,3.6826
"FGPAC 1st half",32.5937,-85.49883,115,3.6960
"FGPAC 1st half",32.59387,-85.49899,116,3.7110
"FGPAC 1st half",32.59409,-85.49913,117,3.7283
"FGPAC 1st half",32.59429,-85.49923,118,3.7433
"FGPAC 1st half",32.59441,-85.49927,119,3.7519
"FGPAC 1st half",32.59471,-85.49931,120,3.7728
"FGPAC 1st half",32.59556,-85.49937,121,3.8317
"FGPAC 1st half",32.59574,-85.49942,122,3.8445
"FGPAC 1st half",32.59601,-85.49957,123,3.8651
"FGPAC 1st half",32.59628,-85.49989,124,3.8915
"FGPAC 1st half",32.59645,-85.5001,125,3.9085
"FGPAC 1st half",32.59712,-85.50087,126,3.9730
"FGPAC 1st half",32.59763,-85.50139,127,4.0195
"FGPAC 1st half",32.59798,-85.50172,128,4.0504
"FGPAC 1st half",32.59829,-85.50196,129,4.0760
"FGPAC 1st half",32.59839,-85.50202,130,4.0838
"FGPAC 1st half",32.59879,-85.50216,131,4.1126
"FGPAC 1st half",32.59916,-85.50225,132,4.1387
"FGPAC 1st half",32.59933,-85.50227,133,4.1505
"FGPAC 1st half",32.59965,-85.50229,134,4.1727
"FGPAC 1st half",32.60032,-85.50224,135,4.2191
"FGPAC 1st half",32.60046,-85.5021,136,4.2318
"FGPAC 1st half",32.60058,-85.50192,137,4.2452
"FGPAC 1st half",32.60063,-85.50153,138,4.2682
"FGPAC 1st half",32.60068,-85.50137,139,4.2781
"FGPAC 1st half",32.60066,-85.50066,140,4.3195
"FGPAC 1st half",32.60062,-85.49995,141,4.3610
"FGPAC 1st half",32.60057,-85.49958,142,4.3828
"FGPAC 1st half",32.60049,-85.49924,143,4.4034
"FGPAC 1st half",32.60039,-85.49895,144,4.4217
"FGPAC 1st half",32.60029,-85.49873,145,4.4362
"FGPAC 1st half",32.60046,-85.49863,146,4.4493
"FGPAC 1st half",32.60062,-85.49856,147,4.4611
"FGPAC 1st half",32.60075,-85.49853,148,4.4703
"FGPAC 1st half",32.60102,-85.49856,149,4.4891
"FGPAC 1st half",32.60144,-85.49865,150,4.5186
"FGPAC 1st half",32.6015769565246,-85.49868340403039,151,4.5282
"FGPAC 1st half",32.60185,-85.49875,152,4.5475
"FGPAC 1st half",32.60226,-85.49882,153,4.5762
"FGPAC 1st half",32.60301,-85.49889,154,4.6282
"FGPAC 1st half",32.60372,-85.49893,155,4.6774
"FGPAC 1st half",32.60398,-85.49894,156,4.6954
"FGPAC 1st half",32.604,-85.4976,157,4.7735
"FGPAC 1st half",32.60401,-85.4964,158,4.8434
"FGPAC 1st half",32.60404,-85.49588,159,4.8738
"FGPAC 1st half",32.60408,-85.49549,160,4.8967
"FGPAC 1st half",32.60437,-85.49554,161,4.9169
"FGPAC 1st half",32.60457,-85.49552,162,4.9308
"FGPAC 1st half",32.60478,-85.49547,163,4.9456
"FGPAC 1st half",32.60506,-85.49535,164,4.9662
"FGPAC 1st half",32.60491,-85.49493,165,4.9928
"FGPAC 1st half",32.60489,-85.49473,166,5.0045
"FGPAC 1st half",32.60489,-85.49407,167,5.0430
"FGPAC 1st half",32.60479,-85.49396,168,5.0524
"FGPAC 1st half",32.60475,-85.49372,169,5.0667
"FGPAC 1st half",32.60489,-85.49354,170,5.0810
"FGPAC 1st half",32.60489,-85.49338,171,5.0903
"FGPAC 1st half",32.60488,-85.49193,172,5.1748
"FGPAC 1st half",32.60482,-85.49143,173,5.2042
"FTT 1st Half",32.60482,-85.49359,1,0.0000
"FTT 1st Half",32.60488,-85.49193,2,0.0968
"FTT 1st Half",32.60483,-85.49144,3,0.1256
"FTT 1st Half",32.60483,-85.49049,4,0.1809
"FTT 1st Half",32.60512,-85.49043,5,0.2013
"FTT 1st Half",32.6058,-85.49037,6,0.2485
"FTT 1st Half",32.60626,-85.49037,7,0.2803
"FTT 1st Half",32.60636,-85.49037,8,0.2872
"FTT 1st Half",32.60646,-85.49039,9,0.2942
"FTT 1st Half",32.60719,-85.49039,10,0.3447
"FTT 1st Half",32.60778,-85.49035,11,0.3856
"FTT 1st Half",32.60823,-85.49029,12,0.4169
"FTT 1st Half",32.60854,-85.49027,13,0.4384
"FTT 1st Half",32.60869,-85.49027,14,0.4488
"FTT 1st Half",32.60985,-85.49036,15,0.5292
"FTT 1st Half",32.61011,-85.49037,16,0.5472
"FTT 1st Half",32.61101,-85.49034,17,0.6094
"FTT 1st Half",32.61168,-85.49033,18,0.6558
"FTT 1st Half",32.61349,-85.4904,19,0.7811
"FTT 1st Half",32.61386,-85.49042,20,0.8067
"FTT 1st Half",32.61576,-85.49041,21,0.9381
"FTT 1st Half",32.61668,-85.49042,22,1.0017
"FTT 1st Half",32.61811,-85.49047,23,1.1007
"FTT 1st Half",32.61828,-85.49051,24,1.1127
"FTT 1st Half",32.61849,-85.49062,25,1.1286
"FTT 1st Half",32.61984,-85.49151,26,1.2354
"FTT 1st Half",32.62041,-85.49195,27,1.2824
"FTT 1st Half",32.6213,-85.49262,28,1.3553
"FTT 1st Half",32.62268,-85.49364,29,1.4677
"FTT 1st Half",32.62334,-85.4941,30,1.5207
"FTT 1st Half",32.62381,-85.49434,31,1.5561
"FTT 1st Half",32.62421,-85.49445,32,1.5845
"FTT 1st Half",32.62523,-85.49467,33,1.6562
"FTT 1st Half",32.62608,-85.49487,34,1.7161
"FTT 1st Half",32.62662,-85.49504,35,1.7547
"FTT 1st Half",32.62711,-85.49532,36,1.7924
"FTT 1st Half",32.62761,-85.49556,37,1.8297
"FTT 1st Half",32.62779,-85.49569,38,1.8442
"FTT 1st Half",32.62875,-85.49624,39,1.9180
"FTT 1st Half",32.63042,-85.49733,40,2.0498
"FTT 1st Half",32.63081,-85.49758,41,2.0804
"FTT 1st Half",32.63105,-85.49733,42,2.1025
"FTT 1st Half",32.63172,-85.49669,43,2.1620
"FTT 1st Half",32.63207,-85.49636,44,2.1929
"FTT 1st Half",32.63241,-85.496,45,2.2244
"FTT 1st Half",32.63314,-85.49517,46,2.2943
"FTT 1st Half",32.63342,-85.49481,47,2.3229
"FTT 1st Half",32.63381,-85.4943,48,2.3630
"FTT 1st Half",32.6341,-85.49388,49,2.3946
"FTT 1st Half",32.63435,-85.49348,50,2.4237
"FTT 1st Half",32.63471,-85.49283,51,2.4690
"FTT 1st Half",32.63509,-85.49208,52,2.5200
"FTT 1st Half",32.63523,-85.49175,53,2.5415
"FTT 1st Half",32.63565,-85.49069,54,2.6097
"FTT 1st Half",32.63588,-85.48999,55,2.6535
"FTT 1st Half",32.63615,-85.48897,56,2.7158
"FTT 1st Half",32.63635,-85.48801,57,2.7734
"FTT 1st Half",32.63651,-85.487,58,2.8332
"FTT 1st Half",32.6366,-85.48598,59,2.8930
"FTT 1st Half",32.63661,-85.48555,60,2.9180
"FTT 1st Half",32.63666,-85.48256,61,3.0922
"FTT 1st Half",32.63669,-85.48122,62,3.1703
"FTT 1st Half",32.63667,-85.48068,63,3.2018
"FTT 1st Half",32.6366,-85.48027,64,3.2262
"FTT 1st Half",32.63653,-85.47994,65,3.2460
"FTT 1st Half",32.63641,-85.47952,66,3.2718
"FTT 1st Half",32.63633,-85.4793,67,3.2858
"FTT 1st Half",32.63612,-85.47884,68,3.3163
"FTT 1st Half",32.63588,-85.47846,69,3.3439
"FTT 1st Half",32.63556,-85.47808,70,3.3752
"FTT 1st Half",32.63523,-85.47777,71,3.4044
"FTT 1st Half",32.63493,-85.47753,72,3.4294
"FTT 1st Half",32.63467,-85.47737,73,3.4496
"FTT 1st Half",32.63388,-85.4769,74,3.5107
"FTT 1st Half",32.63359,-85.47667,75,3.5349
"FTT 1st Half",32.63338,-85.47647,76,3.5535
"FTT 1st Half",32.63315,-85.47621,77,3.5755
"FTT 1st Half",32.63294,-85.47594,78,3.5969
"FTT 1st Half",32.63269,-85.47556,79,3.6250
"FTT 1st Half",32.6325,-85.47519,80,3.6502
"FTT 1st Half",32.63234,-85.47487,81,3.6719
"FTT 1st Half",32.63131,-85.47257,82,3.8236
"FTT 1st Half",32.63011,-85.46993,83,3.9984
"FTT 1st Half",32.62982,-85.46928,84,4.0412
"FTT 1st Half",32.62942,-85.4685,85,4.0944
"FTT 1st Half",32.62931,-85.46824,86,4.1114
"FTT 1st Half",32.6291,-85.46766,87,4.1482
"FTT 1st Half",32.62894,-85.46702,88,4.1870
"FTT 1st Half",32.62885,-85.46655,89,4.2151
"FTT 1st Half",32.6288,-85.46592,90,4.2520
"FTT 1st Half",32.62879,-85.46355,91,4.3901
"FTT 1st Half",32.62879,-85.46183,92,4.4903
"FTT 1st Half",32.62883,-85.45972,93,4.6132
"FTT 1st Half",32.62886,-85.45589,94,4.8363
"FTT 1st Half",32.62886,-85.45481,95,4.8992
"FTT 1st Half",32.62882,-85.45469,96,4.9068
"FTT 1st Half",32.62882,-85.45412,97,4.9400
"FTT 1st Half",32.62879,-85.45366,98,4.9668
"FTT 1st Half",32.62875,-85.45329,99,4.9886
"FTT 1st Half",32.62868,-85.45291,100,5.0112
"FTT 1st Half",32.62854,-85.45237,101,5.0441
"FTT 1st Half",32.6285,-85.45226,102,5.0511
"FTT 1st Half",32.62837,-85.45192,103,5.0729
"FTT 1st Half",32.62831,-85.4518,104,5.0810
"FTT 1st Half",32.62825,-85.45168,105,5.0891
"FTT 1st Half",32.62788,-85.45108,106,5.1325
"FTT 1st Half",32.62781,-85.45092,107,5.1430
"FTT 1st Half",32.62766,-85.45075,108,5.1573
"FTT 1st Half",32.62715,-85.45026,109,5.2027
"FTT 1st Half",32.62665,-85.44992,110,5.2425
"FTT 1st Half",32.62503,-85.44892,111,5.3688
"FTT 1st Half",32.62485,-85.44883,112,5.3823
"FTT 1st Half",32.62448,-85.44869,113,5.4092
"FTT 1st Half",32.62359,-85.44836,114,5.4737
"FTT 1st Half",32.62323,-85.44825,115,5.4994
"FTT 1st Half",32.6222,-85.4479,116,5.5735
"FTT 1st Half",32.62193,-85.4478,117,5.5931
"FTT 1st Half",32.62147,-85.44767,118,5.6258
"FTT 1st Half",32.62112,-85.44761,119,5.6502
"FTT 1st Half",32.62071,-85.44757,120,5.6787
"FTT 1st Half",32.61922,-85.44758,121,5.7818
"FTT 1st Half",32.61731,-85.4476,122,5.9139
"FTT 1st Half",32.61629,-85.4476,123,5.9844
"FTT 1st Half",32.6151,-85.4476,124,6.0668
"FTT 1st Half",32.61428,-85.44763,125,6.1235
"FTT 1st Half",32.61339,-85.44763,126,6.1851
"FTT 1st Half",32.61143,-85.44765,127,6.3206
"FTT 1st Half",32.61048,-85.44765,128,6.3864
"FTT 1st Half",32.60888,-85.44768,129,6.4970
"FTT 1st Half",32.60888,-85.44659,130,6.5606
"FTT 1st Half",32.60888,-85.44372,131,6.7278
"FTT 1st Half",32.60885,-85.44302,132,6.7686
"FTT 1st Half",32.60875,-85.44257,133,6.7957
"FTT 1st Half",32.60867,-85.44233,134,6.8108
"FTT 1st Half",32.60861,-85.44218,135,6.8205
"FTT 1st Half",32.60846,-85.44189,136,6.8403
"FTT 1st Half",32.60823,-85.44157,137,6.8648
"FTT 1st Half",32.60805,-85.44138,138,6.8815
"FTT 1st Half",32.60779,-85.44116,139,6.9035
"FTT 1st Half",32.6076,-85.44103,140,6.9187
"FTT 1st Half",32.60583,-85.44009,141,7.0528
"FTT 1st Half",32.60477,-85.43954,142,7.1329
"FTT 1st Half",32.60403,-85.43913,143,7.1893
"FTT 1st Half",32.60365,-85.43883,144,7.2209
"FTT 1st Half",32.6035,-85.43869,145,7.2341
"FTT 1st Half",32.60335,-85.4385,146,7.2493
"FTT 1st Half",32.60317,-85.43826,147,7.2680
"FTT 1st Half",32.603,-85.43796,148,7.2891
"FTT 1st Half",32.60281,-85.43751,149,7.3184
"FTT 1st Half",32.60272,-85.43724,150,7.3353
"FTT 1st Half",32.60265,-85.43694,151,7.3535
"FTT 1st Half",32.60263,-85.43675,152,7.3646
"FTT 1st Half",32.6026,-85.43634,153,7.3886
"FTT 1st Half",32.60263,-85.43585,154,7.4172
"FTT 1st Half",32.60269,-85.43552,155,7.4369
"FTT 1st Half",32.60278,-85.4352,156,7.4566
"FTT 1st Half",32.60286,-85.43497,157,7.4711
"FTT 1st Half",32.60302,-85.43461,158,7.4948
"FTT 1st Half",32.60319,-85.43434,159,7.5144
"FTT 1st Half",32.60347,-85.43397,160,7.5434
"FTT 1st Half",32.60369,-85.43375,161,7.5633
"FTT 1st Half",32.60404,-85.43348,162,7.5922
"FTT 1st Half",32.60432,-85.43333,163,7.6134
"FTT 1st Half",32.60444,-85.43327,164,7.6224
"FTT 1st Half",32.60477,-85.43317,165,7.6460
"FTT 1st Half",32.60721,-85.43263,166,7.8177
"FTT 1st Half",32.60754,-85.43253,167,7.8412
"FTT 1st Half",32.60786,-85.43238,168,7.8650
"FTT 1st Half",32.6081,-85.43222,169,7.8841
"FTT 1st Half",32.6083,-85.43204,170,7.9014
"FTT 1st Half",32.60851,-85.43176,171,7.9233
"FTT 1st Half",32.6087,-85.4314,172,7.9480
"FTT 1st Half",32.60891,-85.4309,173,7.9806
"FTT 1st Half",32.60905,-85.43048,174,8.0069
"FTT 1st Half",32.6093,-85.42991,175,8.0443
"FTT 1st Half",32.6097,-85.42902,176,8.1031
"FTT 1st Half",32.61016,-85.42834,177,8.1539
"FTT 1st Half",32.61055,-85.42787,178,8.1924
"FTT 1st Half",32.61077,-85.42765,179,8.2123
"FTT 1st Half",32.61112,-85.42735,180,8.2421
"FTT 1st Half",32.61157,-85.42698,181,8.2800
"FTT 1st Half",32.61254,-85.42626,182,8.3591
"FTT 1st Half",32.61348,-85.42552,183,8.4371
"FTT 1st Half",32.61448,-85.42477,184,8.5190
"FTT 1st Half",32.61626,-85.42338,185,8.6663
"FTT 1st Half",32.61844,-85.42166,186,8.8474
"FTT 1st Half",32.61857,-85.42153,187,8.8591
"FTT 1st Half",32.61881,-85.42125,188,8.8824
"FTT 1st Half",32.61904,-85.42089,189,8.9087
"FTT 1st Half",32.61952,-85.42005,190,8.9679
"FTT 1st Half",32.61977,-85.41956,191,9.0013
"FTT 1st Half",32.61996,-85.41901,192,9.0359
"FTT 1st Half",32.62005,-85.41868,193,9.0561
"FTT 1st Half",32.62083,-85.41586,194,9.2290
"FTT 1st Half",32.62145,-85.41362,195,9.3664
"FTT 1st Half",32.62166,-85.41285,196,9.4135
"FTT 1st Half",32.62178,-85.41221,197,9.4517
"FTT 1st Half",32.62189,-85.4115,198,9.4938
"FTT 1st Half",32.62198,-85.41064,199,9.5443
"FTT 1st Half",32.62205,-85.40998,200,9.5830
"FTT 1st Half",32.62199,-85.40976,201,9.5965
"FTT 1st Half",32.62186,-85.40959,202,9.6099
"FTT 1st Half",32.62052,-85.40911,203,9.7067
"FTT 1st Half",32.61952,-85.40871,204,9.7797
"FTT 1st Half",32.61885,-85.40848,205,9.8279
"FTT 1st Half",32.6181,-85.40818,206,9.8827
"FTT 1st Half",32.61792,-85.40811,207,9.8958
"FTT 1st Half",32.61756,-85.40797,208,9.9220
"FTT 1st Half",32.61733,-85.40883,209,9.9746
"FTT 1st Half",32.61708,-85.40874,210,9.9926
"FTT 1st Half",32.61672440844174,-85.40863998987423,211,10.0179
"FTT 1st Half",32.61644,-85.40856,212,10.0381
"FTT 1st Half",32.61594,-85.40841,213,10.0738
"FTT 1st Half",32.61582,-85.40836,214,10.0826
"FTT 1st Half",32.61536,-85.40818,215,10.1161
"FTT 1st Half",32.61487,-85.40913,216,10.1810
"FTT 1st Half",32.6147,-85.40948,217,10.2045
"FTT 1st Half",32.61456,-85.40976,218,10.2235
"FTT 1st Half",32.6142,-85.4104,219,10.2684
"FTT 1st Half",32.6141,-85.41056,220,10.2800
"FTT 1st Half",32.61374,-85.41102,221,10.3165
"FTT 1st Half",32.61357,-85.41137,222,10.3401
"FTT 1st Half",32.61348,-85.41166,223,10.3581
"FTT 1st Half",32.61322,-85.41267,224,10.4196
"FTT 1st Half",32.61315,-85.41304,225,10.4417
"FTT 1st Half",32.6131,-85.41334,226,10.4595
"FTT 1st Half",32.61313,-85.41368,227,10.4795
"FTT 1st Half",32.61336,-85.4149,228,10.5523
"FTT 1st Half",32.61365,-85.4149,229,10.5724
"FTT 1st Half",32.61392,-85.41496,230,10.5914
"FTT 1st Half",32.61416,-85.41506,231,10.6089
"FTT 1st Half",32.61446,-85.41528,232,10.6333
"FTT 1st Half",32.61471,-85.41549,233,10.6545
"FTT 1st Half",32.61498,-85.41564,234,10.6751
"FTT 1st Half",32.61527,-85.41572,235,10.6957
"FTT 1st Half",32.61554,-85.41576,236,10.7146
"FTT 1st Half",32.61583,-85.41577,237,10.7346
"FTT 1st Half",32.61608,-85.41571,238,10.7523
"FTT 1st Half",32.61685,-85.41546,239,10.8075
"FTT 1st Half",32.61703,-85.41541,240,10.8203
"FTT 1st Half",32.61737,-85.41534,241,10.8441
"FTT 1st Half",32.61833,-85.41535,242,10.9105
"FTT 1st Half",32.6187,-85.41534,243,10.9361
"FTT 1st Half",32.61915,-85.41528,244,10.9675
"FTT 1st Half",32.61991,-85.41531,245,11.0201
"FTT 1st Half",32.62012,-85.41531,246,11.0346
"FTT 1st Half",32.62084,-85.41531,247,11.0844
"FTT 1st Half",32.62097,-85.41531,248,11.0934
"FTT 1st Half",32.62035,-85.41762,249,11.2346
"FTT 1st Half",32.61996,-85.41901,250,11.3200
"FTT 1st Half",32.61977,-85.41956,251,11.3546
"FTT 1st Half",32.61952,-85.42005,252,11.3880
"FTT 1st Half",32.61924,-85.42055,253,11.4230
"FTT 1st Half",32.61881,-85.42125,254,11.4735
"FTT 1st Half",32.61857,-85.42153,255,11.4967
"FTT 1st Half",32.61844,-85.42166,256,11.5085
"FTT 1st Half",32.61741,-85.42248,257,11.5943
"FTT 1st Half",32.61626,-85.42338,258,11.6895
"FTT 1st Half",32.61571,-85.42381,259,11.7351
"FTT 1st Half",32.61479,-85.42453,260,11.8113
"FTT 1st Half",32.61402,-85.42511,261,11.8744
"FTT 1st Half",32.6131,-85.42582,262,11.9503
"FTT 1st Half",32.61219,-85.42652,263,12.0253
"FTT 1st Half",32.61139,-85.42713,264,12.0911
"FTT 1st Half",32.611,-85.42745,265,12.1239
"FTT 1st Half",32.61064,-85.42778,266,12.1553
"FTT 1st Half",32.61035,-85.42809,267,12.1823
"FTT 1st Half",32.61016,-85.42834,268,12.2019
"FTT 1st Half",32.60996,-85.42864,269,12.2242
"FTT 1st Half",32.6097,-85.42902,270,12.2528
"FTT 1st Half",32.60961,-85.4292,271,12.2649
"FTT 1st Half",32.60935,-85.42979,272,12.3037
"FTT 1st Half",32.60908,-85.4304,273,12.3439
"FTT 1st Half",32.60891,-85.4309,274,12.3753
"FTT 1st Half",32.60873,-85.43134,275,12.4038
"FTT 1st Half",32.60862,-85.43157,276,12.4192
"FTT 1st Half",32.60848,-85.43181,277,12.4362
"FTT 1st Half",32.6082,-85.43213,278,12.4631
"FTT 1st Half",32.60796,-85.43232,279,12.4831
"FTT 1st Half",32.60763,-85.4325,280,12.5082
"FTT 1st Half",32.60732,-85.4326,281,12.5304
"FTT 1st Half",32.6067,-85.43274,282,12.5741
"FTT 1st Half",32.60631,-85.43283,283,12.6016
"FTT 1st Half",32.6057,-85.43297,284,12.6445
"FTT 1st Half",32.60509,-85.43311,285,12.6875
"FTT 1st Half",32.60477,-85.43317,286,12.7099
"FTT 1st Half",32.60447,-85.43327,287,12.7315
"FTT 1st Half",32.60404,-85.43348,288,12.7636
"FTT 1st Half",32.60377,-85.43368,289,12.7856
"FTT 1st Half",32.60347,-85.43397,290,12.8124
"FTT 1st Half",32.6032,-85.43432,291,12.8401
"FTT 1st Half",32.60302,-85.43461,292,12.8610
"FTT 1st Half",32.60294,-85.4348,293,12.8734
"FTT 1st Half",32.60286,-85.43497,294,12.8848
"FTT 1st Half",32.60273,-85.43536,295,12.9092
"FTT 1st Half",32.60269,-85.43552,296,12.9189
"FTT 1st Half",32.60263,-85.43592,297,12.9426
"FTT 1st Half",32.6026,-85.43634,298,12.9672
"FTT 1st Half",32.60261,-85.43651,299,12.9771
"FTT 1st Half",32.60263,-85.43675,300,12.9912
"FTT 1st Half",32.60268,-85.43706,301,13.0096
"FTT 1st Half",32.60281,-85.43751,302,13.0373
"FTT 1st Half",32.60296,-85.43786,303,13.0602
"FTT 1st Half",32.60317,-85.43826,304,13.0876
"FTT 1st Half",32.60335,-85.4385,305,13.1063
"FTT 1st Half",32.6035,-85.43869,306,13.1215
"FTT 1st Half",32.60364,-85.43882,307,13.1338
"FTT 1st Half",32.60392,-85.43905,308,13.1574
"FTT 1st Half",32.60422,-85.43924,309,13.1809
"FTT 1st Half",32.60484,-85.43959,310,13.2284
"FTT 1st Half",32.60547,-85.43991,311,13.2758
"FTT 1st Half",32.60611,-85.44024,312,13.3240
"FTT 1st Half",32.60675,-85.44058,313,13.3725
"FTT 1st Half",32.60738,-85.44092,314,13.4204
"FTT 1st Half",32.60779,-85.44116,315,13.4520
"FTT 1st Half",32.60799,-85.44132,316,13.4687
"FTT 1st Half",32.60823,-85.44157,317,13.4908
"FTT 1st Half",32.60845,-85.44188,318,13.5144
"FTT 1st Half",32.60861,-85.44218,319,13.5351
"FTT 1st Half",32.60867,-85.44233,320,13.5448
"FTT 1st Half",32.60881,-85.44281,321,13.5744
"FTT 1st Half",32.60886,-85.44311,322,13.5922
"FTT 1st Half",32.60888,-85.44365,323,13.6237
"FTT 1st Half",32.60889,-85.44443,324,13.6691
"FTT 1st Half",32.60889,-85.44492,325,13.6977
"FTT 1st Half",32.60888,-85.4469,326,13.8131
"FTT 1st Half",32.60888,-85.44723,327,13.8323
"FTT 1st Half",32.60906,-85.44751,328,13.8528
"FTT 1st Half",32.60913,-85.44758,329,13.8591
"FTT 1st Half",32.60932,-85.44767,330,13.8733
"FTT 1st Half",32.61002,-85.44766,331,13.9217
"FTT 1st Half",32.61078,-85.44765,332,13.9743
"FTT 1st Half",32.61151,-85.44765,333,14.0248
"FTT 1st Half",32.61224,-85.44764,334,14.0753
"FTT 1st Half",32.61304,-85.44763,335,14.1306
"FTT 1st Half",32.61384,-85.44763,336,14.1860
"FTT 1st Half",32.61463,-85.44761,337,14.2406
"FTT 1st Half",32.61543,-85.44759,338,14.2960
"FTT 1st Half",32.61617,-85.44759,339,14.3472
"FTT 1st Half",32.61691,-85.4476,340,14.3983
"FTT 1st Half",32.61751,-85.44759,341,14.4398
"FTT 1st Half",32.61826,-85.44759,342,14.4917
"FTT 1st Half",32.61901,-85.44758,343,14.5436
"FTT 1st Half",32.61975,-85.44757,344,14.5948
"FTT 1st Half",32.62043,-85.44757,345,14.6418
"FTT 1st Half",32.62071,-85.44757,346,14.6612
"FTT 1st Half",32.62108,-85.4476,347,14.6869
"FTT 1st Half",32.6213,-85.44763,348,14.7022
"FTT 1st Half",32.62175,-85.44775,349,14.7341
"FTT 1st Half",32.62242,-85.44797,350,14.7822
"FTT 1st Half",32.62316,-85.44823,351,14.8355
"FTT 1st Half",32.62387,-85.44846,352,14.8864
"FTT 1st Half",32.62485,-85.44883,353,14.9576
"FTT 1st Half",32.62548,-85.4492,354,15.0062
"FTT 1st Half",32.62666,-85.44992,355,15.0980
"FTT 1st Half",32.62715,-85.45026,356,15.1372
"FTT 1st Half",32.62769,-85.45077,357,15.1849
"FTT 1st Half",32.62781,-85.45092,358,15.1970
"FTT 1st Half",32.62794,-85.45102,359,15.2077
"FTT 1st Half",32.62825,-85.45149,360,15.2425
"FTT 1st Half",32.62848,-85.45194,361,15.2732
"FTT 1st Half",32.62859,-85.45222,362,15.2912
"FTT 1st Half",32.62873,-85.45274,363,15.3230
"FTT 1st Half",32.62879,-85.45304,364,15.3409
"FTT 1st Half",32.62884,-85.45333,365,15.3582
"FTT 1st Half",32.62888,-85.45366,366,15.3776
"FTT 1st Half",32.62891,-85.45412,367,15.4045
"FTT 1st Half",32.62891,-85.45466,368,15.4359
"FTT 1st Half",32.62886,-85.45481,369,15.4453
"FTT 1st Half",32.62886,-85.45585,370,15.5059
"FTT 1st Half",32.62885,-85.457,371,15.5729
"FTT 1st Half",32.62885,-85.45814,372,15.6393
"FTT 1st Half",32.62883,-85.45928,373,15.7057
"FTT 1st Half",32.62882,-85.46041,374,15.7716
"FTT 1st Half",32.62879,-85.46154,375,15.8374
"FTT 1st Half",32.62879,-85.46266,376,15.9027
"FTT 1st Half",32.62879,-85.46379,377,15.9685
"FTT 1st Half",32.6288,-85.46491,378,16.0337
"FTT 1st Half",32.62881,-85.46606,379,16.1007
"FTT 1st Half",32.62885,-85.46655,380,16.1294
"FTT 1st Half",32.62895,-85.46707,381,16.1605
"FTT 1st Half",32.6291,-85.46766,382,16.1964
"FTT 1st Half",32.62932,-85.46827,383,16.2350
"FTT 1st Half",32.62952,-85.46871,384,16.2642
"FTT 1st Half",32.62982,-85.46928,385,16.3033
"FTT 1st Half",32.63029,-85.47033,386,16.3726
"FTT 1st Half",32.63083,-85.47152,387,16.4513
"FTT 1st Half",32.63135,-85.47266,388,16.5269
"FTT 1st Half",32.63187,-85.4738,389,16.6024
"FTT 1st Half",32.63238,-85.47495,390,16.6781
"FTT 1st Half",32.63273,-85.47562,391,16.7240
"FTT 1st Half",32.63285,-85.47581,392,16.7379
"FTT 1st Half",32.63303,-85.47606,393,16.7570
"FTT 1st Half",32.63328,-85.47636,394,16.7816
"FTT 1st Half",32.63347,-85.47656,395,16.7992
"FTT 1st Half",32.63373,-85.47679,396,16.8216
"FTT 1st Half",32.6339,-85.47691,397,16.8353
"FTT 1st Half",32.63486,-85.47749,398,16.9098
"FTT 1st Half",32.63523,-85.47777,399,16.9401
"FTT 1st Half",32.63545,-85.47797,400,16.9593
"FTT 1st Half",32.63569,-85.47823,401,16.9818
"FTT 1st Half",32.63588,-85.47846,402,17.0005
"FTT 1st Half",32.63612,-85.47884,403,17.0282
"FTT 1st Half",32.63619,-85.479,404,17.0387
"FTT 1st Half",32.63634,-85.47931,405,17.0595
"FTT 1st Half",32.63647,-85.4797,406,17.0840
"FTT 1st Half",32.6366,-85.48023,407,17.1161
"FTT 1st Half",32.63667,-85.48068,408,17.1428
"FTT 1st Half",32.63669,-85.48122,409,17.1743
"FTT 1st Half",32.63666,-85.48281,410,17.2669
"FTT 1st Half",32.63665,-85.48393,411,17.3321
"FTT 1st Half",32.63663,-85.48493,412,17.3904
"FTT 1st Half",32.6366,-85.48598,413,17.4516
"FTT 1st Half",32.63651,-85.48699,414,17.5108
"FTT 1st Half",32.63643,-85.48753,415,17.5427
"FTT 1st Half",32.63632,-85.48816,416,17.5802
"FTT 1st Half",32.63612,-85.48908,417,17.6355
"FTT 1st Half",32.63588,-85.48997,418,17.6900
"FTT 1st Half",32.6356,-85.49081,419,17.7426
"FTT 1st Half",32.63522,-85.49178,420,17.8049
"FTT 1st Half",32.63477,-85.49271,421,17.8674
"FTT 1st Half",32.63428,-85.49358,422,17.9283
"FTT 1st Half",32.63398,-85.49406,423,17.9632
"FTT 1st Half",32.63375,-85.49438,424,17.9877
"FTT 1st Half",32.63312,-85.49519,425,18.0519
"FTT 1st Half",32.63246,-85.49594,426,18.1151
"FTT 1st Half",32.63207,-85.49636,427,18.1515
"FTT 1st Half",32.63178,-85.49664,428,18.1774
"FTT 1st Half",32.63105,-85.49733,429,18.2419
"FTT 1st Half",32.63055,-85.49784,430,18.2875
"FTT 1st Half",32.63007,-85.4983,431,18.3302
"FTT 1st Half",32.62971,-85.49868,432,18.3635
"FTT 1st Half",32.62942,-85.49891,433,18.3876
"FTT 1st Half",32.62913,-85.49918,434,18.4131
"FTT 1st Half",32.62888,-85.49944,435,18.4361
"FTT 1st Half",32.62818,-85.5001,436,18.4979
"FTT 1st Half",32.62733,-85.50093,437,18.5740
"FTT 1st Half",32.62643,-85.50177,438,18.6532
"FTT 1st Half",32.6258,-85.50236,439,18.7087
"FTT 1st Half",32.62547,-85.50264,440,18.7368
"FTT 1st Half",32.62443,-85.50346,441,18.8231
"FTT 1st Half",32.62396,-85.50381,442,18.8615
"FTT 1st Half",32.62337,-85.50422,443,18.9088
"FTT 1st Half",32.62217,-85.50495,444,19.0021
"FTT 1st Half",32.62094,-85.50566,445,19.0967
"FTT 1st Half",32.61967,-85.50642,446,19.1950
"FTT 1st Half",32.61833,-85.50719,447,19.2980
"FTT 1st Half",32.61797,-85.50735,448,19.3246
"FTT 1st Half",32.61733,-85.50761,449,19.3714
"FTT 1st Half",32.61691,-85.50773,450,19.4013
"FTT 1st Half",32.61647,-85.50786,451,19.4326
"FTT 1st Half",32.61562,-85.50798,452,19.4918
"FTT 1st Half",32.61515,-85.50801,453,19.5244
"FTT 1st Half",32.61455,-85.50801,454,19.5659
"FTT 1st Half",32.61349,-85.50801,455,19.6392
"FTT 1st Half",32.61259,-85.508,456,19.7015
"FTT 1st Half",32.61169,-85.508,457,19.7637
"FTT 1st Half",32.6111,-85.508,458,19.8045
"FTT 1st Half",32.6108,-85.50798,459,19.8253
"FTT 1st Half",32.6099,-85.50796,460,19.8876
"FTT 1st Half",32.609,-85.50795,461,19.9498
"FTT 1st Half",32.6081,-85.50793,462,20.0121
"FTT 1st Half",32.6072,-85.50792,463,20.0744
"FTT 1st Half",32.60631,-85.5079,464,20.1359
"FTT 1st Half",32.60541,-85.50788,465,20.1982
"FTT 1st Half",32.60451,-85.50787,466,20.2605
"FTT 1st Half",32.60407,-85.50786,467,20.2909
"FTT 1st Half",32.60362,-85.50785,468,20.3220
"FTT 1st Half",32.60134,-85.50782,469,20.4797
"FTT 1st Half",32.6009,-85.50781,470,20.5102
"FTT 1st Half",32.60086,-85.50631,471,20.5976
"FTT 1st Half",32.60082,-85.50471,472,20.6909
"FTT 1st Half",32.60078,-85.50411,473,20.7260
"FTT 1st Half",32.60071,-85.50215,474,20.8403
"FTT 1st Half",32.60067,-85.50087,475,20.9149
"FTT 1st Half",32.60063,-85.49997,476,20.9675
"FTT 1st Half",32.60057,-85.49958,477,20.9906
"FTT 1st Half",32.60053,-85.49936,478,21.0037
"FTT 1st Half",32.60047,-85.49916,479,21.0161
"FTT 1st Half",32.60029,-85.49873,480,21.0440
"FTT 1st Half",32.60046,-85.49863,481,21.0572
"FTT 1st Half",32.6007,-85.49853,482,21.0748
"FTT 1st Half",32.60079,-85.49852,483,21.0810
"FTT 1st Half",32.60089,-85.49854,484,21.0880
"FTT 1st Half",32.60127,-85.49861,485,21.1146
"FTT 1st Half",32.60163442374563,-85.4986931141876,486,21.1403
"FTT 1st Half",32.60184,-85.49874,487,21.1548
"FTT 1st Half",32.60226,-85.49882,488,21.1842
"FTT 1st Half",32.60267,-85.49887,489,21.2127
"FTT 1st Half",32.60301,-85.4989,490,21.2363
"FTT 1st Half",32.60389,-85.49894,491,21.2972
"FTT 1st Half",32.60398,-85.49895,492,21.3035
"FTT 1st Half",32.60399,-85.49773,493,21.3745
"FTT 1st Half",32.604,-85.49691,494,21.4223
"FTT 1st Half",32.60402,-85.49623,495,21.4620
"FTT 1st Half",32.60405,-85.49585,496,21.4842
"FTT 1st Half",32.60408,-85.49551,497,21.5041
"FTT 1st Half",32.60429,-85.49554,498,21.5188
"FTT 1st Half",32.60452,-85.49553,499,21.5347
"FTT 1st Half",32.60478,-85.49547,500,21.5530
"FTT 1st Half",32.605,-85.49538,501,21.5691
"FTT 1st Half",32.60491,-85.49493,502,21.5961
"FTT 1st Half",32.60489,-85.4948,503,21.6038
"FTT 1st Half",32.60489,-85.49432,504,21.6317
"FTT 1st Half",32.60489,-85.49407,505,21.6463
"FTT 1st Half",32.60478,-85.49395,506,21.6566
"FTT 1st Half",32.60474,-85.49376,507,21.6680
"FTT 1st Half",32.60482,-85.49359,508,21.6794
"FWP 1st half",32.60489,-85.49418,1,0.0000
"FWP 1st half",32.60489,-85.4933,2,0.0513
"FWP 1st half",32.60488,-85.49193,3,0.1311
"FWP 1st half",32.60483,-85.49144,4,0.1599
"FWP 1st half",32.60482,-85.49118,5,0.1750
"FWP 1st half",32.60483,-85.49044,6,0.2182
"FWP 1st half",32.60539,-85.49042,7,0.2569
"FWP 1st half",32.6058,-85.49037,8,0.2854
"FWP 1st half",32.6062,-85.49037,9,0.3131
"FWP 1st half",32.60636,-85.49037,10,0.3242
"FWP 1st half",32.60636,-85.49126,11,0.3760
"FWP 1st half",32.60636,-85.49248,12,0.4471
"FWP 1st half",32.60634,-85.4936,13,0.5124
"FWP 1st half",32.60623,-85.49408,14,0.5414
"FWP 1st half",32.60608,-85.49439,15,0.5622
"FWP 1st half",32.606,-85.49451,16,0.5711
"FWP 1st half",32.60592,-85.49463,17,0.5800
"FWP 1st half",32.60566,-85.49494,18,0.6055
"FWP 1st half",32.60555,-85.49504,19,0.6151
"FWP 1st half",32.60527,-85.49522,20,0.6371
"FWP 1st half",32.60515,-85.4953,21,0.6467
"FWP 1st half",32.60495,-85.49541,22,0.6619
"FWP 1st half",32.60471,-85.49549,23,0.6791
"FWP 1st half",32.60446,-85.49554,24,0.6967
"FWP 1st half",32.60422,-85.49553,25,0.7133
"FWP 1st half",32.60408,-85.49551,26,0.7230
"FWP 1st half",32.60401,-85.4964,27,0.7751
"FWP 1st half",32.604,-85.49741,28,0.8340
"FWP 1st half",32.60399,-85.49851,29,0.8981
"FWP 1st half",32.60396,-85.50091,30,1.0380
"FWP 1st half",32.60395,-85.50124,31,1.0572
"FWP 1st half",32.60395,-85.50156,32,1.0758
"FWP 1st half",32.60405,-85.50175,33,1.0889
"FWP 1st half",32.60408,-85.50191,34,1.0984
"FWP 1st half",32.60404,-85.50207,35,1.1082
"FWP 1st half",32.60394,-85.50213,36,1.1159
"FWP 1st half",32.60394,-85.5018,37,1.1352
"FWP 1st half",32.60394,-85.50165,38,1.1439
"FWP 1st half",32.60395,-85.50125,39,1.1672
"FWP 1st half",32.60395,-85.50108,40,1.1771
"FWP 1st half",32.60396,-85.50088,41,1.1888
"FWP 1st half",32.60396,-85.50068,42,1.2004
"FWP 1st half",32.60396,-85.50048,43,1.2121
"FWP 1st half",32.60396,-85.50025,44,1.2255
"FWP 1st half",32.60397,-85.50003,45,1.2383
"FWP 1st half",32.60397,-85.4998,46,1.2517
"FWP 1st half",32.60397,-85.49957,47,1.2651
"FWP 1st half",32.60398,-85.49934,48,1.2786
"FWP 1st half",32.60398,-85.49911,49,1.2920
"FWP 1st half",32.60399,-85.49884,50,1.3077
"FWP 1st half",32.60399,-85.49858,51,1.3229
"FWP 1st half",32.60399,-85.49832,52,1.3380
"FWP 1st half",32.60399,-85.49806,53,1.3532
"FWP 1st half",32.60399,-85.49781,54,1.3677
"FWP 1st half",32.604,-85.49755,55,1.3829
"FWP 1st half",32.604,-85.4973,56,1.3975
"FWP 1st half",32.604,-85.49704,57,1.4126
"FWP 1st half",32.60402,-85.49614,58,1.4651
"FWP 1st half",32.60408,-85.49551,59,1.5020
"FWP 1st half",32.60417,-85.49552,60,1.5083
"FWP 1st half",32.60437,-85.49554,61,1.5222
"FWP 1st half",32.60457,-85.49552,62,1.5360
"FWP 1st half",32.60478,-85.49547,63,1.5509
"FWP 1st half",32.60505,-85.49535,64,1.5708
"FWP 1st half",32.60494,-85.49504,65,1.5904
"FWP 1st half",32.6049,-85.49489,66,1.5996
"FWP 1st half",32.60489,-85.49463,67,1.6147
"FWP 1st half",32.60489,-85.49418,68,1.6410
"SQFA",32.60119,-85.48321,1,0.0000
"SQFA",32.6013,-85.48238,2,0.0490
"SQFA",32.60137,-85.48177,3,0.0848
"SQFA",32.60162,-85.48176,4,0.1021
"SQFA",32.60307,-85.48174,5,0.2024
"SQFA",32.60389,-85.48175,6,0.2592
"SQFA",32.60401,-85.4817,7,0.2680
"SQFA",32.60414,-85.48169,8,0.2770
"SQFA",32.60417,-85.48157,9,0.2843
"SQFA",32.60422,-85.48061,10,0.3403
"SQFA",32.6042,-85.47993,11,0.3800
"SQFA",32.60383,-85.47992,12,0.4056
"SQFA",32.60317611694336,-85.47992,13,0.4508
"SQFA",32.60289,-85.47992,14,0.4706
"SQFA",32.60175,-85.47992,15,0.5494
"SQFA",32.60138249379378,-85.47992298785533,16,0.5749
"SQFA",32.60052,-85.47993,17,0.6345
"SQFA",32.59906,-85.47994,18,0.7355
"SQFA",32.5975,-85.47993,19,0.8434
"SQFA",32.59622,-85.47983,20,0.9321
"SQFA",32.5959,-85.47982,21,0.9543
"SQFA",32.59569,-85.47982,22,0.9688
"SQFA",32.59414,-85.47993,23,1.0762
"SQFA",32.59288,-85.48001,24,1.1635
"SQFA",32.59233,-85.48002,25,1.2015
"SQFA",32.59114,-85.48,26,1.2839
"SQFA",32.59079,-85.47994,27,1.3083
"SQFA",32.59053,-85.47987,28,1.3268
"SQFA",32.59025,-85.47977,29,1.3470
"SQFA",32.59006,-85.47967,30,1.3614
"SQFA",32.58986,-85.47953,31,1.3774
"SQFA",32.58945,-85.47916,32,1.4131
"SQFA",32.58888,-85.47951,33,1.4575
"SQFA",32.58871,-85.47963,34,1.4711
"SQFA",32.5886,-85.47975,35,1.4815
"SQFA",32.58846,-85.47996,36,1.4971
"SQFA",32.58842,-85.48012,37,1.5068
"SQFA",32.5884,-85.48029,38,1.5168
"SQFA",32.58842,-85.48045,39,1.5262
"SQFA",32.58846,-85.48061,40,1.5360
"SQFA",32.58875,-85.48128,41,1.5799
"SQFA",32.58884,-85.48154,42,1.5962
"SQFA",32.58888,-85.48181,43,1.6122
"SQFA",32.58887,-85.482,44,1.6233
"SQFA",32.58886,-85.48341,45,1.7055
"SQFA",32.58886,-85.4838,46,1.7282
"SQFA",32.58867,-85.4838,47,1.7414
"SQFA",32.58864,-85.48351,48,1.7584
"SQFA",32.58864,-85.48322,49,1.7753
"SQFA",32.58863,-85.48306,50,1.7846
"SQFA",32.58846,-85.48306,51,1.7964
"SQFA",32.5879,-85.48306,52,1.8351
"SQFA",32.58733,-85.48307,53,1.8746
"SQFA",32.58694,-85.48307,54,1.9015
"SQFA",32.58678,-85.48312,55,1.9130
"SQFA",32.58662,-85.48326,56,1.9267
"SQFA",32.58653,-85.48345,57,1.9394
"SQFA",32.5865,-85.48357,58,1.9467
"SQFA",32.58652,-85.48386,59,1.9637
"SQFA",32.58657,-85.48397,60,1.9710
"SQFA",32.58672,-85.48418,61,1.9870
"SQFA",32.58697,-85.4845,62,2.0125
"SQFA",32.58709,-85.48471,63,2.0272
"SQFA",32.58717,-85.48493,64,2.0412
"SQFA",32.58729,-85.48522,65,2.0600
"SQFA",32.58738,-85.48538,66,2.0713
"SQFA",32.58751,-85.48561,67,2.0874
"SQFA",32.58789,-85.48536,68,2.1175
"SQFA",32.58832,-85.4851,69,2.1508
"SQFA",32.58884,-85.48481,70,2.1906
"SQFA",32.58884,-85.48525,71,2.2162
"SQFA",32.58889,-85.48613,72,2.2676
"SQFA",32.5889,-85.48627,73,2.2758
"SQFA",32.589304548338795,-85.4862768567515,74,2.3038
"SQFA",32.58949,-85.48628,75,2.3166
"SQFA",32.59013,-85.48631,76,2.3609
"SQFA",32.59061,-85.48634,77,2.3942
"SQFA",32.59113,-85.48639,78,2.4303
"SQFA",32.59161,-85.48655,79,2.4647
"SQFA",32.59232,-85.48689,80,2.5177
"SQFA",32.59301,-85.48727,81,2.5703
"SQFA",32.59353,-85.48637,82,2.6339
"SQFA",32.59364,-85.48637,83,2.6415
"SQFA",32.59365036956638,-85.4867052826463,84,2.6611
"SQFA",32.59367,-85.48734,85,2.6981
"SQFA",32.59367,-85.48747,86,2.7057
"SQFA",32.59328,-85.48742,87,2.7328
"SQFA",32.59312,-85.48736,88,2.7444
"SQFA",32.59299,-85.48728,89,2.7545
"SQFA",32.59381,-85.4859,90,2.8530
"SQFA",32.59422,-85.48523,91,2.9012
"SQFA",32.59466,-85.48459,92,2.9493
"SQFA",32.59499,-85.48418,93,2.9824
"SQFA",32.59508,-85.48408,94,2.9909
"SQFA",32.59518,-85.48402,95,2.9987
"SQFA",32.5953,-85.48396,96,3.0077
"SQFA",32.59543,-85.48392,97,3.0170
"SQFA",32.59576,-85.48388,98,3.0399
"SQFA",32.59576,-85.48453,99,3.0778
"SQFA",32.59576,-85.48593,100,3.1594
"SQFA",32.5957592588938,-85.48605302362932,101,3.1665
"SQFA",32.59575,-85.48759,102,3.2561
"SQFA",32.59616,-85.48762,103,3.2845
"SQFA",32.59674025026212,-85.48766012368834,104,3.3247
"SQFA",32.59804,-85.48775,105,3.4148
"SQFA",32.59805,-85.48721,106,3.4463
"SQFA",32.5981,-85.48583,107,3.5268
"SQFA",32.59813,-85.48454,108,3.6020
"SQFA",32.59815,-85.48384,109,3.6428
"SQFA",32.59881,-85.48386,110,3.6884
"SQFA",32.60036,-85.48387,111,3.7957
"SQFA",32.6011,-85.48387,112,3.8469
"SQFA",32.60119,-85.48321,113,3.8858
"SQFA.7",32.58793,-85.48306,1,0.0000
"SQFA.7",32.58733,-85.48307,2,0.0415
"SQFA.7",32.58694,-85.48307,3,0.0685
"SQFA.7",32.58678,-85.48312,4,0.0799
"SQFA.7",32.58662,-85.48326,5,0.0937
"SQFA.7",32.58653,-85.48345,6,0.1064
"SQFA.7",32.5865,-85.48357,7,0.1137
"SQFA.7",32.58652,-85.48386,8,0.1306
"SQFA.7",32.58657,-85.48397,9,0.1379
"SQFA.7",32.58672,-85.48418,10,0.1540
"SQFA.7",32.58697,-85.4845,11,0.1794
"SQFA.7",32.58709,-85.48471,12,0.1942
"SQFA.7",32.58717,-85.48493,13,0.2082
"SQFA.7",32.58729,-85.48522,14,0.2270
"SQFA.7",32.58738,-85.48538,15,0.2382
"SQFA.7",32.58751,-85.48561,16,0.2543
"SQFA.7",32.58789,-85.48536,17,0.2844
"SQFA.7",32.58832,-85.4851,18,0.3178
"SQFA.7",32.58884,-85.48481,19,0.3575
"SQFA.7",32.58884,-85.48525,20,0.3832
"SQFA.7",32.58892,-85.48628,21,0.4434
"SQFA.7",32.58930587768555,-85.48628,22,0.4701
"SQFA.7",32.58941,-85.48628,23,0.4773
"SQFA.7",32.59017,-85.4863,24,0.5299
"SQFA.7",32.59078,-85.48635,25,0.5722
"SQFA.7",32.59114,-85.48641,26,0.5974
"SQFA.7",32.59147,-85.4865,27,0.6208
"SQFA.7",32.59188,-85.48666,28,0.6506
"SQFA.7",32.59225,-85.48686,29,0.6788
"SQFA.7",32.59298,-85.48728,30,0.7349
"SQFA.7",32.59353,-85.48637,31,0.8001
"SQFA.7",32.59364,-85.48637,32,0.8077
"SQFA.7",32.59365036956638,-85.4867052826463,33,0.8273
"SQFA.7",32.59367,-85.48734,34,0.8643
"SQFA.7",32.59367,-85.48747,35,0.8719
"SQFA.7",32.59328,-85.48742,36,0.8990
"SQFA.7",32.59312,-85.48736,37,0.9106
"SQFA.7",32.59299,-85.48728,38,0.9208
"SQFA.7",32.59381,-85.4859,39,1.0192
"SQFA.7",32.59422,-85.48523,40,1.0674
"SQFA.7",32.59466,-85.48459,41,1.1156
"SQFA.7",32.59499,-85.48418,42,1.1486
"SQFA.7",32.59508,-85.48408,43,1.1571
"SQFA.7",32.59518,-85.48402,44,1.1649
"SQFA.7",32.5953,-85.48396,45,1.1739
"SQFA.7",32.59543,-85.48392,46,1.1832
"SQFA.7",32.59576,-85.48388,47,1.2061
"SQFA.7",32.59576,-85.48453,48,1.2440
"SQFA.7",32.59576,-85.48593,49,1.3256
"SQFA.7",32.5957592588938,-85.48605302362932,50,1.3328
"SQFA.7",32.59575,-85.48759,51,1.4223
"SQFA.7",32.59616,-85.48762,52,1.4507
"SQFA.7",32.59674025026212,-85.48766012368834,53,1.4909
"SQFA.7",32.59804,-85.48775,54,1.5810
"SQFA.7",32.59805,-85.48721,55,1.6125
"SQFA.7",32.5981,-85.48583,56,1.6930
"SQFA.7",32.59813,-85.48454,57,1.7682
"SQFA.7",32.59815,-85.48384,58,1.8090
"SQFA.7",32.59881,-85.48386,59,1.8547
"SQFA.7",32.60036,-85.48387,60,1.9619
"SQFA.7",32.6011,-85.48387,61,2.0131
"SQFA.7",32.60117,-85.48336,62,2.0432
"SQFA.7",32.60119,-85.48321,63,2.0520
"HSS 7am",32.59159,-85.49195,1,0.0000
"HSS 7am",32.59206,-85.492,2,0.0326
"HSS 7am",32.59246,-85.492,3,0.0603
"HSS 7am",32.59245,-85.49168,4,0.0790
"HSS 7am",32.59241,-85.49118,5,0.1082
"HSS 7am",32.59236,-85.49066,6,0.1387
"HSS 7am",32.59233,-85.49031,7,0.1592
"HSS 7am",32.59234,-85.48974,8,0.1925
"HSS 7am",32.59236,-85.4892,9,0.2240
"HSS 7am",32.59239,-85.48896,10,0.2381
"HSS 7am",32.59251,-85.48839,11,0.2724
"HSS 7am",32.59263,-85.48802,12,0.2955
"HSS 7am",32.59268632983787,-85.48789000806646,13,0.3040
"HSS 7am",32.59276,-85.48772,14,0.3151
"HSS 7am",32.59297,-85.48732,15,0.3426
"HSS 7am",32.59318,-85.48696,16,0.3681
"HSS 7am",32.59351,-85.4864,17,0.4079
"HSS 7am",32.59367,-85.48646,18,0.4195
"HSS 7am",32.59367,-85.48662567138672,19,0.4292
"HSS 7am",32.59367,-85.48699,20,0.4504
"HSS 7am",32.59367,-85.48747,21,0.4784
"HSS 7am",32.59337,-85.48744,22,0.4992
"HSS 7am",32.59319,-85.48739,23,0.5120
"HSS 7am",32.593,-85.48727,24,0.5269
"HSS 7am",32.59276,-85.48772,25,0.5579
"HSS 7am",32.59263,-85.48802,26,0.5776
"HSS 7am",32.59256,-85.48821,27,0.5897
"HSS 7am",32.59243,-85.4887,28,0.6196
"HSS 7am",32.59239,-85.48895,29,0.6344
"HSS 7am",32.59236,-85.4892,30,0.6492
"HSS 7am",32.59233,-85.49031,31,0.7139
"HSS 7am",32.59266,-85.49032,32,0.7367
"HSS 7am",32.59332,-85.49034,33,0.7824
"HSS 7am",32.59395,-85.49032,34,0.8260
"HSS 7am",32.59453,-85.4903,35,0.8661
"HSS 7am",32.59512,-85.49024,36,0.9071
"HSS 7am",32.59548,-85.49021,37,0.9320
"HSS 7am",32.59595,-85.4902,38,0.9646
"HSS 7am",32.59653,-85.49023,39,1.0047
"HSS 7am",32.59711,-85.49032,40,1.0452
"HSS 7am",32.59742,-85.49038,41,1.0669
"HSS 7am",32.59785,-85.49042,42,1.0967
"HSS 7am",32.59909,-85.49044,43,1.1825
"HSS 7am",32.60071,-85.49046,44,1.2946
"HSS 7am",32.60105,-85.49046,45,1.3181
"HSS 7am",32.601,-85.48969,46,1.3631
"HSS 7am",32.60098,-85.4894,47,1.3800
"HSS 7am",32.60101,-85.48896,48,1.4058
"HSS 7am",32.60104,-85.48876,49,1.4176
"HSS 7am",32.60109,-85.48852,50,1.4320
"HSS 7am",32.60116,-85.48836,51,1.4425
"HSS 7am",32.60123,-85.48824,52,1.4510
"HSS 7am",32.60134,-85.4881,53,1.4622
"HSS 7am",32.60146,-85.48799,54,1.4727
"HSS 7am",32.60174,-85.48779,55,1.4953
"HSS 7am",32.60202,-85.48766,56,1.5161
"HSS 7am",32.60229,-85.4876,57,1.5351
"HSS 7am",32.60242,-85.4876,58,1.5441
"NDON2.7",32.60187,-85.4877,1,0.0000
"NDON2.7",32.60238,-85.4876,2,0.0358
"NDON2.7",32.6027,-85.48761,3,0.0579
"NDON2.7",32.60304,-85.4878,4,0.0839
"NDON2.7",32.60334,-85.48807,5,0.1099
"NDON2.7",32.60351,-85.48839,6,0.1320
"NDON2.7",32.60361,-85.48883,7,0.1585
"NDON2.7",32.6036,-85.48915,8,0.1772
"NDON2.7",32.60347,-85.48952,9,0.2006
"NDON2.7",32.60331,-85.48982,10,0.2212
"NDON2.7",32.60322,-85.49004,11,0.2355
"NDON2.7",32.60317,-85.49041,12,0.2573
"NDON2.7",32.60517,-85.49042,13,0.3957
"NDON2.7",32.60629,-85.49036,14,0.4732
"NDON2.7",32.60731,-85.49038,15,0.5438
"NDON2.7",32.6083,-85.49026,16,0.6126
"NDON2.7",32.60949,-85.49034,17,0.6951
"NDON2.7",32.61002,-85.49036,18,0.7317
"NDON2.7",32.61191,-85.49034,19,0.8625
"NDON2.7",32.61264,-85.49037,20,0.9130
"NDON2.7",32.61386,-85.49042,21,0.9974
"NDON2.7",32.61397171020508,-85.49042,22,1.0052
"NDON2.7",32.6143,-85.49042,23,1.0279
"NDON2.7",32.61592,-85.49041,24,1.1399
"NDON2.7",32.6177,-85.49045,25,1.2631
"NDON2.7",32.6181,-85.49047,26,1.2908
"NDON2.7",32.6182,-85.49049,27,1.2978
"NDON2.7",32.61836,-85.49055,28,1.3094
"NDON2.7",32.61984,-85.49151,29,1.4261
"NDON2.7",32.62026,-85.49184,30,1.4609
"NDON2.7",32.6213,-85.49262,31,1.5460
"NDON2.7",32.62213969378247,-85.49323904432138,32,1.6143
"NDON2.7",32.62267,-85.49363,33,1.6575
"NDON2.7",32.62334,-85.4941,34,1.7114
"NDON2.7",32.62381,-85.49434,35,1.7467
"NDON2.7",32.62421,-85.49445,36,1.7751
"NDON2.7",32.62471,-85.49455,37,1.8102
"NDON2.7",32.62551143099018,-85.49473381444729,38,1.8667
"NDON2.7",32.6258,-85.4948,39,1.8870
"NDON2.7",32.62608,-85.49487,40,1.9068
"NDON2.7",32.62662,-85.49504,41,1.9454
"NDON2.7",32.62711,-85.49532,42,1.9831
"NDON2.7",32.62761,-85.49556,43,2.0204
"NDON2.7",32.62779,-85.49569,44,2.0349
"NDON2.7",32.62826,-85.49596,45,2.0710
"NDON2.7",32.62875,-85.49624,46,2.1087
"NDON2.7",32.63027,-85.49724,47,2.2289
"NDON2.7",32.63121,-85.49782,48,2.3021
"NDON2.7",32.6319,-85.49829,49,2.3572
"NDON2.7",32.6321,-85.49845,50,2.3738
"NDON2.7",32.63231,-85.49868,51,2.3936
"NDON2.7",32.6327,-85.49921,52,2.4346
"NDON2.7",32.63227,-85.49972,53,2.4766
"PR2.7",32.60305,-85.49667,1,0.0000
"PR2.7",32.60307,-85.49649,2,0.0106
"PR2.7",32.60309,-85.4961,3,0.0333
"PR2.7",32.6031,-85.49558,4,0.0637
"PR2.7",32.60329,-85.49517,5,0.0909
"PR2.7",32.60311,-85.49502,6,0.1061
"PR2.7",32.60283,-85.4948,7,0.1294
"PR2.7",32.60273,-85.49475,8,0.1369
"PR2.7",32.60253,-85.49471,9,0.1509
"PR2.7",32.60237,-85.49469,10,0.1620
"PR2.7",32.60239,-85.49435,11,0.1819
"PR2.7",32.60238,-85.49422,12,0.1895
"PR2.7",32.60232,-85.49397,13,0.2046
"PR2.7",32.60227,-85.49387,14,0.2114
"PR2.7",32.60192,-85.49324,15,0.2554
"PR2.7",32.60171,-85.49281,16,0.2844
"PR2.7",32.60156,-85.49248,17,0.3062
"PR2.7",32.60151,-85.49236,18,0.3140
"PR2.7",32.6013,-85.49165,19,0.3579
"PR2.7",32.60113,-85.49094,20,0.4009
"PR2.7",32.60105,-85.49046,21,0.4294
"PR2.7",32.60098,-85.4894,22,0.4913
"PR2.7",32.60102,-85.48886,23,0.5229
"PR2.7",32.60106,-85.48864,24,0.5360
"PR2.7",32.60109,-85.48852,25,0.5433
"PR2.7",32.60116,-85.48836,26,0.5538
"PR2.7",32.60126,-85.4882,27,0.5655
"PR2.7",32.60146,-85.48799,28,0.5839
"PR2.7",32.60161,-85.48787,29,0.5964
"PR2.7",32.60183,-85.48774,30,0.6134
"PR2.7",32.60202,-85.48766,31,0.6274
"PR2.7",32.60229,-85.4876,32,0.6464
"PR2.7",32.60241,-85.4876,33,0.6547
"WG2.7",32.60634,-85.49487,1,0.0000
"WG2.7",32.60633362339821,-85.49529085571821,2,0.0245
"WG2.7",32.60633,-85.49553,3,0.0385
"WG2.7",32.60634,-85.49619,4,0.0769
"WG2.7",32.606334203096644,-85.49641939174715,5,0.0903
"WG2.7",32.60627499266325,-85.49876243318272,6,0.2269
"WG2.7",32.60627,-85.49896,7,0.2384
"WG2.7",32.60691,-85.49895,8,0.2827
"WG2.7",32.60785,-85.49895,9,0.3477
"WG2.7",32.60805483697059,-85.49895162569024,10,0.3619
"WG2.7",32.60911,-85.49896,11,0.4349
"WG2.7",32.60911,-85.49861,12,0.4552
"WG2.7",32.60915,-85.49738,13,0.5270
"WG2.7",32.609136704092286,-85.4958875343592,14,0.6139
"WG2.7",32.60911,-85.49289,15,0.7886
"WG2.7",32.60908601971399,-85.49209465384725,16,0.8350
"WG2.7",32.60905,-85.4909,17,0.9046
"WG2.7",32.60906,-85.4903,18,0.9396
"WG2.7",32.60838,-85.49027,19,0.9867
"WG2.7",32.60787,-85.49033,20,1.0221
"WG2.7",32.60711,-85.49039,21,1.0748
"WG2.7",32.6059,-85.49035,22,1.1585
"WG2.7",32.60516,-85.49043,23,1.2099
"WG2.7",32.60442,-85.49041,24,1.2611
"WG2.7",32.60295,-85.49041,25,1.3628
"WG2.7",32.60105,-85.49046,26,1.4943
"WG2.7",32.601,-85.48977,27,1.5346
"WG2.7",32.60098,-85.4894,28,1.5562
"WG2.7",32.60101,-85.48896,29,1.5820
"WG2.7",32.60107,-85.48861,30,1.6028
"WG2.7",32.60116,-85.48836,31,1.6186
"WG2.7",32.60126,-85.4882,32,1.6302
"WG2.7",32.60134,-85.4881,33,1.6383
"WG2.7",32.60161,-85.48787,34,1.6612
"WG2.7",32.60185,-85.48773,35,1.6797
"WG2.7",32.60202,-85.48766,36,1.6922
"WG2.7",32.60215,-85.48763,37,1.7013
"WG2.7",32.60227,-85.4876,38,1.7098
"WG2.7",32.6024,-85.4876,39,1.7188
"WC1.7",32.6091,-85.49927,1,0.0000
"WC1.7",32.60911,-85.49895,2,0.0187
"WC1.7",32.60875,-85.49893,3,0.0436
"WC1.7",32.60708,-85.49895,4,0.1591
"WC1.7",32.60641,-85.49897,5,0.2055
"WC1.7",32.60624,-85.49897,6,0.2172
"WC1.7",32.60631,-85.49785,7,0.2827
"WC1.7",32.60634,-85.49538,8,0.4266
"WC1.7",32.60634,-85.49487,9,0.4563
"WC1.7",32.60632,-85.49472,10,0.4652
"WC1.7",32.60624,-85.49456,11,0.4760
"WC1.7",32.60608,-85.49439,12,0.4909
"WC1.7",32.60623,-85.49408,13,0.5117
"WC1.7",32.60634,-85.4936,14,0.5407
"WC1.7",32.60636,-85.4924,15,0.6106
"WC1.7",32.60636,-85.4906,16,0.7155
"WC1.7",32.60636,-85.49037,17,0.7289
"WC1.7",32.6058,-85.49037,18,0.7676
"WC1.7",32.60512,-85.49043,19,0.8148
"WC1.7",32.60428,-85.49041,20,0.8729
"WC1.7",32.60317,-85.49042,21,0.9497
"WC1.7",32.60138,-85.49047,22,1.0736
"WC1.7",32.60105,-85.49046,23,1.0964
"WC1.7",32.60099,-85.48964,24,1.1444
"WC1.7",32.60098,-85.4894,25,1.1584
"WC1.7",32.60101,-85.48896,26,1.1841
"WC1.7",32.60106,-85.48864,27,1.2030
"WC1.7",32.60116,-85.48836,28,1.2208
"WC1.7",32.60125,-85.4882,29,1.2320
"WC1.7",32.60146,-85.48799,30,1.2510
"WC1.7",32.60161,-85.48787,31,1.2635
"WC1.7",32.60185,-85.48773,32,1.2820
"WC1.7",32.60202,-85.48766,33,1.2944
"WC1.7",32.60229,-85.4876,34,1.3134
"WC1.7",32.60241,-85.4876,35,1.3217
"WC2.7",32.60483,-85.50086,1,0.0000
"WC2.7",32.6056,-85.50093,2,0.0534
"WC2.7",32.60613,-85.50093,3,0.0901
"WC2.7",32.60607,-85.50196,4,0.1502
"WC2.7",32.606,-85.50319,5,0.2221
"WC2.7",32.60719,-85.50323,6,0.3044
"WC2.7",32.60842,-85.50325,7,0.3895
"WC2.7",32.6086,-85.50249,8,0.4355
"WC2.7",32.60883,-85.50179,9,0.4793
"WC2.7",32.60895,-85.50117,10,0.5164
"WC2.7",32.60904,-85.50049,11,0.5565
"WC2.7",32.609095498339045,-85.49926110820687,12,0.6282
"WC2.7",32.60911,-85.49894,13,0.6469
"WC2.7",32.60761,-85.49895,14,0.7507
"WC2.7",32.60626,-85.49896,15,0.8440
"WC2.7",32.60632,-85.49607,16,1.0125
"WC2.7",32.60634,-85.49526,17,1.0597
"WC2.7",32.60632,-85.49469,18,1.0930
"WC2.7",32.60617,-85.49448,19,1.1090
"WC2.7",32.6061,-85.49438,20,1.1166
"WC2.7",32.60627,-85.49395,21,1.1443
"WC2.7",32.60633,-85.49364,22,1.1628
"WC2.7",32.60636,-85.49306,23,1.1966
"WC2.7",32.60636,-85.49167,24,1.2776
"WC2.7",32.60635,-85.49094,25,1.3202
"WC2.7",32.60637,-85.49037,26,1.3534
"WC2.7",32.60595,-85.49039,27,1.3825
"WC2.7",32.60555,-85.49041,28,1.4102
"WC2.7",32.605098724365234,-85.49041,29,1.4414
"WC2.7",32.60329,-85.49041,30,1.5665
"WC2.7",32.6021,-85.49046,31,1.6489
"WC2.7",32.60105,-85.49045,32,1.7215
"WC2.7",32.601,-85.48974,33,1.7630
"WC2.7",32.60099,-85.48947,34,1.7788
"WC2.7",32.601,-85.4892,35,1.7945
"WC2.7",32.60103,-85.48878,36,1.8191
"WC2.7",32.60108,-85.48852,37,1.8346
"WC2.7",32.60119,-85.4883,38,1.8495
"WC2.7",32.60134,-85.48807,39,1.8665
"WC2.7",32.60159,-85.48787,40,1.8873
"WC2.7",32.60198,-85.48767,41,1.9167
"WC2.7",32.60239,-85.48759,42,1.9455
"227_FASC 2nd Half",32.60491,-85.49276,1,0.0000
"227_FASC 2nd Half",32.60488,-85.49193,2,0.0484
"227_FASC 2nd Half",32.60483,-85.49144,3,0.0772
"227_FASC 2nd Half",32.60483,-85.49057,4,0.1279
"227_FASC 2nd Half",32.60483,-85.49042,5,0.1366
"227_FASC 2nd Half",32.60512,-85.49043,6,0.1567
"227_FASC 2nd Half",32.6058,-85.49037,7,0.2038
"227_FASC 2nd Half",32.60626,-85.49037,8,0.2357
"227_FASC 2nd Half",32.60636,-85.49037,9,0.2426
"227_FASC 2nd Half",32.60822,-85.49033,10,0.3713
"227_FASC 2nd Half",32.60883,-85.49025,11,0.4137
"227_FASC 2nd Half",32.60988,-85.49034,12,0.4865
"227_FASC 2nd Half",32.61082,-85.49036,13,0.5516
"227_FASC 2nd Half",32.61081,-85.49087,14,0.5813
"227_FASC 2nd Half",32.61076,-85.4911,15,0.5951
"227_FASC 2nd Half",32.61057,-85.49136,16,0.6152
"227_FASC 2nd Half",32.61029,-85.49167,17,0.6417
"227_FASC 2nd Half",32.61018,-85.49202,18,0.6634
"227_FASC 2nd Half",32.61016,-85.49258,19,0.6961
"227_FASC 2nd Half",32.61017,-85.49334,20,0.7404
"227_FASC 2nd Half",32.61018,-85.49436,21,0.7998
"227_FASC 2nd Half",32.61022,-85.49545,22,0.8634
"227_FASC 2nd Half",32.6102,-85.49686,23,0.9455
"227_FASC 2nd Half",32.61026,-85.49806,24,1.0156
"227_FASC 2nd Half",32.61022,-85.49989,25,1.1222
"227_FASC 2nd Half",32.61023,-85.50072,26,1.1706
"227_FASC 2nd Half",32.61018,-85.5014,27,1.2104
"227_FASC 2nd Half",32.60996,-85.50202,28,1.2496
"227_FASC 2nd Half",32.60974,-85.50288,29,1.3020
"227_FASC 2nd Half",32.60935,-85.50383,30,1.3635
"227_FASC 2nd Half",32.60906,-85.50459,31,1.4121
"227_FASC 2nd Half",32.6087,-85.50557,32,1.4744
"227_FASC 2nd Half",32.60823,-85.50679,33,1.5526
"227_FASC 2nd Half",32.60778,-85.50801,34,1.6302
"227_FASC 2nd Half",32.60772,-85.50834,35,1.6499
"227_FASC 2nd Half",32.60875,-85.50834,36,1.7211
"227_FASC 2nd Half",32.6094,-85.50836,37,1.7661
"227_FASC 2nd Half",32.60969,-85.50847,38,1.7872
"227_FASC 2nd Half",32.61,-85.5086,39,1.8099
"227_FASC 2nd Half",32.6103,-85.50874,40,1.8322
"227_FASC 2nd Half",32.61058,-85.50877,41,1.8516
"227_FASC 2nd Half",32.61075,-85.50861,42,1.8667
"227_FASC 2nd Half",32.6108,-85.50834,43,1.8828
"227_FASC 2nd Half",32.61068,-85.50811,44,1.8985
"227_FASC 2nd Half",32.61056,-85.50799,45,1.9094
"227_FASC 2nd Half",32.61019,-85.50797,46,1.9350
"227_FASC 2nd Half",32.60901,-85.50795,47,2.0166
"227_FASC 2nd Half",32.60797,-85.50794,48,2.0886
"227_FASC 2nd Half",32.60672,-85.5079,49,2.1751
"227_FASC 2nd Half",32.6056,-85.50788,50,2.2525
"227_FASC 2nd Half",32.60447,-85.50787,51,2.3307
"227_FASC 2nd Half",32.60344,-85.50784,52,2.4020
"227_FASC 2nd Half",32.6026,-85.50784,53,2.4601
"227_FASC 2nd Half",32.60146,-85.50782,54,2.5389
"227_FASC 2nd Half",32.6003,-85.5078,55,2.6192
"227_FASC 2nd Half",32.59908,-85.50778,56,2.7036
"227_FASC 2nd Half",32.5979,-85.50776,57,2.7852
"227_FASC 2nd Half",32.59683,-85.50774,58,2.8592
"227_FASC 2nd Half",32.59601,-85.50759,59,2.9166
"227_FASC 2nd Half",32.59537,-85.50747,60,2.9614
"227_FASC 2nd Half",32.5946,-85.50722,61,3.0167
"227_FASC 2nd Half",32.59378,-85.50689,62,3.0766
"227_FASC 2nd Half",32.59309,-85.50654,63,3.1285
"227_FASC 2nd Half",32.59243,-85.50609,64,3.1811
"227_FASC 2nd Half",32.59225,-85.50602,65,3.1942
"227_FASC 2nd Half",32.59214,-85.50626,66,3.2101
"227_FASC 2nd Half",32.59201,-85.50652,67,3.2278
"227_FASC 2nd Half",32.59188,-85.50675,68,3.2439
"227_FASC 2nd Half",32.59161,-85.50712,69,3.2724
"227_FASC 2nd Half",32.59073,-85.50818,70,3.3591
"227_FASC 2nd Half",32.58993,-85.50913,71,3.4374
"227_FASC 2nd Half",32.58917,-85.51012,72,3.5155
"227_FASC 2nd Half",32.58767,-85.51222,73,3.6759
"227_FASC 2nd Half",32.58617,-85.51433,74,3.8368
"227_FASC 2nd Half",32.58532,-85.51552,75,3.9277
"227_FASC 2nd Half",32.58488,-85.51616,76,3.9759
"227_FASC 2nd Half",32.58424,-85.51713,77,4.0477
"227_FASC 2nd Half",32.5838,-85.51773,78,4.0941
"227_FASC 2nd Half",32.58348,-85.51811,79,4.1254
"227_FASC 2nd Half",32.58238,-85.51937,80,4.2311
"227_FASC 2nd Half",32.58091,-85.52101,81,4.3707
"227_FASC 2nd Half",32.57918,-85.52284,82,4.5310
"227_FASC 2nd Half",32.57798,-85.5241,83,4.6418
"227_FASC 2nd Half",32.57788,-85.5243,84,4.6554
"227_FASC 2nd Half",32.57749,-85.5244,85,4.6830
"227_FASC 2nd Half",32.57732,-85.52407,86,4.7055
"227_FASC 2nd Half",32.57716,-85.52396,87,4.7183
"227_FASC 2nd Half",32.577,-85.52397,88,4.7294
"227_FASC 2nd Half",32.57682,-85.52404,89,4.7425
"227_FASC 2nd Half",32.57659,-85.52419,90,4.7606
"227_FASC 2nd Half",32.57624,-85.52432,91,4.7860
"227_FASC 2nd Half",32.57577,-85.52433,92,4.8185
"227_FASC 2nd Half",32.57389,-85.52432,93,4.9486
"227_FASC 2nd Half",32.57194,-85.52431,94,5.0834
"227_FASC 2nd Half",32.56994,-85.52427,95,5.2218
"227_FASC 2nd Half",32.56847,-85.52424,96,5.3235
"227_FASC 2nd Half",32.56649,-85.5242,97,5.4605
"227_FASC 2nd Half",32.5645,-85.52417,98,5.5981
"227_FASC 2nd Half",32.56289,-85.52415,99,5.7095
"227_FASC 2nd Half",32.56261,-85.52418,100,5.7290
"227_FASC 2nd Half",32.5624,-85.52424,101,5.7439
"227_FASC 2nd Half",32.56197,-85.52443,102,5.7756
"227_FASC 2nd Half",32.56172,-85.52457,103,5.7948
"227_FASC 2nd Half",32.56152,-85.52471,104,5.8108
"227_FASC 2nd Half",32.56128,-85.52491,105,5.8311
"227_FASC 2nd Half",32.56024,-85.52585,106,5.9215
"227_FASC 2nd Half",32.55906,-85.52692,107,6.0243
"227_FASC 2nd Half",32.55867,-85.52719,108,6.0555
"227_FASC 2nd Half",32.55847,-85.52731,109,6.0710
"227_FASC 2nd Half",32.55816,-85.52746,110,6.0942
"227_FASC 2nd Half",32.5579,-85.52756,111,6.1131
"227_FASC 2nd Half",32.5576,-85.52764,112,6.1343
"227_FASC 2nd Half",32.55615,-85.52795,113,6.2362
"227_FASC 2nd Half",32.55541,-85.5281,114,6.2882
"227_FASC 2nd Half",32.55535,-85.52755,115,6.3205
"227_FASC 2nd Half",32.55529,-85.52687,116,6.3604
"227_FASC 2nd Half",32.55528,-85.52664,117,6.3738
"227_FASC 2nd Half",32.55542,-85.52575,118,6.4266
"227_FASC 2nd Half",32.5556,-85.52515,119,6.4637
"227_FASC 2nd Half",32.55566,-85.52498,120,6.4745
"227_FASC 2nd Half",32.55598,-85.52421,121,6.5245
"227_FASC 2nd Half",32.55609,-85.52383,122,6.5479
"227_FASC 2nd Half",32.55619,-85.52337,123,6.5756
"227_FASC 2nd Half",32.55628,-85.52273,124,6.6135
"227_FASC 2nd Half",32.55637,-85.52236,125,6.6359
"227_FASC 2nd Half",32.55647,-85.52203,126,6.6564
"227_FASC 2nd Half",32.55673,-85.52137,127,6.6988
"227_FASC 2nd Half",32.55682,-85.52127,128,6.7074
"227_FASC 2nd Half",32.55712,-85.52078,129,6.7427
"227_FASC 2nd Half",32.55721,-85.52066,130,6.7520
"227_FASC 2nd Half",32.55782,-85.5199,131,6.8132
"227_FASC 2nd Half",32.55816,-85.51938,132,6.8516
"227_FASC 2nd Half",32.5584,-85.51894,133,6.8821
"227_FASC 2nd Half",32.55855,-85.5186,134,6.9045
"227_FASC 2nd Half",32.55875,-85.51804,135,6.9400
"227_FASC 2nd Half",32.55891,-85.51747,136,6.9750
"227_FASC 2nd Half",32.55898,-85.5171,137,6.9971
"227_FASC 2nd Half",32.55901,-85.51689,138,7.0095
"227_FASC 2nd Half",32.55908,-85.51587,139,7.0692
"227_FASC 2nd Half",32.5591,-85.51532,140,7.1013
"227_FASC 2nd Half",32.55914,-85.51496,141,7.1225
"227_FASC 2nd Half",32.55923,-85.51463,142,7.1427
"227_FASC 2nd Half",32.55938,-85.5143,143,7.1645
"227_FASC 2nd Half",32.56004,-85.51297,144,7.2545
"227_FASC 2nd Half",32.56016,-85.51267,145,7.2739
"227_FASC 2nd Half",32.56043,-85.51181,146,7.3274
"227_FASC 2nd Half",32.56065,-85.5109,147,7.3826
"227_FASC 2nd Half",32.56085,-85.51017,148,7.4273
"227_FASC 2nd Half",32.56095,-85.50991,149,7.4440
"227_FASC 2nd Half",32.56103,-85.50972,150,7.4564
"227_FASC 2nd Half",32.56113,-85.50955,151,7.4684
"227_FASC 2nd Half",32.56151,-85.50884,152,7.5175
"227_FASC 2nd Half",32.5625,-85.50698,153,7.6457
"227_FASC 2nd Half",32.56275,-85.50639,154,7.6842
"227_FASC 2nd Half",32.56286,-85.50597,155,7.7099
"227_FASC 2nd Half",32.56293,-85.50556,156,7.7342
"227_FASC 2nd Half",32.56295,-85.50519,157,7.7559
"227_FASC 2nd Half",32.56295,-85.50504,158,7.7646
"227_FASC 2nd Half",32.56291,-85.50455,159,7.7933
"227_FASC 2nd Half",32.56287,-85.50426,160,7.8104
"227_FASC 2nd Half",32.56281,-85.50399,161,7.8267
"227_FASC 2nd Half",32.5624,-85.50421,162,7.8578
"227_FASC 2nd Half",32.56166,-85.5046,163,7.9138
"227_FASC 2nd Half",32.56151,-85.50467,164,7.9250
"227_FASC 2nd Half",32.56141,-85.50478,165,7.9344
"227_FASC 2nd Half",32.56044,-85.5053,166,8.0081
"227_FASC 2nd Half",32.55917,-85.50604,167,8.1059
"227_FASC 2nd Half",32.55789,-85.50673,168,8.2032
"227_FASC 2nd Half",32.556914305761495,-85.50725537382074,169,8.2773
"227_FASC 2nd Half",32.55659,-85.50743,170,8.3019
"227_FASC 2nd Half",32.55672,-85.50775,171,8.3226
"227_FASC 2nd Half",32.5567,-85.50789,172,8.3309
"227_FASC 2nd Half",32.55678,-85.5081,173,8.3443
"227_FASC 2nd Half",32.55649,-85.50834,174,8.3688
"227_FASC 2nd Half",32.55625,-85.50847,175,8.3871
"227_FASC 2nd Half",32.55615,-85.50858,176,8.3965
"227_FASC 2nd Half",32.55576,-85.50881,177,8.4266
"227_FASC 2nd Half",32.55569,-85.5089,178,8.4338
"227_FASC 2nd Half",32.55564,-85.50899,179,8.4400
"227_FASC 2nd Half",32.55478,-85.50947,180,8.5058
"227_FASC 2nd Half",32.55466,-85.50952,181,8.5146
"227_FASC 2nd Half",32.55453,-85.50944,182,8.5247
"227_FASC 2nd Half",32.55438,-85.5091,183,8.5471
"227_FASC 2nd Half",32.55425,-85.50906,184,8.5564
"227_FASC 2nd Half",32.5535,-85.50949,185,8.6140
"227_FASC 2nd Half",32.55345,-85.50961,186,8.6218
"227_FASC 2nd Half",32.55361,-85.51004,187,8.6492
"227_FASC 2nd Half",32.55405,-85.50981,188,8.6825
"227_FASC 2nd Half",32.55393,-85.50947,189,8.7039
"227_FASC 2nd Half",32.55386,-85.50928,190,8.7160
"227_FASC 2nd Half",32.55405,-85.50918,191,8.7304
"227_FASC 2nd Half",32.55425,-85.50906,192,8.7459
"227_FASC 2nd Half",32.55438,-85.5091,193,8.7552
"227_FASC 2nd Half",32.55443,-85.5092,194,8.7620
"227_FASC 2nd Half",32.55451,-85.50939,195,8.7744
"227_FASC 2nd Half",32.55462,-85.50952,196,8.7851
"227_FASC 2nd Half",32.55477,-85.50947,197,8.7959
"227_FASC 2nd Half",32.55516,-85.50926,198,8.8255
"227_FASC 2nd Half",32.55545,-85.5091,199,8.8476
"227_FASC 2nd Half",32.55531,-85.50873,200,8.8713
"227_FASC 2nd Half",32.55514,-85.50833,201,8.8974
"227_FASC 2nd Half",32.55508,-85.50819,202,8.9066
"227_FASC 2nd Half",32.55481,-85.50835,203,8.9274
"227_FASC 2nd Half",32.5543,-85.50864,204,8.9665
"227_FASC 2nd Half",32.55349,-85.50909,205,9.0284
"227_FASC 2nd Half",32.5527,-85.50954,206,9.0890
"227_FASC 2nd Half",32.55203,-85.5099,207,9.1399
"227_FASC 2nd Half",32.55161,-85.51011,208,9.1714
"227_FASC 2nd Half",32.55123,-85.51033,209,9.2007
"227_FASC 2nd Half",32.54931,-85.51149,210,9.3497
"227_FASC 2nd Half",32.54672,-85.51295,211,9.5481
"227_FASC 2nd Half",32.54391,-85.51452,212,9.7629
"227_FASC 2nd Half",32.5411,-85.51609,213,9.9778
"227_FASC 2nd Half",32.54096,-85.51616,214,9.9883
"227_FASC 2nd Half",32.5408,-85.51651,215,10.0115
"227_FASC 2nd Half",32.54071,-85.51675,216,10.0268
"227_FASC 2nd Half",32.54072,-85.51742,217,10.0659
"227_FASC 2nd Half",32.54075,-85.51867,218,10.1388
"227_FASC 2nd Half",32.54077,-85.51928,219,10.1744
"227_FASC 2nd Half",32.54082,-85.51974,220,10.2014
"227_FASC 2nd Half",32.54103,-85.5209,221,10.2706
"227_FASC 2nd Half",32.54121,-85.52154,222,10.3100
"227_FASC 2nd Half",32.54137,-85.52203,223,10.3406
"227_FASC 2nd Half",32.54167,-85.52276,224,10.3880
"227_FASC 2nd Half",32.54198,-85.52344,225,10.4330
"227_FASC 2nd Half",32.54227,-85.52395,226,10.4689
"227_FASC 2nd Half",32.54252,-85.52431,227,10.4961
"227_FASC 2nd Half",32.54301,-85.52494,228,10.5461
"227_FASC 2nd Half",32.54338,-85.52538,229,10.5823
"227_FASC 2nd Half",32.54386,-85.52583,230,10.6247
"227_FASC 2nd Half",32.54437,-85.52623,231,10.6669
"227_FASC 2nd Half",32.54454,-85.52634,232,10.6803
"227_FASC 2nd Half",32.54491,-85.52658,233,10.7095
"227_FASC 2nd Half",32.54545,-85.52691,234,10.7515
"227_FASC 2nd Half",32.54597,-85.52716,235,10.7903
"227_FASC 2nd Half",32.54658,-85.5275,236,10.8370
"227_FASC 2nd Half",32.54732,-85.52788,237,10.8927
"227_FASC 2nd Half",32.54771,-85.52808,238,10.9221
"227_FASC 2nd Half",32.54893,-85.52875,239,11.0151
"227_FASC 2nd Half",32.54958,-85.52902,240,11.0627
"227_FASC 2nd Half",32.54995,-85.52911,241,11.0889
"227_FASC 2nd Half",32.55006,-85.52912,242,11.0965
"227_FASC 2nd Half",32.55022,-85.52912,243,11.1076
"227_FASC 2nd Half",32.55096,-85.52901,244,11.1592
"227_FASC 2nd Half",32.55249,-85.52871,245,11.2664
"227_FASC 2nd Half",32.55508,-85.52817,246,11.4483
"227_FASC 2nd Half",32.55568,-85.52805,247,11.4904
"227_FASC 2nd Half",32.5576,-85.52764,248,11.6254
"227_FASC 2nd Half",32.55798,-85.52753,249,11.6524
"227_FASC 2nd Half",32.55847,-85.52731,250,11.6886
"227_FASC 2nd Half",32.55897,-85.52699,251,11.7279
"227_FASC 2nd Half",32.56029,-85.5258,252,11.8426
"227_FASC 2nd Half",32.56128,-85.52491,253,11.9285
"227_FASC 2nd Half",32.56152,-85.52471,254,11.9488
"227_FASC 2nd Half",32.56172,-85.52457,255,11.9649
"227_FASC 2nd Half",32.56212,-85.52436,256,11.9951
"227_FASC 2nd Half",32.56244,-85.52423,257,12.0185
"227_FASC 2nd Half",32.56261,-85.52418,258,12.0306
"227_FASC 2nd Half",32.56288,-85.52415,259,12.0494
"227_FASC 2nd Half",32.56543,-85.52419,260,12.2258
"227_FASC 2nd Half",32.5677,-85.52423,261,12.3828
"227_FASC 2nd Half",32.57069,-85.52428,262,12.5897
"227_FASC 2nd Half",32.57192,-85.52431,263,12.6748
"227_FASC 2nd Half",32.57361,-85.52432,264,12.7917
"227_FASC 2nd Half",32.5755,-85.52433,265,12.9224
"227_FASC 2nd Half",32.57624,-85.52432,266,12.9736
"227_FASC 2nd Half",32.57659,-85.52419,267,12.9990
"227_FASC 2nd Half",32.57667,-85.52414,268,13.0052
"227_FASC 2nd Half",32.5769,-85.524,269,13.0231
"227_FASC 2nd Half",32.57712,-85.52395,270,13.0386
"227_FASC 2nd Half",32.57732,-85.52407,271,13.0541
"227_FASC 2nd Half",32.57766,-85.52425,272,13.0799
"227_FASC 2nd Half",32.57784,-85.52415,273,13.0936
"227_FASC 2nd Half",32.57798,-85.5241,274,13.1037
"227_FASC 2nd Half",32.57859,-85.52347,275,13.1597
"227_FASC 2nd Half",32.58064,-85.5213,276,13.3497
"227_FASC 2nd Half",32.58136,-85.52052,277,13.4171
"227_FASC 2nd Half",32.58272,-85.51898,278,13.5471
"227_FASC 2nd Half",32.58353,-85.51806,279,13.6247
"227_FASC 2nd Half",32.58408,-85.51736,280,13.6805
"227_FASC 2nd Half",32.58438,-85.51693,281,13.7130
"227_FASC 2nd Half",32.5851,-85.51582,282,13.7946
"227_FASC 2nd Half",32.58571,-85.51498,283,13.8593
"227_FASC 2nd Half",32.58634,-85.51409,284,13.9270
"227_FASC 2nd Half",32.58722,-85.51285,285,14.0215
"227_FASC 2nd Half",32.58804,-85.51171,286,14.1089
"227_FASC 2nd Half",32.58893,-85.51046,287,14.2042
"227_FASC 2nd Half",32.58951,-85.50966,288,14.2657
"227_FASC 2nd Half",32.58981,-85.50929,289,14.2957
"227_FASC 2nd Half",32.59087,-85.50801,290,14.4003
"227_FASC 2nd Half",32.59172,-85.50699,291,14.4839
"227_FASC 2nd Half",32.59201,-85.50652,292,14.5178
"227_FASC 2nd Half",32.59216,-85.5064,293,14.5303
"227_FASC 2nd Half",32.59252,-85.50632,294,14.5557
"227_FASC 2nd Half",32.5933,-85.50661,295,14.6122
"227_FASC 2nd Half",32.59479,-85.5073,296,14.7228
"227_FASC 2nd Half",32.59596,-85.5076,297,14.8056
"227_FASC 2nd Half",32.59721,-85.50773,298,14.8924
"227_FASC 2nd Half",32.59866,-85.50778,299,14.9928
"227_FASC 2nd Half",32.6005,-85.5078,300,15.1201
"227_FASC 2nd Half",32.60077,-85.50761,301,15.1418
"227_FASC 2nd Half",32.60092,-85.50735,302,15.1601
"227_FASC 2nd Half",32.60086,-85.50618,303,15.2284
"227_FASC 2nd Half",32.60078,-85.50444,304,15.3300
"227_FASC 2nd Half",32.60071,-85.50266,305,15.4338
"227_FASC 2nd Half",32.60068,-85.50088,306,15.5376
"227_FASC 2nd Half",32.60059,-85.49968,307,15.6078
"227_FASC 2nd Half",32.60046,-85.49911,308,15.6422
"227_FASC 2nd Half",32.60031,-85.49871,309,15.6677
"227_FASC 2nd Half",32.60062,-85.49855,310,15.6911
"227_FASC 2nd Half",32.60091,-85.49852,311,15.7112
"227_FASC 2nd Half",32.6014,-85.49863,312,15.7457
"227_FASC 2nd Half",32.60221,-85.49881,313,15.8027
"227_FASC 2nd Half",32.60325,-85.4989,314,15.8748
"227_FASC 2nd Half",32.604,-85.49892,315,15.9267
"227_FASC 2nd Half",32.60399,-85.49833,316,15.9611
"227_FASC 2nd Half",32.604,-85.49689,317,16.0450
"227_FASC 2nd Half",32.60406,-85.4955,318,16.1261
"227_FASC 2nd Half",32.60434,-85.49554,319,16.1456
"227_FASC 2nd Half",32.60461,-85.49552,320,16.1644
"227_FASC 2nd Half",32.60489,-85.49543,321,16.1844
"227_FASC 2nd Half",32.60506,-85.49535,322,16.1971
"227_FASC 2nd Half",32.60496,-85.49511,323,16.2127
"227_FASC 2nd Half",32.60489,-85.49486,324,16.2280
"227_FASC 2nd Half",32.60489,-85.49473,325,16.2356
"227_FASC 2nd Half",32.60489,-85.49447,326,16.2507
"227_FASC 2nd Half",32.60489,-85.49407,327,16.2741
"227_FASC 2nd Half",32.60478,-85.49395,328,16.2844
"227_FASC 2nd Half",32.60474,-85.49376,329,16.2958
"227_FASC 2nd Half",32.60482,-85.4936,330,16.3066
"227_FASC 2nd Half",32.60488,-85.49295,331,16.3447
"227_FASC 2nd Half",32.60488,-85.49253,332,16.3692
"227_FASC 2nd Half",32.60488,-85.49215,333,16.3914
"228_FFAC 2nd Half",32.6049,-85.49316,1,0.0000
"228_FFAC 2nd Half",32.60488788773945,-85.49241509597633,2,0.0434
"228_FFAC 2nd Half",32.60488,-85.49193,3,0.0717
"228_FFAC 2nd Half",32.60483,-85.49144,4,0.1004
"228_FFAC 2nd Half",32.60482,-85.49092,5,0.1308
"228_FFAC 2nd Half",32.60483,-85.49042,6,0.1599
"228_FFAC 2nd Half",32.60512,-85.49043,7,0.1800
"228_FFAC 2nd Half",32.6058,-85.49037,8,0.2271
"228_FFAC 2nd Half",32.6061,-85.49037,9,0.2479
"228_FFAC 2nd Half",32.60636,-85.49037,10,0.2659
"228_FFAC 2nd Half",32.60708,-85.49031,11,0.3158
"228_FFAC 2nd Half",32.60796,-85.49031,12,0.3767
"228_FFAC 2nd Half",32.60878,-85.49028,13,0.4334
"228_FFAC 2nd Half",32.60994,-85.49032,14,0.5137
"228_FFAC 2nd Half",32.61084,-85.49032,15,0.5759
"228_FFAC 2nd Half",32.61082,-85.49084,16,0.6063
"228_FFAC 2nd Half",32.61074,-85.49117,17,0.6263
"228_FFAC 2nd Half",32.61045,-85.49148,18,0.6533
"228_FFAC 2nd Half",32.61028,-85.49168,19,0.6698
"228_FFAC 2nd Half",32.61019,-85.49189,20,0.6836
"228_FFAC 2nd Half",32.61016,-85.49226,21,0.7052
"228_FFAC 2nd Half",32.61017,-85.49327,22,0.7641
"228_FFAC 2nd Half",32.61019,-85.49447,23,0.8340
"228_FFAC 2nd Half",32.61022,-85.49586,24,0.9150
"228_FFAC 2nd Half",32.61025,-85.49705,25,0.9844
"228_FFAC 2nd Half",32.61029,-85.49895,26,1.0951
"228_FFAC 2nd Half",32.61027,-85.49982,27,1.1458
"228_FFAC 2nd Half",32.61025,-85.50075,28,1.2000
"228_FFAC 2nd Half",32.6101,-85.50154,29,1.2472
"228_FFAC 2nd Half",32.60991,-85.5022,30,1.2879
"228_FFAC 2nd Half",32.60967,-85.50293,31,1.3335
"228_FFAC 2nd Half",32.60931,-85.50379,32,1.3895
"228_FFAC 2nd Half",32.60895,-85.50487,33,1.4572
"228_FFAC 2nd Half",32.6086,-85.50578,34,1.5154
"228_FFAC 2nd Half",32.60813,-85.50707,35,1.5973
"228_FFAC 2nd Half",32.60778,-85.50808,36,1.6610
"228_FFAC 2nd Half",32.60798,-85.50833,37,1.6811
"228_FFAC 2nd Half",32.6093,-85.50836,38,1.7724
"228_FFAC 2nd Half",32.60965,-85.50843,39,1.7969
"228_FFAC 2nd Half",32.61016,-85.50863,40,1.8341
"228_FFAC 2nd Half",32.61039,-85.50878,41,1.8522
"228_FFAC 2nd Half",32.6106,-85.50876,42,1.8668
"228_FFAC 2nd Half",32.61078,-85.50851,43,1.8860
"228_FFAC 2nd Half",32.61073,-85.5082,44,1.9044
"228_FFAC 2nd Half",32.61052,-85.50796,45,1.9245
"228_FFAC 2nd Half",32.60835,-85.50795,46,2.0746
"228_FFAC 2nd Half",32.60569,-85.50793,47,2.2586
"228_FFAC 2nd Half",32.60295,-85.50783,48,2.4482
"228_FFAC 2nd Half",32.60123,-85.50784,49,2.5672
"228_FFAC 2nd Half",32.60093,-85.50747,50,2.5971
"228_FFAC 2nd Half",32.60087,-85.50605,51,2.6800
"228_FFAC 2nd Half",32.60078,-85.50421,52,2.7874
"228_FFAC 2nd Half",32.60077149166438,-85.5038611582397,53,2.8077
"228_FFAC 2nd Half",32.60076,-85.50339,54,2.8352
"228_FFAC 2nd Half",32.60043,-85.50341,55,2.8581
"228_FFAC 2nd Half",32.60027,-85.50347,56,2.8697
"228_FFAC 2nd Half",32.60002,-85.50363,57,2.8893
"228_FFAC 2nd Half",32.5999,-85.50366,58,2.8978
"228_FFAC 2nd Half",32.59973,-85.50366,59,2.9095
"228_FFAC 2nd Half",32.5993109798811,-85.50368116263226,60,2.9386
"228_FFAC 2nd Half",32.59874,-85.50371,61,2.9781
"228_FFAC 2nd Half",32.59773,-85.50378,62,3.0481
"228_FFAC 2nd Half",32.59744,-85.50379,63,3.0681
"228_FFAC 2nd Half",32.59748,-85.5036,64,3.0796
"228_FFAC 2nd Half",32.59759,-85.50356,65,3.0875
"228_FFAC 2nd Half",32.59772,-85.50355,66,3.0965
"228_FFAC 2nd Half",32.598,-85.50353,67,3.1159
"228_FFAC 2nd Half",32.59853,-85.5035,68,3.1526
"228_FFAC 2nd Half",32.59911,-85.50347,69,3.1928
"228_FFAC 2nd Half",32.5997,-85.50344,70,3.2336
"228_FFAC 2nd Half",32.59986,-85.50343,71,3.2447
"228_FFAC 2nd Half",32.5999,-85.50357,72,3.2533
"228_FFAC 2nd Half",32.60002,-85.50363,73,3.2623
"228_FFAC 2nd Half",32.60011,-85.50357,74,3.2695
"228_FFAC 2nd Half",32.60036,-85.50342,75,3.2889
"228_FFAC 2nd Half",32.6005,-85.5034,76,3.2986
"228_FFAC 2nd Half",32.60076,-85.50339,77,3.3166
"228_FFAC 2nd Half",32.60074,-85.50281,78,3.3504
"228_FFAC 2nd Half",32.60072,-85.50234,79,3.3778
"228_FFAC 2nd Half",32.6007,-85.50185,80,3.4064
"228_FFAC 2nd Half",32.60068,-85.50132,81,3.4374
"228_FFAC 2nd Half",32.60066,-85.50079,82,3.4683
"228_FFAC 2nd Half",32.60064,-85.50026,83,3.4992
"228_FFAC 2nd Half",32.60063,-85.49997,84,3.5161
"228_FFAC 2nd Half",32.6006,-85.49972,85,3.5308
"228_FFAC 2nd Half",32.60055,-85.49947,86,3.5458
"228_FFAC 2nd Half",32.60048,-85.4992,87,3.5622
"228_FFAC 2nd Half",32.60029,-85.49873,88,3.5926
"228_FFAC 2nd Half",32.6006,-85.49856,89,3.6162
"228_FFAC 2nd Half",32.60081,-85.49852,90,3.6310
"228_FFAC 2nd Half",32.60104,-85.49856,91,3.6470
"228_FFAC 2nd Half",32.60156,-85.49868,92,3.6837
"228_FFAC 2nd Half",32.60216,-85.4988,93,3.7258
"228_FFAC 2nd Half",32.60285,-85.49888,94,3.7737
"228_FFAC 2nd Half",32.60356,-85.49893,95,3.8229
"228_FFAC 2nd Half",32.60398,-85.49894,96,3.8520
"228_FFAC 2nd Half",32.60399,-85.49847,97,3.8794
"228_FFAC 2nd Half",32.60399,-85.49797,98,3.9085
"228_FFAC 2nd Half",32.604,-85.49706,99,3.9615
"228_FFAC 2nd Half",32.60402,-85.49623,100,4.0099
"228_FFAC 2nd Half",32.60409,-85.49549,101,4.0533
"228_FFAC 2nd Half",32.60427,-85.49553,102,4.0660
"228_FFAC 2nd Half",32.60457,-85.49552,103,4.0867
"228_FFAC 2nd Half",32.60479,-85.49547,104,4.1022
"228_FFAC 2nd Half",32.60507,-85.49534,105,4.1230
"228_FFAC 2nd Half",32.60493,-85.49502,106,4.1440
"228_FFAC 2nd Half",32.6049,-85.49489,107,4.1519
"228_FFAC 2nd Half",32.60489,-85.49455,108,4.1717
"228_FFAC 2nd Half",32.60489,-85.49405,109,4.2009
"228_FFAC 2nd Half",32.60478,-85.49395,110,4.2104
"228_FFAC 2nd Half",32.60474,-85.49381,111,4.2191
"228_FFAC 2nd Half",32.60478,-85.49364,112,4.2293
"228_FFAC 2nd Half",32.60489,-85.49354,113,4.2389
"228_FFAC 2nd Half",32.60488,-85.49234,114,4.3088
"FVCOM 2nd half",32.58892,-85.49385,1,0.0000
"FVCOM 2nd half",32.5891,-85.49409,2,0.0187
"FVCOM 2nd half",32.58928,-85.49425,3,0.0343
"FVCOM 2nd half",32.58952,-85.49439,4,0.0528
"FVCOM 2nd half",32.58972,-85.49447,5,0.0674
"FVCOM 2nd half",32.59025,-85.49451,6,0.1041
"FVCOM 2nd half",32.59064,-85.4945,7,0.1311
"FVCOM 2nd half",32.59099,-85.49456,8,0.1556
"FVCOM 2nd half",32.59137,-85.49463,9,0.1822
"FVCOM 2nd half",32.59173,-85.49465,10,0.2071
"FVCOM 2nd half",32.59259,-85.49454,11,0.2669
"FVCOM 2nd half",32.59268,-85.49453,12,0.2732
"FVCOM 2nd half",32.59271,-85.49486,13,0.2925
"FVCOM 2nd half",32.59276,-85.49528,14,0.3172
"FVCOM 2nd half",32.59299,-85.49747,15,0.4458
"FVCOM 2nd half",32.59304,-85.49771,16,0.4603
"FVCOM 2nd half",32.59308,-85.49786,17,0.4694
"FVCOM 2nd half",32.59336,-85.49836,18,0.5044
"FVCOM 2nd half",32.59351,-85.49859,19,0.5214
"FVCOM 2nd half",32.5937,-85.49883,20,0.5406
"FVCOM 2nd half",32.59387,-85.49899,21,0.5556
"FVCOM 2nd half",32.59409,-85.49913,22,0.5728
"FVCOM 2nd half",32.59428,-85.49923,23,0.5872
"FVCOM 2nd half",32.59441,-85.49927,24,0.5965
"FVCOM 2nd half",32.5947,-85.49931,25,0.6167
"FVCOM 2nd half",32.59556,-85.49937,26,0.6763
"FVCOM 2nd half",32.59574,-85.49942,27,0.6891
"FVCOM 2nd half",32.59601,-85.49957,28,0.7097
"FVCOM 2nd half",32.59628,-85.49988,29,0.7357
"FVCOM 2nd half",32.59697,-85.5007,30,0.8032
"FVCOM 2nd half",32.59734,-85.50111,31,0.8382
"FVCOM 2nd half",32.59798,-85.50172,32,0.8950
"FVCOM 2nd half",32.59829,-85.50196,33,0.9206
"FVCOM 2nd half",32.59867,-85.50212,34,0.9485
"FVCOM 2nd half",32.59897,-85.50221,35,0.9699
"FVCOM 2nd half",32.59916,-85.50225,36,0.9832
"FVCOM 2nd half",32.59938,-85.50228,37,0.9986
"FVCOM 2nd half",32.59966,-85.50228,38,1.0179
"FVCOM 2nd half",32.60032,-85.50224,39,1.0636
"FVCOM 2nd half",32.60046,-85.5021,40,1.0763
"FVCOM 2nd half",32.60058,-85.50192,41,1.0897
"FVCOM 2nd half",32.60063,-85.50153,42,1.1127
"FVCOM 2nd half",32.60067,-85.50141,43,1.1202
"FVCOM 2nd half",32.60065,-85.50032,44,1.1837
"FVCOM 2nd half",32.60061,-85.49986,45,1.2107
"FVCOM 2nd half",32.60057,-85.49958,46,1.2272
"FVCOM 2nd half",32.60047,-85.49916,47,1.2526
"FVCOM 2nd half",32.60029,-85.49873,48,1.2806
"FVCOM 2nd half",32.60046,-85.49863,49,1.2937
"FVCOM 2nd half",32.60062,-85.49856,50,1.3055
"FVCOM 2nd half",32.60082,-85.49853,51,1.3195
"FVCOM 2nd half",32.6021,-85.49879,52,1.4093
"FVCOM 2nd half",32.60301,-85.4989,53,1.4726
"FVCOM 2nd half",32.60398,-85.49895,54,1.5397
"FVCOM 2nd half",32.60399,-85.49835,55,1.5747
"FVCOM 2nd half",32.604,-85.49709,56,1.6481
"FVCOM 2nd half",32.60401,-85.4964,57,1.6883
"FVCOM 2nd half",32.60404,-85.49589,58,1.7181
"FVCOM 2nd half",32.60408,-85.49551,59,1.7405
"FVCOM 2nd half",32.60437,-85.49554,60,1.7606
"FVCOM 2nd half",32.60457,-85.49552,61,1.7745
"FVCOM 2nd half",32.60478,-85.49547,62,1.7893
"FVCOM 2nd half",32.605,-85.49538,63,1.8054
"FVCOM 2nd half",32.60502,-85.49523,64,1.8142
"FVCOM 2nd half",32.60495,-85.49508,65,1.8242
"FVCOM 2nd half",32.60489,-85.49486,66,1.8377
"FVCOM 2nd half",32.60488,-85.49463,67,1.8511
"FVCOM 2nd half",32.60488,-85.49419,68,1.8768
"FVCOM 2nd half",32.6049,-85.49367,69,1.9071
"FVCOM 2nd half",32.60487,-85.49337,70,1.9247
"FVCOM 2nd half",32.60487,-85.49278,71,1.9591
"FVCOM 2nd half",32.60488,-85.49233,72,1.9853
"FVCOM 2nd half",32.60488,-85.49218,73,1.9940
"FVCOM 2nd half",32.60486,-85.49199,74,2.0052
"FVCOM 2nd half",32.60485,-85.4916,75,2.0279
"FVCOM 2nd half",32.60481,-85.49136,76,2.0422
"FVCOM 2nd half",32.60482444798806,-85.49086154441207,77,2.0713
"FVCOM 2nd half",32.60483,-85.49067,78,2.0824
"FVCOM 2nd half",32.60483,-85.49042,79,2.0970
"FVCOM 2nd half",32.60528,-85.4904,80,2.1281
"FVCOM 2nd half",32.60575,-85.49038,81,2.1607
"FVCOM 2nd half",32.6062,-85.49037,82,2.1918
"FVCOM 2nd half",32.60635,-85.49039,83,2.2022
"FVCOM 2nd half",32.60637,-85.491,84,2.2378
"FVCOM 2nd half",32.60637,-85.49195,85,2.2932
"FVCOM 2nd half",32.60636,-85.49276,86,2.3404
"FVCOM 2nd half",32.60635,-85.49348,87,2.3823
"FVCOM 2nd half",32.60627,-85.49393,88,2.4091
"FVCOM 2nd half",32.60613,-85.49432,89,2.4338
"FVCOM 2nd half",32.60597,-85.49456,90,2.4517
"FVCOM 2nd half",32.60581,-85.49479,91,2.4690
"FVCOM 2nd half",32.60564,-85.49496,92,2.4844
"FVCOM 2nd half",32.60545,-85.4951,93,2.4999
"FVCOM 2nd half",32.60508,-85.49534,94,2.5291
"FVCOM 2nd half",32.60478,-85.49547,95,2.5511
"FVCOM 2nd half",32.60457,-85.49552,96,2.5660
"FVCOM 2nd half",32.60429,-85.49554,97,2.5854
"FVCOM 2nd half",32.60408,-85.49551,98,2.6000
"FVCOM 2nd half",32.60388,-85.49546,99,2.6141
"FVCOM 2nd half",32.60373,-85.49542,100,2.6248
"FVCOM 2nd half",32.60357,-85.49536,101,2.6364
"FVCOM 2nd half",32.60336,-85.49522,102,2.6530
"FVCOM 2nd half",32.60323,-85.49512,103,2.6637
"FVCOM 2nd half",32.60283,-85.4948,104,2.6971
"FVCOM 2nd half",32.60273,-85.49475,105,2.7046
"FVCOM 2nd half",32.60257,-85.49472,106,2.7158
"FVCOM 2nd half",32.60237,-85.49469,107,2.7298
"FVCOM 2nd half",32.60228,-85.49471,108,2.7361
"FVCOM 2nd half",32.60208,-85.49479,109,2.7507
"FVCOM 2nd half",32.60184,-85.49496,110,2.7700
"FVCOM 2nd half",32.60104,-85.49567,111,2.8391
"FVCOM 2nd half",32.60024,-85.49637,112,2.9079
"FVCOM 2nd half",32.59943,-85.49706,113,2.9768
"FVCOM 2nd half",32.59917,-85.49728,114,2.9989
"FVCOM 2nd half",32.59885,-85.49756,115,3.0264
"FVCOM 2nd half",32.5985,-85.49793,116,3.0588
"FVCOM 2nd half",32.59785,-85.49853,117,3.1158
"FVCOM 2nd half",32.59752,-85.49889,118,3.1468
"FVCOM 2nd half",32.59723,-85.4992,119,3.1738
"FVCOM 2nd half",32.59678,-85.49973,120,3.2176
"FVCOM 2nd half",32.59649,-85.50007,121,3.2458
"FVCOM 2nd half",32.5962,-85.49976,122,3.2728
"FVCOM 2nd half",32.5959,-85.49948,123,3.2992
"FVCOM 2nd half",32.5958,-85.49942,124,3.3070
"FVCOM 2nd half",32.59529,-85.49936,125,3.3424
"FVCOM 2nd half",32.59489,-85.49934,126,3.3701
"FVCOM 2nd half",32.59448,-85.49929,127,3.3986
"FVCOM 2nd half",32.5943,-85.49924,128,3.4114
"FVCOM 2nd half",32.59406,-85.49913,129,3.4292
"FVCOM 2nd half",32.59378,-85.49889,130,3.4531
"FVCOM 2nd half",32.59355,-85.49865,131,3.4743
"FVCOM 2nd half",32.59335,-85.49833,132,3.4975
"FVCOM 2nd half",32.5931,-85.4979,133,3.5280
"FVCOM 2nd half",32.59296,-85.49717,134,3.5716
"FVCOM 2nd half",32.59291,-85.49655,135,3.6079
"FVCOM 2nd half",32.59282,-85.4958,136,3.6520
"FVCOM 2nd half",32.59274,-85.49506,137,3.6955
"FVCOM 2nd half",32.59267,-85.49454,138,3.7262
"FVCOM 2nd half",32.5924,-85.49459,139,3.7451
"FVCOM 2nd half",32.59202,-85.49463,140,3.7715
"FVCOM 2nd half",32.59157,-85.49464,141,3.8026
"FVCOM 2nd half",32.591366102602606,-85.49461853711607,142,3.8168
"FVCOM 2nd half",32.59119,-85.4946,143,3.8290
"FVCOM 2nd half",32.59083,-85.49453,144,3.8542
"FVCOM 2nd half",32.59031,-85.4945,145,3.8903
"FVCOM 2nd half",32.58972,-85.49447,146,3.9311
"FVCOM 2nd half",32.58934,-85.49427,147,3.9599
"FVCOM 2nd half",32.58908,-85.49407,148,3.9813
"FVCOM 2nd half",32.58905,-85.49393,149,3.9897
"FAM 2nd half",32.60488,-85.492,1,0.0000
"FAM 2nd half",32.60489,-85.49319,2,0.0693
"FAM 2nd half",32.60488,-85.49279,3,0.0927
"FAM 2nd half",32.60488,-85.49193,4,0.1428
"FAM 2nd half",32.60483,-85.49144,5,0.1715
"FAM 2nd half",32.60482,-85.4913,6,0.1797
"FAM 2nd half",32.60483,-85.49042,7,0.2310
"FAM 2nd half",32.60512,-85.49043,8,0.2511
"FAM 2nd half",32.60556,-85.4904,9,0.2816
"FAM 2nd half",32.6058,-85.49037,10,0.2983
"FAM 2nd half",32.60636,-85.49037,11,0.3370
"FAM 2nd half",32.60646,-85.49039,12,0.3440
"FAM 2nd half",32.60719,-85.49039,13,0.3945
"FAM 2nd half",32.60778,-85.49035,14,0.4354
"FAM 2nd half",32.60823,-85.49029,15,0.4667
"FAM 2nd half",32.60854,-85.49027,16,0.4882
"FAM 2nd half",32.61011,-85.49037,17,0.5969
"FAM 2nd half",32.61156,-85.49033,18,0.6972
"FAM 2nd half",32.61386,-85.49042,19,0.8564
"FAM 2nd half",32.61463,-85.49041,20,0.9097
"FAM 2nd half",32.61592,-85.49041,21,0.9989
"FAM 2nd half",32.61778,-85.49045,22,1.1276
"FAM 2nd half",32.6181,-85.49047,23,1.1498
"FAM 2nd half",32.6182,-85.49049,24,1.1568
"FAM 2nd half",32.61836,-85.49055,25,1.1684
"FAM 2nd half",32.61984,-85.49151,26,1.2850
"FAM 2nd half",32.62036,-85.49191,27,1.3279
"FAM 2nd half",32.6213,-85.49262,28,1.4050
"FAM 2nd half",32.62285,-85.49376,29,1.5311
"FAM 2nd half",32.62334,-85.4941,30,1.5703
"FAM 2nd half",32.62381,-85.49434,31,1.6057
"FAM 2nd half",32.62421,-85.49445,32,1.6341
"FAM 2nd half",32.62562,-85.49475,33,1.7332
"FAM 2nd half",32.62608,-85.49487,34,1.7658
"FAM 2nd half",32.62662,-85.49504,35,1.8044
"FAM 2nd half",32.62711,-85.49532,36,1.8420
"FAM 2nd half",32.62761,-85.49556,37,1.8794
"FAM 2nd half",32.62779,-85.49569,38,1.8939
"FAM 2nd half",32.62837,-85.49602,39,1.9384
"FAM 2nd half",32.62875,-85.49624,40,1.9677
"FAM 2nd half",32.63081,-85.49758,41,2.1301
"FAM 2nd half",32.63108,-85.4973,42,2.1549
"FAM 2nd half",32.63207,-85.49636,43,2.2426
"FAM 2nd half",32.63241,-85.496,44,2.2741
"FAM 2nd half",32.63291,-85.49543,45,2.3221
"FAM 2nd half",32.63348,-85.49474,46,2.3784
"FAM 2nd half",32.63381,-85.4943,47,2.4127
"FAM 2nd half",32.6341,-85.49388,48,2.4443
"FAM 2nd half",32.63458,-85.49307,49,2.5020
"FAM 2nd half",32.63485,-85.49253,50,2.5386
"FAM 2nd half",32.63509,-85.49208,51,2.5696
"FAM 2nd half",32.6354,-85.49133,52,2.6183
"FAM 2nd half",32.63565,-85.49068,53,2.6599
"FAM 2nd half",32.63588,-85.48999,54,2.7031
"FAM 2nd half",32.63602,-85.48951,55,2.7327
"FAM 2nd half",32.63621,-85.48868,56,2.7828
"FAM 2nd half",32.63635,-85.48801,57,2.8230
"FAM 2nd half",32.63643,-85.48753,58,2.8515
"FAM 2nd half",32.63654,-85.4867,59,2.9005
"FAM 2nd half",32.6366,-85.48598,60,2.9426
"FAM 2nd half",32.63663,-85.48463,61,3.0213
"FAM 2nd half",32.63667,-85.48251,62,3.1448
"FAM 2nd half",32.63669,-85.4817,63,3.1920
"FAM 2nd half",32.63668,-85.48085,64,3.2415
"FAM 2nd half",32.63667,-85.48068,65,3.2515
"FAM 2nd half",32.63658,-85.48015,66,3.2830
"FAM 2nd half",32.63647,-85.4797,67,3.3102
"FAM 2nd half",32.63633,-85.4793,68,3.3355
"FAM 2nd half",32.63612,-85.47884,69,3.3660
"FAM 2nd half",32.63588,-85.47846,70,3.3936
"FAM 2nd half",32.63566,-85.47819,71,3.4155
"FAM 2nd half",32.63545,-85.47797,72,3.4349
"FAM 2nd half",32.63504,-85.47761,73,3.4702
"FAM 2nd half",32.63476,-85.47742,74,3.4925
"FAM 2nd half",32.63408,-85.47702,75,3.5449
"FAM 2nd half",32.63373,-85.47679,76,3.5726
"FAM 2nd half",32.63347,-85.47656,77,3.5950
"FAM 2nd half",32.63328,-85.47636,78,3.6126
"FAM 2nd half",32.63285,-85.47581,79,3.6563
"FAM 2nd half",32.63252,-85.47524,80,3.6966
"FAM 2nd half",32.63168,-85.47338,81,3.8196
"FAM 2nd half",32.63084,-85.47152,82,3.9425
"FAM 2nd half",32.62999,-85.46966,83,4.0658
"FAM 2nd half",32.62982,-85.46928,84,4.0908
"FAM 2nd half",32.62942,-85.4685,85,4.1440
"FAM 2nd half",32.6292,-85.46795,86,4.1795
"FAM 2nd half",32.629,-85.4673,87,4.2198
"FAM 2nd half",32.62888,-85.46677,88,4.2518
"FAM 2nd half",32.62882,-85.46629,89,4.2801
"FAM 2nd half",32.6288,-85.46592,90,4.3017
"FAM 2nd half",32.6288,-85.46564,91,4.3180
"FAM 2nd half",32.62879,-85.46334,92,4.4520
"FAM 2nd half",32.62879,-85.46183,93,4.5399
"FAM 2nd half",32.6288,-85.46102,94,4.5871
"FAM 2nd half",32.62884,-85.45862,95,4.7270
"FAM 2nd half",32.62885,-85.45622,96,4.8668
"FAM 2nd half",32.62886,-85.45481,97,4.9489
"FAM 2nd half",32.62882,-85.45469,98,4.9564
"FAM 2nd half",32.62882,-85.45431,99,4.9786
"FAM 2nd half",32.62879,-85.45366,100,5.0165
"FAM 2nd half",32.62875,-85.45329,101,5.0382
"FAM 2nd half",32.62868,-85.45291,102,5.0609
"FAM 2nd half",32.62854,-85.45237,103,5.0938
"FAM 2nd half",32.62845,-85.45212,104,5.1096
"FAM 2nd half",32.62825,-85.45168,105,5.1388
"FAM 2nd half",32.62788,-85.45108,106,5.1821
"FAM 2nd half",32.62781,-85.45092,107,5.1926
"FAM 2nd half",32.62737,-85.45046,108,5.2331
"FAM 2nd half",32.62745773882617,-85.45030000566993,109,5.2443
"FAM 2nd half",32.62771,-85.44984,110,5.2762
"FAM 2nd half",32.62782,-85.44964,111,5.2902
"FAM 2nd half",32.62797,-85.4495,112,5.3033
"FAM 2nd half",32.62813,-85.44944,113,5.3150
"FAM 2nd half",32.62846,-85.44941,114,5.3378
"FAM 2nd half",32.62862,-85.44935,115,5.3495
"FAM 2nd half",32.62872,-85.44929,116,5.3572
"FAM 2nd half",32.62878,-85.44921,117,5.3634
"FAM 2nd half",32.62888,-85.44906,118,5.3746
"FAM 2nd half",32.62931,-85.44796,119,5.4452
"FAM 2nd half",32.62938,-85.4477,120,5.4611
"FAM 2nd half",32.6294,-85.44746,121,5.4752
"FAM 2nd half",32.62941,-85.44715,122,5.4933
"FAM 2nd half",32.62938,-85.44682,123,5.5126
"FAM 2nd half",32.62933,-85.44656,124,5.5281
"FAM 2nd half",32.62925,-85.44632,125,5.5432
"FAM 2nd half",32.62911,-85.44601,126,5.5637
"FAM 2nd half",32.62884,-85.44563,127,5.5926
"FAM 2nd half",32.62866,-85.44548,128,5.6078
"FAM 2nd half",32.62813,-85.44511,129,5.6504
"FAM 2nd half",32.62657,-85.44409,130,5.7735
"FAM 2nd half",32.62602,-85.44375,131,5.8164
"FAM 2nd half",32.62559,-85.44469,132,5.8787
"FAM 2nd half",32.62464,-85.44676,133,6.0161
"FAM 2nd half",32.62406,-85.44805,134,6.1013
"FAM 2nd half",32.62411,-85.4484,135,6.1220
"FAM 2nd half",32.62423,-85.44859,136,6.1358
"FAM 2nd half",32.62438,-85.44865,137,6.1467
"FAM 2nd half",32.62485,-85.44883,138,6.1809
"FAM 2nd half",32.62503,-85.44892,139,6.1944
"FAM 2nd half",32.62666,-85.44993,140,6.3216
"FAM 2nd half",32.62698,-85.45014,141,6.3469
"FAM 2nd half",32.62715,-85.45026,142,6.3606
"FAM 2nd half",32.62741,-85.45049,143,6.3830
"FAM 2nd half",32.62766,-85.45075,144,6.4060
"FAM 2nd half",32.62781,-85.45092,145,6.4203
"FAM 2nd half",32.62794,-85.45102,146,6.4310
"FAM 2nd half",32.62825,-85.45149,147,6.4658
"FAM 2nd half",32.62843,-85.45184,148,6.4897
"FAM 2nd half",32.62863,-85.45233,149,6.5214
"FAM 2nd half",32.62876,-85.45289,150,6.5553
"FAM 2nd half",32.62884,-85.45327,151,6.5781
"FAM 2nd half",32.6289,-85.45392,152,6.6162
"FAM 2nd half",32.62891,-85.45469,153,6.6610
"FAM 2nd half",32.62886,-85.45481,154,6.6688
"FAM 2nd half",32.62886,-85.45509,155,6.6851
"FAM 2nd half",32.62885,-85.45623,156,6.7515
"FAM 2nd half",32.62885,-85.4574,157,6.8197
"FAM 2nd half",32.62884,-85.45857,158,6.8879
"FAM 2nd half",32.62883,-85.45974,159,6.9560
"FAM 2nd half",32.62881,-85.46091,160,7.0242
"FAM 2nd half",32.62879,-85.46208,161,7.0924
"FAM 2nd half",32.62879,-85.46319,162,7.1570
"FAM 2nd half",32.6288,-85.46437,163,7.2258
"FAM 2nd half",32.62879,-85.4658,164,7.3091
"FAM 2nd half",32.6288,-85.46522,165,7.3429
"FAM 2nd half",32.6288,-85.46581,166,7.3772
"FAM 2nd half",32.62884,-85.46641,167,7.4123
"FAM 2nd half",32.62892,-85.46696,168,7.4448
"FAM 2nd half",32.629,-85.46727,169,7.4637
"FAM 2nd half",32.62908,-85.46759,170,7.4832
"FAM 2nd half",32.62919,-85.46791,171,7.5033
"FAM 2nd half",32.62931,-85.46824,172,7.5242
"FAM 2nd half",32.62945,-85.46856,173,7.5452
"FAM 2nd half",32.62975,-85.46916,174,7.5859
"FAM 2nd half",32.6299,-85.46947,175,7.6067
"FAM 2nd half",32.63005,-85.46978,176,7.6275
"FAM 2nd half",32.63019,-85.47009,177,7.6480
"FAM 2nd half",32.63033,-85.47041,178,7.6690
"FAM 2nd half",32.63047,-85.47072,179,7.6895
"FAM 2nd half",32.63061,-85.47103,180,7.7100
"FAM 2nd half",32.63076,-85.47135,181,7.7314
"FAM 2nd half",32.6309,-85.47166,182,7.7518
"FAM 2nd half",32.63104,-85.47197,183,7.7723
"FAM 2nd half",32.63118,-85.47228,184,7.7928
"FAM 2nd half",32.63132,-85.4726,185,7.8138
"FAM 2nd half",32.63146,-85.47291,186,7.8343
"FAM 2nd half",32.63161,-85.47322,187,7.8552
"FAM 2nd half",32.63167,-85.47337,188,7.8648
"FAM 2nd half",32.63174,-85.47353,189,7.8753
"FAM 2nd half",32.63183,-85.47373,190,7.8885
"FAM 2nd half",32.63197,-85.47404,191,7.9090
"FAM 2nd half",32.63211,-85.47435,192,7.9295
"FAM 2nd half",32.63225,-85.47467,193,7.9505
"FAM 2nd half",32.63239,-85.47498,194,7.9710
"FAM 2nd half",32.63255,-85.47528,195,7.9917
"FAM 2nd half",32.63271,-85.47558,196,8.0124
"FAM 2nd half",32.63288,-85.47587,197,8.0330
"FAM 2nd half",32.63308,-85.47612,198,8.0531
"FAM 2nd half",32.63331,-85.4764,199,8.0758
"FAM 2nd half",32.63356,-85.47664,200,8.0981
"FAM 2nd half",32.63373,-85.47679,201,8.1127
"FAM 2nd half",32.63389,-85.47691,202,8.1258
"FAM 2nd half",32.63425,-85.47712,203,8.1536
"FAM 2nd half",32.63463,-85.47735,204,8.1831
"FAM 2nd half",32.63476,-85.47742,205,8.1929
"FAM 2nd half",32.635,-85.47758,206,8.2120
"FAM 2nd half",32.63536,-85.47789,207,8.2427
"FAM 2nd half",32.63568,-85.47821,208,8.2717
"FAM 2nd half",32.63592,-85.47853,209,8.2966
"FAM 2nd half",32.63612,-85.47884,210,8.3194
"FAM 2nd half",32.63625,-85.47912,211,8.3380
"FAM 2nd half",32.63634,-85.47931,212,8.3507
"FAM 2nd half",32.63644,-85.47963,213,8.3706
"FAM 2nd half",32.63653,-85.47994,214,8.3897
"FAM 2nd half",32.63659,-85.48018,215,8.4043
"FAM 2nd half",32.63667,-85.48075,216,8.4379
"FAM 2nd half",32.63669,-85.48135,217,8.4729
"FAM 2nd half",32.63668,-85.48192,218,8.5061
"FAM 2nd half",32.63667,-85.48248,219,8.5387
"FAM 2nd half",32.63666,-85.48304,220,8.5714
"FAM 2nd half",32.63665,-85.48361,221,8.6046
"FAM 2nd half",32.63664,-85.48419,222,8.6384
"FAM 2nd half",32.63663,-85.48476,223,8.6716
"FAM 2nd half",32.63662,-85.48533,224,8.7048
"FAM 2nd half",32.6366,-85.4859,225,8.7380
"FAM 2nd half",32.63656,-85.48646,226,8.7708
"FAM 2nd half",32.6365,-85.48702,227,8.8036
"FAM 2nd half",32.63642,-85.48758,228,8.8367
"FAM 2nd half",32.63633,-85.48813,229,8.8694
"FAM 2nd half",32.63621,-85.48868,230,8.9025
"FAM 2nd half",32.63609,-85.48922,231,8.9350
"FAM 2nd half",32.63595,-85.48975,232,8.9673
"FAM 2nd half",32.63588,-85.48997,233,8.9810
"FAM 2nd half",32.6358,-85.49022,234,8.9966
"FAM 2nd half",32.63572,-85.49048,235,9.0127
"FAM 2nd half",32.63564,-85.49072,236,9.0278
"FAM 2nd half",32.63556,-85.49094,237,9.0417
"FAM 2nd half",32.63546,-85.49118,238,9.0573
"FAM 2nd half",32.63537,-85.49142,239,9.0726
"FAM 2nd half",32.63527,-85.49165,240,9.0877
"FAM 2nd half",32.63517,-85.49188,241,9.1028
"FAM 2nd half",32.63484,-85.49257,242,9.1490
"FAM 2nd half",32.6345,-85.4932,243,9.1926
"FAM 2nd half",32.63414,-85.49382,244,9.2365
"FAM 2nd half",32.63369,-85.49446,245,9.2850
"FAM 2nd half",32.63319,-85.4951,246,9.3359
"FAM 2nd half",32.63263,-85.49575,247,9.3901
"FAM 2nd half",32.63203,-85.4964,248,9.4462
"FAM 2nd half",32.63137,-85.49703,249,9.5048
"FAM 2nd half",32.63105,-85.49733,250,9.5330
"FAM 2nd half",32.63077,-85.49762,251,9.5587
"FAM 2nd half",32.63017,-85.49821,252,9.6126
"FAM 2nd half",32.62981,-85.49857,253,9.6452
"FAM 2nd half",32.62971,-85.49868,254,9.6546
"FAM 2nd half",32.62942,-85.49891,255,9.6787
"FAM 2nd half",32.62918,-85.49913,256,9.6997
"FAM 2nd half",32.62888,-85.49944,257,9.7272
"FAM 2nd half",32.6286,-85.49969,258,9.7514
"FAM 2nd half",32.62753,-85.50073,259,9.8471
"FAM 2nd half",32.62717,-85.50109,260,9.8796
"FAM 2nd half",32.62584,-85.50232,261,9.9962
"FAM 2nd half",32.62552,-85.5026,262,10.0237
"FAM 2nd half",32.62519,-85.50285,263,10.0508
"FAM 2nd half",32.62457,-85.50335,264,10.1026
"FAM 2nd half",32.62372,-85.50398,265,10.1720
"FAM 2nd half",32.62327,-85.50428,266,10.2077
"FAM 2nd half",32.62246,-85.50478,267,10.2708
"FAM 2nd half",32.6213,-85.50546,268,10.3603
"FAM 2nd half",32.61985,-85.50631,269,10.4721
"FAM 2nd half",32.61851,-85.50709,270,10.5754
"FAM 2nd half",32.61825,-85.50723,271,10.5951
"FAM 2nd half",32.61754,-85.50753,272,10.6473
"FAM 2nd half",32.61733,-85.50761,273,10.6625
"FAM 2nd half",32.61647,-85.50786,274,10.7238
"FAM 2nd half",32.61595,-85.50794,275,10.7600
"FAM 2nd half",32.6154,-85.508,276,10.7982
"FAM 2nd half",32.61457,-85.50801,277,10.8556
"FAM 2nd half",32.61364,-85.50801,278,10.9200
"FAM 2nd half",32.61252,-85.508,279,10.9974
"FAM 2nd half",32.61131,-85.508,280,11.0811
"FAM 2nd half",32.61009,-85.50797,281,11.1655
"FAM 2nd half",32.60888,-85.50795,282,11.2492
"FAM 2nd half",32.60766,-85.50793,283,11.3336
"FAM 2nd half",32.60645,-85.5079,284,11.4174
"FAM 2nd half",32.60523,-85.50788,285,11.5018
"FAM 2nd half",32.60402,-85.50786,286,11.5855
"FAM 2nd half",32.6028,-85.50783,287,11.6699
"FAM 2nd half",32.60159,-85.50782,288,11.7536
"FAM 2nd half",32.6009,-85.50781,289,11.8013
"FAM 2nd half",32.60089,-85.50703,290,11.8468
"FAM 2nd half",32.60086,-85.50602,291,11.9056
"FAM 2nd half",32.60083,-85.50501,292,11.9645
"FAM 2nd half",32.60078,-85.50399,293,12.0241
"FAM 2nd half",32.60074,-85.50298,294,12.0830
"FAM 2nd half",32.60071,-85.50197,295,12.1419
"FAM 2nd half",32.60067,-85.50096,296,12.2008
"FAM 2nd half",32.60062,-85.49994,297,12.2603
"FAM 2nd half",32.60057,-85.49958,298,12.2816
"FAM 2nd half",32.60052,-85.49934,299,12.2960
"FAM 2nd half",32.60047,-85.49916,300,12.3071
"FAM 2nd half",32.60029,-85.49873,301,12.3350
"FAM 2nd half",32.60055,-85.49858,302,12.3550
"FAM 2nd half",32.6007,-85.49853,303,12.3658
"FAM 2nd half",32.60079,-85.49852,304,12.3721
"FAM 2nd half",32.60102,-85.49856,305,12.3881
"FAM 2nd half",32.60175,-85.49872,306,12.4395
"FAM 2nd half",32.60226,-85.49882,307,12.4752
"FAM 2nd half",32.60301,-85.4989,308,12.5273
"FAM 2nd half",32.60398,-85.49895,309,12.5945
"FAM 2nd half",32.604,-85.49674,310,12.7233
"FAM 2nd half",32.60404,-85.49594,311,12.7700
"FAM 2nd half",32.60408,-85.49551,312,12.7952
"FAM 2nd half",32.60437,-85.49554,313,12.8153
"FAM 2nd half",32.60461,-85.49551,314,12.8320
"FAM 2nd half",32.60478,-85.49547,315,12.8440
"FAM 2nd half",32.60495,-85.4954,316,12.8564
"FAM 2nd half",32.60506,-85.49535,317,12.8646
"FAM 2nd half",32.60493,-85.49503,318,12.8853
"FAM 2nd half",32.6049,-85.49489,319,12.8937
"FAM 2nd half",32.60489,-85.49474,320,12.9025
"FAM 2nd half",32.60489,-85.49407,321,12.9415
"FAM 2nd half",32.60478,-85.49395,322,12.9519
"FAM 2nd half",32.60474,-85.49376,323,12.9633
"FAM 2nd half",32.60478,-85.49364,324,12.9708
"FAM 2nd half",32.60485,-85.49357,325,12.9771
"FAM 2nd half",32.60488,-85.492,326,13.0686
"FDSP 2nd Half",32.60489,-85.49318,1,0.0000
"FDSP 2nd Half",32.60488526490541,-85.49299533131102,2,0.0108
"FDSP 2nd Half",32.60488,-85.49279,3,0.0227
"FDSP 2nd Half",32.60488,-85.49193,4,0.0728
"FDSP 2nd Half",32.60483,-85.49144,5,0.1016
"FDSP 2nd Half",32.60482,-85.4913,6,0.1098
"FDSP 2nd Half",32.60483,-85.49042,7,0.1611
"FDSP 2nd Half",32.60512,-85.49043,8,0.1811
"FDSP 2nd Half",32.60556,-85.4904,9,0.2116
"FDSP 2nd Half",32.6058,-85.49037,10,0.2283
"FDSP 2nd Half",32.60636,-85.49037,11,0.2671
"FDSP 2nd Half",32.60646,-85.49039,12,0.2741
"FDSP 2nd Half",32.60719,-85.49039,13,0.3246
"FDSP 2nd Half",32.60778,-85.49035,14,0.3654
"FDSP 2nd Half",32.60823,-85.49029,15,0.3968
"FDSP 2nd Half",32.60854,-85.49027,16,0.4182
"FDSP 2nd Half",32.61011,-85.49037,17,0.5270
"FDSP 2nd Half",32.61156,-85.49033,18,0.6273
"FDSP 2nd Half",32.61386,-85.49042,19,0.7865
"FDSP 2nd Half",32.61463,-85.49041,20,0.8398
"FDSP 2nd Half",32.61592,-85.49041,21,0.9290
"FDSP 2nd Half",32.61778,-85.49045,22,1.0577
"FDSP 2nd Half",32.6181,-85.49047,23,1.0798
"FDSP 2nd Half",32.6182,-85.49049,24,1.0869
"FDSP 2nd Half",32.61836,-85.49055,25,1.0985
"FDSP 2nd Half",32.61984,-85.49151,26,1.2151
"FDSP 2nd Half",32.62036,-85.49191,27,1.2580
"FDSP 2nd Half",32.6213,-85.49262,28,1.3350
"FDSP 2nd Half",32.62285,-85.49376,29,1.4612
"FDSP 2nd Half",32.62334,-85.4941,30,1.5004
"FDSP 2nd Half",32.62381,-85.49434,31,1.5358
"FDSP 2nd Half",32.62421,-85.49445,32,1.5642
"FDSP 2nd Half",32.62562,-85.49475,33,1.6633
"FDSP 2nd Half",32.62608,-85.49487,34,1.6959
"FDSP 2nd Half",32.62662,-85.49504,35,1.7345
"FDSP 2nd Half",32.62711,-85.49532,36,1.7721
"FDSP 2nd Half",32.62761,-85.49556,37,1.8094
"FDSP 2nd Half",32.62779,-85.49569,38,1.8240
"FDSP 2nd Half",32.62837,-85.49602,39,1.8685
"FDSP 2nd Half",32.62875,-85.49624,40,1.8977
"FDSP 2nd Half",32.63081,-85.49758,41,2.0602
"FDSP 2nd Half",32.63108,-85.4973,42,2.0850
"FDSP 2nd Half",32.63207,-85.49636,43,2.1727
"FDSP 2nd Half",32.63241,-85.496,44,2.2042
"FDSP 2nd Half",32.63291,-85.49543,45,2.2521
"FDSP 2nd Half",32.63348,-85.49474,46,2.3084
"FDSP 2nd Half",32.63381,-85.4943,47,2.3428
"FDSP 2nd Half",32.6341,-85.49388,48,2.3744
"FDSP 2nd Half",32.63458,-85.49307,49,2.4321
"FDSP 2nd Half",32.63485,-85.49253,50,2.4687
"FDSP 2nd Half",32.63509,-85.49208,51,2.4997
"FDSP 2nd Half",32.6354,-85.49133,52,2.5484
"FDSP 2nd Half",32.63565,-85.49068,53,2.5900
"FDSP 2nd Half",32.63588,-85.48999,54,2.6332
"FDSP 2nd Half",32.63602,-85.48951,55,2.6628
"FDSP 2nd Half",32.63621,-85.48868,56,2.7129
"FDSP 2nd Half",32.63635,-85.48801,57,2.7531
"FDSP 2nd Half",32.63643,-85.48753,58,2.7816
"FDSP 2nd Half",32.63654,-85.4867,59,2.8306
"FDSP 2nd Half",32.6366,-85.48598,60,2.8727
"FDSP 2nd Half",32.63663,-85.48463,61,2.9514
"FDSP 2nd Half",32.63666,-85.48289,62,3.0527
"FDSP 2nd Half",32.63667,-85.48251,63,3.0749
"FDSP 2nd Half",32.63669,-85.4817,64,3.1221
"FDSP 2nd Half",32.63668,-85.48085,65,3.1716
"FDSP 2nd Half",32.63667,-85.48068,66,3.1815
"FDSP 2nd Half",32.63658,-85.48015,67,3.2130
"FDSP 2nd Half",32.63647,-85.4797,68,3.2403
"FDSP 2nd Half",32.63633,-85.4793,69,3.2656
"FDSP 2nd Half",32.63612,-85.47884,70,3.2960
"FDSP 2nd Half",32.63588,-85.47846,71,3.3237
"FDSP 2nd Half",32.63566,-85.47819,72,3.3456
"FDSP 2nd Half",32.63545,-85.47797,73,3.3650
"FDSP 2nd Half",32.63504,-85.47761,74,3.4002
"FDSP 2nd Half",32.63476,-85.47742,75,3.4225
"FDSP 2nd Half",32.63408,-85.47702,76,3.4750
"FDSP 2nd Half",32.63373,-85.47679,77,3.5027
"FDSP 2nd Half",32.63347,-85.47656,78,3.5251
"FDSP 2nd Half",32.63328,-85.47636,79,3.5427
"FDSP 2nd Half",32.63285,-85.47581,80,3.5864
"FDSP 2nd Half",32.63252,-85.47524,81,3.6267
"FDSP 2nd Half",32.63168,-85.47338,82,3.7496
"FDSP 2nd Half",32.63084,-85.47152,83,3.8726
"FDSP 2nd Half",32.62999,-85.46966,84,3.9959
"FDSP 2nd Half",32.62982,-85.46928,85,4.0209
"FDSP 2nd Half",32.62942,-85.4685,86,4.0741
"FDSP 2nd Half",32.6292,-85.46795,87,4.1096
"FDSP 2nd Half",32.629,-85.4673,88,4.1499
"FDSP 2nd Half",32.62888,-85.46677,89,4.1819
"FDSP 2nd Half",32.62882,-85.46629,90,4.2101
"FDSP 2nd Half",32.6288,-85.46592,91,4.2317
"FDSP 2nd Half",32.6288,-85.46564,92,4.2481
"FDSP 2nd Half",32.62879,-85.46334,93,4.3820
"FDSP 2nd Half",32.62879,-85.46183,94,4.4700
"FDSP 2nd Half",32.6288,-85.46102,95,4.5172
"FDSP 2nd Half",32.62884,-85.45862,96,4.6570
"FDSP 2nd Half",32.62885,-85.45622,97,4.7968
"FDSP 2nd Half",32.62886,-85.45481,98,4.8790
"FDSP 2nd Half",32.62882,-85.45469,99,4.8865
"FDSP 2nd Half",32.62882,-85.45431,100,4.9086
"FDSP 2nd Half",32.62879,-85.45366,101,4.9466
"FDSP 2nd Half",32.62875,-85.45329,102,4.9683
"FDSP 2nd Half",32.62868,-85.45291,103,4.9910
"FDSP 2nd Half",32.62854,-85.45237,104,5.0239
"FDSP 2nd Half",32.62845,-85.45212,105,5.0397
"FDSP 2nd Half",32.62825,-85.45168,106,5.0688
"FDSP 2nd Half",32.62788,-85.45108,107,5.1122
"FDSP 2nd Half",32.62781,-85.45092,108,5.1227
"FDSP 2nd Half",32.62766,-85.45075,109,5.1370
"FDSP 2nd Half",32.62715,-85.45026,110,5.1824
"FDSP 2nd Half",32.62667,-85.44993,111,5.2207
"FDSP 2nd Half",32.62546,-85.44919,112,5.3149
"FDSP 2nd Half",32.62485,-85.44883,113,5.3620
"FDSP 2nd Half",32.62423,-85.44859,114,5.4071
"FDSP 2nd Half",32.62349,-85.44833,115,5.4605
"FDSP 2nd Half",32.62257,-85.44802,116,5.5266
"FDSP 2nd Half",32.62193,-85.4478,117,5.5727
"FDSP 2nd Half",32.62147,-85.44767,118,5.6054
"FDSP 2nd Half",32.62122,-85.44762,119,5.6230
"FDSP 2nd Half",32.62071,-85.44757,120,5.6584
"FDSP 2nd Half",32.61876,-85.44758,121,5.7933
"FDSP 2nd Half",32.61805,-85.44759,122,5.8424
"FDSP 2nd Half",32.61778,-85.4476,123,5.8611
"FDSP 2nd Half",32.61792,-85.44742,124,5.8753
"FDSP 2nd Half",32.61802,-85.44732,125,5.8844
"FDSP 2nd Half",32.61828,-85.44695,126,5.9125
"FDSP 2nd Half",32.61834,-85.44684,127,5.9201
"FDSP 2nd Half",32.61848,-85.44652,128,5.9411
"FDSP 2nd Half",32.61861,-85.44608,129,5.9683
"FDSP 2nd Half",32.61865,-85.44582,130,5.9837
"FDSP 2nd Half",32.61866,-85.44545,131,6.0052
"FDSP 2nd Half",32.61862,-85.44487,132,6.0391
"FDSP 2nd Half",32.61853,-85.44405,133,6.0873
"FDSP 2nd Half",32.61845,-85.44319,134,6.1377
"FDSP 2nd Half",32.61835,-85.44221,135,6.1952
"FDSP 2nd Half",32.6183,-85.44152,136,6.2356
"FDSP 2nd Half",32.61831,-85.4412,137,6.2542
"FDSP 2nd Half",32.61833,-85.44081,138,6.2770
"FDSP 2nd Half",32.6184,-85.4404,139,6.3014
"FDSP 2nd Half",32.61865,-85.43929,140,6.3683
"FDSP 2nd Half",32.61872,-85.43904,141,6.3837
"FDSP 2nd Half",32.61872,-85.43886,142,6.3942
"FDSP 2nd Half",32.6187,-85.43869,143,6.4042
"FDSP 2nd Half",32.61865,-85.43852,144,6.4146
"FDSP 2nd Half",32.61856,-85.43838,145,6.4249
"FDSP 2nd Half",32.61843,-85.43827,146,6.4359
"FDSP 2nd Half",32.61829,-85.43823,147,6.4459
"FDSP 2nd Half",32.61815,-85.43822,148,6.4556
"FDSP 2nd Half",32.61779,-85.43823,149,6.4805
"FDSP 2nd Half",32.61739,-85.43826,150,6.5082
"FDSP 2nd Half",32.61615,-85.43828,151,6.5940
"FDSP 2nd Half",32.61585,-85.4383,152,6.6148
"FDSP 2nd Half",32.61556,-85.43835,153,6.6351
"FDSP 2nd Half",32.61532,-85.43842,154,6.6522
"FDSP 2nd Half",32.61502,-85.43854,155,6.6741
"FDSP 2nd Half",32.61476,-85.43868,156,6.6938
"FDSP 2nd Half",32.61457,-85.4388,157,6.7087
"FDSP 2nd Half",32.61438,-85.43895,158,6.7245
"FDSP 2nd Half",32.61395,-85.43937,159,6.7630
"FDSP 2nd Half",32.61333,-85.44004,160,6.8210
"FDSP 2nd Half",32.611653962511504,-85.4418820600699,161,6.9790
"FDSP 2nd Half",32.61121,-85.44237,162,7.0208
"FDSP 2nd Half",32.61068,-85.44293,163,7.0699
"FDSP 2nd Half",32.61079,-85.44309,164,7.0819
"FDSP 2nd Half",32.61091,-85.44326,165,7.0949
"FDSP 2nd Half",32.61102,-85.44332,166,7.1032
"FDSP 2nd Half",32.61221,-85.44334,167,7.1856
"FDSP 2nd Half",32.61315,-85.44336,168,7.2506
"FDSP 2nd Half",32.61345,-85.44338,169,7.2714
"FDSP 2nd Half",32.61346,-85.44359,170,7.2836
"FDSP 2nd Half",32.61341,-85.44378,171,7.2952
"FDSP 2nd Half",32.61329,-85.44393,172,7.3073
"FDSP 2nd Half",32.61319,-85.44402,173,7.3160
"FDSP 2nd Half",32.61308,-85.44408,174,7.3243
"FDSP 2nd Half",32.61291,-85.44413,175,7.3364
"FDSP 2nd Half",32.61277,-85.44411,176,7.3462
"FDSP 2nd Half",32.61259,-85.44385,177,7.3658
"FDSP 2nd Half",32.61236,-85.44364,178,7.3859
"FDSP 2nd Half",32.61204,-85.44354,179,7.4088
"FDSP 2nd Half",32.61125,-85.44351,180,7.4634
"FDSP 2nd Half",32.61111,-85.44351,181,7.4731
"FDSP 2nd Half",32.61102,-85.44332,182,7.4858
"FDSP 2nd Half",32.61091,-85.44326,183,7.4942
"FDSP 2nd Half",32.61079,-85.44309,184,7.5071
"FDSP 2nd Half",32.61068,-85.44293,185,7.5192
"FDSP 2nd Half",32.61094,-85.44266,186,7.5430
"FDSP 2nd Half",32.61123,-85.44235,187,7.5700
"FDSP 2nd Half",32.61156,-85.44198,188,7.6014
"FDSP 2nd Half",32.61193,-85.44156,189,7.6368
"FDSP 2nd Half",32.61231,-85.44114,190,7.6728
"FDSP 2nd Half",32.61269,-85.44072,191,7.7087
"FDSP 2nd Half",32.61308,-85.44031,192,7.7447
"FDSP 2nd Half",32.61357,-85.43978,193,7.7906
"FDSP 2nd Half",32.61409,-85.43924,194,7.8383
"FDSP 2nd Half",32.61438,-85.43895,195,7.8646
"FDSP 2nd Half",32.61457,-85.4388,196,7.8804
"FDSP 2nd Half",32.61476,-85.43868,197,7.8952
"FDSP 2nd Half",32.61502,-85.43854,198,7.9150
"FDSP 2nd Half",32.61521,-85.43846,199,7.9289
"FDSP 2nd Half",32.61556,-85.43835,200,7.9540
"FDSP 2nd Half",32.61585,-85.4383,201,7.9743
"FDSP 2nd Half",32.61625,-85.43828,202,8.0019
"FDSP 2nd Half",32.61728,-85.43826,203,8.0732
"FDSP 2nd Half",32.61815,-85.43822,204,8.1334
"FDSP 2nd Half",32.61833,-85.43824,205,8.1459
"FDSP 2nd Half",32.61843,-85.43827,206,8.1531
"FDSP 2nd Half",32.61856,-85.43838,207,8.1641
"FDSP 2nd Half",32.61865,-85.43852,208,8.1744
"FDSP 2nd Half",32.6187,-85.43869,209,8.1849
"FDSP 2nd Half",32.61872,-85.43886,210,8.1949
"FDSP 2nd Half",32.61872,-85.43904,211,8.2053
"FDSP 2nd Half",32.61861,-85.43948,212,8.2321
"FDSP 2nd Half",32.61844,-85.44023,213,8.2773
"FDSP 2nd Half",32.61833,-85.44081,214,8.3120
"FDSP 2nd Half",32.61833,-85.44099,215,8.3225
"FDSP 2nd Half",32.6183,-85.44152,216,8.3534
"FDSP 2nd Half",32.61832,-85.44185,217,8.3727
"FDSP 2nd Half",32.61842,-85.44295,218,8.4371
"FDSP 2nd Half",32.61864,-85.4451,219,8.5633
"FDSP 2nd Half",32.61866,-85.44534,220,8.5774
"FDSP 2nd Half",32.61865,-85.44582,221,8.6053
"FDSP 2nd Half",32.61861,-85.44608,222,8.6207
"FDSP 2nd Half",32.61854,-85.44631,223,8.6350
"FDSP 2nd Half",32.61839,-85.44674,224,8.6621
"FDSP 2nd Half",32.61828,-85.44695,225,8.6765
"FDSP 2nd Half",32.61802,-85.44732,226,8.7046
"FDSP 2nd Half",32.6178,-85.44754,227,8.7245
"FDSP 2nd Half",32.61859,-85.44758,228,8.7792
"FDSP 2nd Half",32.61981,-85.44757,229,8.8636
"FDSP 2nd Half",32.62071,-85.44757,230,8.9258
"FDSP 2nd Half",32.62103,-85.4476,231,8.9480
"FDSP 2nd Half",32.6213,-85.44763,232,8.9668
"FDSP 2nd Half",32.62147,-85.44767,233,8.9788
"FDSP 2nd Half",32.62193,-85.4478,234,9.0115
"FDSP 2nd Half",32.6224,-85.44796,235,9.0453
"FDSP 2nd Half",32.62323,-85.44825,236,9.1051
"FDSP 2nd Half",32.62359,-85.44836,237,9.1309
"FDSP 2nd Half",32.62464,-85.44875,238,9.2070
"FDSP 2nd Half",32.62485,-85.44883,239,9.2222
"FDSP 2nd Half",32.62503,-85.44892,240,9.2357
"FDSP 2nd Half",32.62577,-85.44938,241,9.2935
"FDSP 2nd Half",32.62698,-85.45014,242,9.3882
"FDSP 2nd Half",32.62715,-85.45026,243,9.4019
"FDSP 2nd Half",32.62741,-85.45049,244,9.4243
"FDSP 2nd Half",32.62766,-85.45075,245,9.4473
"FDSP 2nd Half",32.62781,-85.45092,246,9.4616
"FDSP 2nd Half",32.62794,-85.45102,247,9.4723
"FDSP 2nd Half",32.62825,-85.45149,248,9.5071
"FDSP 2nd Half",32.62845,-85.45187,249,9.5332
"FDSP 2nd Half",32.62854,-85.4521,250,9.5480
"FDSP 2nd Half",32.62863,-85.45233,251,9.5628
"FDSP 2nd Half",32.62877,-85.45292,252,9.5985
"FDSP 2nd Half",32.62884,-85.45327,253,9.6194
"FDSP 2nd Half",32.62889,-85.45383,254,9.6522
"FDSP 2nd Half",32.62891,-85.45412,255,9.6692
"FDSP 2nd Half",32.6289,-85.45471,256,9.7036
"FDSP 2nd Half",32.62886,-85.45481,257,9.7100
"FDSP 2nd Half",32.62886,-85.45568,258,9.7607
"FDSP 2nd Half",32.62885,-85.45687,259,9.8300
"FDSP 2nd Half",32.62883,-85.45923,260,9.9675
"FDSP 2nd Half",32.62882,-85.46043,261,10.0374
"FDSP 2nd Half",32.6288,-85.4615,262,10.0998
"FDSP 2nd Half",32.62879,-85.46254,263,10.1604
"FDSP 2nd Half",32.62879,-85.46364,264,10.2244
"FDSP 2nd Half",32.6288,-85.46474,265,10.2885
"FDSP 2nd Half",32.6288,-85.46592,266,10.3573
"FDSP 2nd Half",32.62882,-85.46629,267,10.3789
"FDSP 2nd Half",32.62892,-85.46695,268,10.4179
"FDSP 2nd Half",32.629,-85.4673,269,10.4390
"FDSP 2nd Half",32.62916,-85.46782,270,10.4713
"FDSP 2nd Half",32.62942,-85.4685,271,10.5148
"FDSP 2nd Half",32.62963,-85.46893,272,10.5438
"FDSP 2nd Half",32.62982,-85.46928,273,10.5680
"FDSP 2nd Half",32.63008,-85.46986,274,10.6063
"FDSP 2nd Half",32.63055,-85.47089,275,10.6745
"FDSP 2nd Half",32.63104,-85.47196,276,10.7455
"FDSP 2nd Half",32.63153,-85.47306,277,10.8180
"FDSP 2nd Half",32.63234,-85.47487,278,10.9374
"FDSP 2nd Half",32.6326,-85.47539,279,10.9726
"FDSP 2nd Half",32.63285,-85.47581,280,11.0026
"FDSP 2nd Half",32.63318,-85.47625,281,11.0369
"FDSP 2nd Half",32.63347,-85.47656,282,11.0639
"FDSP 2nd Half",32.63373,-85.47679,283,11.0863
"FDSP 2nd Half",32.63426,-85.47713,284,11.1280
"FDSP 2nd Half",32.63493,-85.47753,285,11.1798
"FDSP 2nd Half",32.63504,-85.47761,286,11.1888
"FDSP 2nd Half",32.63537,-85.4779,287,11.2172
"FDSP 2nd Half",32.63566,-85.47819,288,11.2434
"FDSP 2nd Half",32.63588,-85.47846,289,11.2653
"FDSP 2nd Half",32.63612,-85.47884,290,11.2929
"FDSP 2nd Half",32.63634,-85.47931,291,11.3243
"FDSP 2nd Half",32.63647,-85.4797,292,11.3487
"FDSP 2nd Half",32.6366,-85.48027,293,11.3831
"FDSP 2nd Half",32.63667,-85.48069,294,11.4080
"FDSP 2nd Half",32.63669,-85.48122,295,11.4389
"FDSP 2nd Half",32.63669,-85.4817,296,11.4669
"FDSP 2nd Half",32.63666,-85.48298,297,11.5415
"FDSP 2nd Half",32.63664,-85.48406,298,11.6044
"FDSP 2nd Half",32.63662,-85.48515,299,11.6679
"FDSP 2nd Half",32.6366,-85.48598,300,11.7163
"FDSP 2nd Half",32.63658,-85.48624,301,11.7315
"FDSP 2nd Half",32.63646,-85.48736,302,11.7972
"FDSP 2nd Half",32.63635,-85.48801,303,11.8359
"FDSP 2nd Half",32.63608,-85.48925,304,11.9105
"FDSP 2nd Half",32.63581,-85.49019,305,11.9683
"FDSP 2nd Half",32.63562,-85.49077,306,12.0046
"FDSP 2nd Half",32.6354,-85.49133,307,12.0406
"FDSP 2nd Half",32.63514,-85.49196,308,12.0814
"FDSP 2nd Half",32.63489,-85.49248,309,12.1163
"FDSP 2nd Half",32.63452,-85.49318,310,12.1645
"FDSP 2nd Half",32.6341,-85.49388,311,12.2145
"FDSP 2nd Half",32.63385,-85.49424,312,12.2417
"FDSP 2nd Half",32.63348,-85.49474,313,12.2805
"FDSP 2nd Half",32.63305,-85.49527,314,12.3233
"FDSP 2nd Half",32.63218,-85.49624,315,12.4059
"FDSP 2nd Half",32.63121,-85.49718,316,12.4925
"FDSP 2nd Half",32.63026,-85.49812,317,12.5780
"FDSP 2nd Half",32.62998,-85.49839,318,12.6030
"FDSP 2nd Half",32.62971,-85.49868,319,12.6282
"FDSP 2nd Half",32.62921,-85.4991,320,12.6705
"FDSP 2nd Half",32.62888,-85.49944,321,12.7008
"FDSP 2nd Half",32.62816,-85.50012,322,12.7644
"FDSP 2nd Half",32.62709,-85.50116,323,12.8600
"FDSP 2nd Half",32.62601,-85.50216,324,12.9548
"FDSP 2nd Half",32.62552,-85.5026,325,12.9973
"FDSP 2nd Half",32.62519,-85.50285,326,13.0243
"FDSP 2nd Half",32.62485,-85.50313,327,13.0530
"FDSP 2nd Half",32.62449,-85.50342,328,13.0831
"FDSP 2nd Half",32.62367,-85.50401,329,13.1494
"FDSP 2nd Half",32.62295,-85.50448,330,13.2062
"FDSP 2nd Half",32.62226,-85.50489,331,13.2596
"FDSP 2nd Half",32.61968,-85.50641,332,13.4588
"FDSP 2nd Half",32.61865,-85.50701,333,13.5382
"FDSP 2nd Half",32.61825,-85.50723,334,13.5687
"FDSP 2nd Half",32.61733,-85.50761,335,13.6360
"FDSP 2nd Half",32.61701,-85.5077,336,13.6588
"FDSP 2nd Half",32.61647,-85.50786,337,13.6973
"FDSP 2nd Half",32.61566,-85.50798,338,13.7537
"FDSP 2nd Half",32.61515,-85.50801,339,13.7891
"FDSP 2nd Half",32.61445,-85.50801,340,13.8375
"FDSP 2nd Half",32.61179,-85.508,341,14.0215
"FDSP 2nd Half",32.6111,-85.508,342,14.0692
"FDSP 2nd Half",32.61082,-85.50798,343,14.0886
"FDSP 2nd Half",32.60911,-85.50795,344,14.2069
"FDSP 2nd Half",32.60684,-85.50791,345,14.3639
"FDSP 2nd Half",32.60448,-85.50787,346,14.5272
"FDSP 2nd Half",32.60209,-85.50782,347,14.6925
"FDSP 2nd Half",32.6009,-85.50781,348,14.7749
"FDSP 2nd Half",32.60086,-85.50615,349,14.8716
"FDSP 2nd Half",32.60082,-85.50471,350,14.9556
"FDSP 2nd Half",32.60074,-85.50275,351,15.0699
"FDSP 2nd Half",32.60067,-85.50102,352,15.1709
"FDSP 2nd Half",32.60063,-85.49997,353,15.2321
"FDSP 2nd Half",32.60057,-85.49958,354,15.2552
"FDSP 2nd Half",32.60048,-85.49921,355,15.2777
"FDSP 2nd Half",32.60029,-85.49873,356,15.3086
"FDSP 2nd Half",32.60046,-85.49863,357,15.3217
"FDSP 2nd Half",32.60062,-85.49856,358,15.3335
"FDSP 2nd Half",32.60079,-85.49852,359,15.3455
"FDSP 2nd Half",32.60102,-85.49856,360,15.3615
"FDSP 2nd Half",32.60158,-85.49868,361,15.4009
"FDSP 2nd Half",32.60226,-85.49882,362,15.4486
"FDSP 2nd Half",32.60271,-85.49887,363,15.4799
"FDSP 2nd Half",32.60301,-85.4989,364,15.5007
"FDSP 2nd Half",32.60377,-85.49894,365,15.5534
"FDSP 2nd Half",32.60398,-85.49895,366,15.5679
"FDSP 2nd Half",32.60399,-85.49834,367,15.6034
"FDSP 2nd Half",32.60401,-85.4967,368,15.6990
"FDSP 2nd Half",32.60402,-85.49623,369,15.7264
"FDSP 2nd Half",32.60406,-85.49571,370,15.7568
"FDSP 2nd Half",32.60408,-85.49551,371,15.7686
"FDSP 2nd Half",32.60429,-85.49554,372,15.7832
"FDSP 2nd Half",32.60446,-85.49554,373,15.7950
"FDSP 2nd Half",32.60471,-85.49549,374,15.8125
"FDSP 2nd Half",32.60489,-85.49543,375,15.8254
"FDSP 2nd Half",32.60506,-85.49535,376,15.8381
"FDSP 2nd Half",32.60493,-85.49503,377,15.8588
"FDSP 2nd Half",32.6049,-85.49489,378,15.8672
"FDSP 2nd Half",32.60489,-85.49436,379,15.8981
"FDSP 2nd Half",32.60489,-85.49407,380,15.9150
"FDSP 2nd Half",32.60478,-85.49395,381,15.9253
"FDSP 2nd Half",32.60474,-85.49376,382,15.9367
"FDSP 2nd Half",32.6048,-85.49362,383,15.9459
"FDSP 2nd Half",32.60489,-85.49354,384,15.9537
"FDSP 2nd Half",32.60488,-85.49255,385,16.0114
"FGPAC 2nd half",32.60491,-85.49313,1,0.0000
"FGPAC 2nd half",32.60488,-85.49193,2,0.0700
"FGPAC 2nd half",32.60485,-85.49165,3,0.0864
"FGPAC 2nd half",32.60483,-85.49144,4,0.0987
"FGPAC 2nd half",32.60482,-85.49115,5,0.1156
"FGPAC 2nd half",32.60482437433033,-85.49083067388584,6,0.1342
"FGPAC 2nd half",32.60483,-85.49042,7,0.1582
"FGPAC 2nd half",32.60539,-85.49042,8,0.1969
"FGPAC 2nd half",32.60568,-85.49039,9,0.2170
"FGPAC 2nd half",32.60636,-85.49037,10,0.2641
"FGPAC 2nd half",32.60636,-85.49202,11,0.3602
"FGPAC 2nd half",32.60634,-85.49351,12,0.4471
"FGPAC 2nd half",32.60633,-85.49366,13,0.4558
"FGPAC 2nd half",32.60624,-85.49404,14,0.4788
"FGPAC 2nd half",32.60608,-85.49439,15,0.5020
"FGPAC 2nd half",32.60592,-85.49463,16,0.5199
"FGPAC 2nd half",32.60577,-85.49482,17,0.5350
"FGPAC 2nd half",32.60555,-85.49504,18,0.5549
"FGPAC 2nd half",32.60515,-85.4953,19,0.5865
"FGPAC 2nd half",32.60495,-85.49541,20,0.6017
"FGPAC 2nd half",32.60471,-85.49549,21,0.6190
"FGPAC 2nd half",32.60446,-85.49553,22,0.6364
"FGPAC 2nd half",32.60429,-85.49554,23,0.6482
"FGPAC 2nd half",32.60408,-85.49551,24,0.6628
"FGPAC 2nd half",32.60376,-85.49541,25,0.6857
"FGPAC 2nd half",32.60353,-85.49534,26,0.7021
"FGPAC 2nd half",32.60337,-85.49523,27,0.7149
"FGPAC 2nd half",32.60319,-85.49511,28,0.7292
"FGPAC 2nd half",32.60297,-85.49491,29,0.7484
"FGPAC 2nd half",32.60285,-85.49481,30,0.7585
"FGPAC 2nd half",32.60269,-85.49473,31,0.7705
"FGPAC 2nd half",32.60245,-85.49468,32,0.7874
"FGPAC 2nd half",32.60228,-85.49469,33,0.7992
"FGPAC 2nd half",32.60206,-85.49478,34,0.8153
"FGPAC 2nd half",32.60189,-85.49491,35,0.8292
"FGPAC 2nd half",32.60169,-85.49508,36,0.8463
"FGPAC 2nd half",32.60148,-85.49527,37,0.8645
"FGPAC 2nd half",32.60108,-85.49561,38,0.8986
"FGPAC 2nd half",32.60062,-85.49604,39,0.9391
"FGPAC 2nd half",32.6003,-85.49631,40,0.9662
"FGPAC 2nd half",32.59997,-85.49659,41,0.9943
"FGPAC 2nd half",32.59955,-85.49695,42,1.0301
"FGPAC 2nd half",32.59925,-85.49721,43,1.0558
"FGPAC 2nd half",32.59905,-85.49738,44,1.0728
"FGPAC 2nd half",32.59885,-85.49755,45,1.0898
"FGPAC 2nd half",32.59866,-85.49774,46,1.1070
"FGPAC 2nd half",32.59844,-85.49793,47,1.1258
"FGPAC 2nd half",32.59818,-85.49819,48,1.1493
"FGPAC 2nd half",32.59793,-85.49844,49,1.1720
"FGPAC 2nd half",32.59771,-85.49867,50,1.1922
"FGPAC 2nd half",32.5974,-85.49898,51,1.2203
"FGPAC 2nd half",32.59705,-85.49939,52,1.2543
"FGPAC 2nd half",32.59681,-85.49968,53,1.2780
"FGPAC 2nd half",32.59654,-85.5,54,1.3044
"FGPAC 2nd half",32.59645,-85.5001,55,1.3129
"FGPAC 2nd half",32.59617,-85.49974,56,1.3415
"FGPAC 2nd half",32.59601,-85.49957,57,1.3563
"FGPAC 2nd half",32.59574,-85.49942,58,1.3769
"FGPAC 2nd half",32.59556,-85.49937,59,1.3897
"FGPAC 2nd half",32.59453,-85.49929,60,1.4611
"FGPAC 2nd half",32.59441,-85.49927,61,1.4695
"FGPAC 2nd half",32.59419,-85.49919,62,1.4854
"FGPAC 2nd half",32.59409,-85.49913,63,1.4932
"FGPAC 2nd half",32.59387,-85.49899,64,1.5104
"FGPAC 2nd half",32.5937,-85.49883,65,1.5254
"FGPAC 2nd half",32.59356,-85.49867,66,1.5389
"FGPAC 2nd half",32.59336,-85.49836,67,1.5616
"FGPAC 2nd half",32.59317,-85.49802,68,1.5854
"FGPAC 2nd half",32.59308,-85.49786,69,1.5966
"FGPAC 2nd half",32.59304,-85.4977,70,1.6063
"FGPAC 2nd half",32.59299,-85.4975,71,1.6185
"FGPAC 2nd half",32.59284,-85.49598,72,1.7077
"FGPAC 2nd half",32.59265,-85.4942,73,1.8123
"FGPAC 2nd half",32.59257,-85.49324,74,1.8685
"FGPAC 2nd half",32.59243,-85.49148,75,1.9715
"FGPAC 2nd half",32.59233,-85.49031,76,2.0400
"FGPAC 2nd half",32.59181,-85.49027,77,2.0761
"FGPAC 2nd half",32.59127,-85.49023,78,2.1135
"FGPAC 2nd half",32.59017969806969,-85.49020168046934,79,2.1889
"FGPAC 2nd half",32.58896,-85.49017,80,2.2733
"FGPAC 2nd half",32.5888,-85.49017,81,2.2844
"FGPAC 2nd half",32.58884,-85.48864,82,2.3736
"FGPAC 2nd half",32.5889,-85.48662,83,2.4914
"FGPAC 2nd half",32.5889,-85.48627,84,2.5118
"FGPAC 2nd half",32.58921292949599,-85.48627340140757,85,2.5335
"FGPAC 2nd half",32.58982,-85.48628,86,2.5754
"FGPAC 2nd half",32.59034,-85.48632,87,2.6115
"FGPAC 2nd half",32.59098,-85.48637,88,2.6559
"FGPAC 2nd half",32.59161,-85.48655,89,2.7007
"FGPAC 2nd half",32.59219,-85.48682,90,2.7438
"FGPAC 2nd half",32.59261,-85.48705,91,2.7758
"FGPAC 2nd half",32.59298,-85.48728,92,2.8047
"FGPAC 2nd half",32.59355,-85.48633,93,2.8726
"FGPAC 2nd half",32.59364,-85.48637,94,2.8793
"FGPAC 2nd half",32.59365657059526,-85.48670693543691,95,2.8989
"FGPAC 2nd half",32.59367,-85.48698,96,2.9149
"FGPAC 2nd half",32.59367,-85.48747,97,2.9434
"FGPAC 2nd half",32.59337,-85.48744,98,2.9643
"FGPAC 2nd half",32.5932,-85.48734,99,2.9774
"FGPAC 2nd half",32.59304,-85.48722,100,2.9905
"FGPAC 2nd half",32.59276,-85.48771,101,3.0250
"FGPAC 2nd half",32.59263,-85.48802,102,3.0452
"FGPAC 2nd half",32.59251,-85.48839,103,3.0683
"FGPAC 2nd half",32.59239,-85.48895,104,3.1019
"FGPAC 2nd half",32.59235,-85.48938,105,3.1272
"FGPAC 2nd half",32.59233,-85.49031,106,3.1814
"FGPAC 2nd half",32.59242,-85.49136,107,3.2429
"FGPAC 2nd half",32.59255,-85.49289,108,3.3325
"FGPAC 2nd half",32.59264,-85.49404,109,3.3998
"FGPAC 2nd half",32.59279,-85.49553,110,3.4873
"FGPAC 2nd half",32.59297,-85.49722,111,3.5865
"FGPAC 2nd half",32.59299,-85.4975,112,3.6029
"FGPAC 2nd half",32.59308,-85.49786,113,3.6248
"FGPAC 2nd half",32.59345,-85.4985,114,3.6700
"FGPAC 2nd half",32.59356,-85.49867,115,3.6825
"FGPAC 2nd half",32.5937,-85.49883,116,3.6960
"FGPAC 2nd half",32.59387,-85.49899,117,3.7110
"FGPAC 2nd half",32.59409,-85.49913,118,3.7282
"FGPAC 2nd half",32.59429,-85.49923,119,3.7432
"FGPAC 2nd half",32.59441,-85.49927,120,3.7519
"FGPAC 2nd half",32.59471,-85.49931,121,3.7727
"FGPAC 2nd half",32.59556,-85.49937,122,3.8316
"FGPAC 2nd half",32.59574,-85.49942,123,3.8444
"FGPAC 2nd half",32.59601,-85.49957,124,3.8651
"FGPAC 2nd half",32.59628,-85.49989,125,3.8914
"FGPAC 2nd half",32.59645,-85.5001,126,3.9084
"FGPAC 2nd half",32.59712,-85.50087,127,3.9729
"FGPAC 2nd half",32.59763,-85.50139,128,4.0194
"FGPAC 2nd half",32.59798,-85.50172,129,4.0503
"FGPAC 2nd half",32.59829,-85.50196,130,4.0759
"FGPAC 2nd half",32.59839,-85.50202,131,4.0837
"FGPAC 2nd half",32.59879,-85.50216,132,4.1125
"FGPAC 2nd half",32.59916,-85.50225,133,4.1387
"FGPAC 2nd half",32.59933,-85.50227,134,4.1505
"FGPAC 2nd half",32.59965,-85.50229,135,4.1727
"FGPAC 2nd half",32.60032,-85.50224,136,4.2191
"FGPAC 2nd half",32.60046,-85.5021,137,4.2317
"FGPAC 2nd half",32.60058,-85.50192,138,4.2451
"FGPAC 2nd half",32.60063,-85.50153,139,4.2681
"FGPAC 2nd half",32.60068,-85.50137,140,4.2781
"FGPAC 2nd half",32.60066,-85.50066,141,4.3195
"FGPAC 2nd half",32.60062,-85.49995,142,4.3609
"FGPAC 2nd half",32.60057,-85.49958,143,4.3828
"FGPAC 2nd half",32.60049,-85.49924,144,4.4033
"FGPAC 2nd half",32.60039,-85.49895,145,4.4216
"FGPAC 2nd half",32.60029,-85.49873,146,4.4362
"FGPAC 2nd half",32.60046,-85.49863,147,4.4493
"FGPAC 2nd half",32.60062,-85.49856,148,4.4611
"FGPAC 2nd half",32.60075,-85.49853,149,4.4702
"FGPAC 2nd half",32.60102,-85.49856,150,4.4890
"FGPAC 2nd half",32.60144,-85.49865,151,4.5185
"FGPAC 2nd half",32.60185,-85.49875,152,4.5475
"FGPAC 2nd half",32.60226,-85.49882,153,4.5761
"FGPAC 2nd half",32.60301,-85.49889,154,4.6282
"FGPAC 2nd half",32.60372,-85.49893,155,4.6773
"FGPAC 2nd half",32.60398,-85.49894,156,4.6953
"FGPAC 2nd half",32.604,-85.4976,157,4.7734
"FGPAC 2nd half",32.60401,-85.4964,158,4.8433
"FGPAC 2nd half",32.60404,-85.49588,159,4.8737
"FGPAC 2nd half",32.60408,-85.49549,160,4.8966
"FGPAC 2nd half",32.60437,-85.49554,161,4.9169
"FGPAC 2nd half",32.60457,-85.49552,162,4.9308
"FGPAC 2nd half",32.60478,-85.49547,163,4.9456
"FGPAC 2nd half",32.60506,-85.49535,164,4.9662
"FGPAC 2nd half",32.60491,-85.49493,165,4.9927
"FGPAC 2nd half",32.60489,-85.49473,166,5.0045
"FGPAC 2nd half",32.60489,-85.49407,167,5.0429
"FGPAC 2nd half",32.60479,-85.49396,168,5.0524
"FGPAC 2nd half",32.60475,-85.49372,169,5.0666
"FGPAC 2nd half",32.60489,-85.49354,170,5.0809
"FGPAC 2nd half",32.60489,-85.49338,171,5.0902
"FGPAC 2nd half",32.60488,-85.49193,172,5.1747
"FGPAC 2nd half",32.60482,-85.49143,173,5.2041
"FTT 2nd Half",32.6049,-85.49353,1,0.0000
"FTT 2nd Half",32.60488,-85.49193,2,0.0932
"FTT 2nd Half",32.60483,-85.49144,3,0.1220
"FTT 2nd Half",32.60483,-85.49049,4,0.1774
"FTT 2nd Half",32.60512,-85.49043,5,0.1977
"FTT 2nd Half",32.6058,-85.49037,6,0.2449
"FTT 2nd Half",32.60626,-85.49037,7,0.2767
"FTT 2nd Half",32.60636,-85.49037,8,0.2836
"FTT 2nd Half",32.60646,-85.49039,9,0.2906
"FTT 2nd Half",32.60719,-85.49039,10,0.3411
"FTT 2nd Half",32.60778,-85.49035,11,0.3820
"FTT 2nd Half",32.60823,-85.49029,12,0.4133
"FTT 2nd Half",32.60854,-85.49027,13,0.4348
"FTT 2nd Half",32.60869,-85.49027,14,0.4452
"FTT 2nd Half",32.60985,-85.49036,15,0.5256
"FTT 2nd Half",32.61011,-85.49037,16,0.5436
"FTT 2nd Half",32.61101,-85.49034,17,0.6059
"FTT 2nd Half",32.61168,-85.49033,18,0.6522
"FTT 2nd Half",32.61349,-85.4904,19,0.7775
"FTT 2nd Half",32.61386,-85.49042,20,0.8031
"FTT 2nd Half",32.61576,-85.49041,21,0.9345
"FTT 2nd Half",32.61668,-85.49042,22,0.9982
"FTT 2nd Half",32.61811,-85.49047,23,1.0971
"FTT 2nd Half",32.61828,-85.49051,24,1.1091
"FTT 2nd Half",32.61849,-85.49062,25,1.1250
"FTT 2nd Half",32.61984,-85.49151,26,1.2318
"FTT 2nd Half",32.62041,-85.49195,27,1.2788
"FTT 2nd Half",32.6213,-85.49262,28,1.3517
"FTT 2nd Half",32.62268,-85.49364,29,1.4642
"FTT 2nd Half",32.62334,-85.4941,30,1.5171
"FTT 2nd Half",32.62381,-85.49434,31,1.5525
"FTT 2nd Half",32.62421,-85.49445,32,1.5809
"FTT 2nd Half",32.62523,-85.49467,33,1.6526
"FTT 2nd Half",32.62608,-85.49487,34,1.7125
"FTT 2nd Half",32.62662,-85.49504,35,1.7512
"FTT 2nd Half",32.62711,-85.49532,36,1.7888
"FTT 2nd Half",32.62761,-85.49556,37,1.8261
"FTT 2nd Half",32.62779,-85.49569,38,1.8407
"FTT 2nd Half",32.62875,-85.49624,39,1.9144
"FTT 2nd Half",32.63042,-85.49733,40,2.0462
"FTT 2nd Half",32.63081,-85.49758,41,2.0769
"FTT 2nd Half",32.63105,-85.49733,42,2.0990
"FTT 2nd Half",32.63172,-85.49669,43,2.1584
"FTT 2nd Half",32.63207,-85.49636,44,2.1893
"FTT 2nd Half",32.63241,-85.496,45,2.2209
"FTT 2nd Half",32.63314,-85.49517,46,2.2908
"FTT 2nd Half",32.63342,-85.49481,47,2.3193
"FTT 2nd Half",32.63381,-85.4943,48,2.3594
"FTT 2nd Half",32.6341,-85.49388,49,2.3911
"FTT 2nd Half",32.63435,-85.49348,50,2.4201
"FTT 2nd Half",32.63471,-85.49283,51,2.4654
"FTT 2nd Half",32.63509,-85.49208,52,2.5164
"FTT 2nd Half",32.63523,-85.49175,53,2.5379
"FTT 2nd Half",32.63565,-85.49069,54,2.6062
"FTT 2nd Half",32.63588,-85.48999,55,2.6499
"FTT 2nd Half",32.63615,-85.48897,56,2.7122
"FTT 2nd Half",32.63635,-85.48801,57,2.7698
"FTT 2nd Half",32.63651,-85.487,58,2.8297
"FTT 2nd Half",32.6366,-85.48598,59,2.8894
"FTT 2nd Half",32.63661,-85.48555,60,2.9145
"FTT 2nd Half",32.63666,-85.48256,61,3.0887
"FTT 2nd Half",32.63669,-85.48122,62,3.1668
"FTT 2nd Half",32.63667,-85.48068,63,3.1982
"FTT 2nd Half",32.6366,-85.48027,64,3.2226
"FTT 2nd Half",32.63653,-85.47994,65,3.2424
"FTT 2nd Half",32.63641,-85.47952,66,3.2683
"FTT 2nd Half",32.63633,-85.4793,67,3.2822
"FTT 2nd Half",32.63612,-85.47884,68,3.3127
"FTT 2nd Half",32.63588,-85.47846,69,3.3404
"FTT 2nd Half",32.63556,-85.47808,70,3.3717
"FTT 2nd Half",32.63523,-85.47777,71,3.4008
"FTT 2nd Half",32.63493,-85.47753,72,3.4258
"FTT 2nd Half",32.63467,-85.47737,73,3.4461
"FTT 2nd Half",32.63388,-85.4769,74,3.5072
"FTT 2nd Half",32.63359,-85.47667,75,3.5313
"FTT 2nd Half",32.63338,-85.47647,76,3.5499
"FTT 2nd Half",32.63315,-85.47621,77,3.5719
"FTT 2nd Half",32.63294,-85.47594,78,3.5933
"FTT 2nd Half",32.63269,-85.47556,79,3.6214
"FTT 2nd Half",32.6325,-85.47519,80,3.6466
"FTT 2nd Half",32.63234,-85.47487,81,3.6683
"FTT 2nd Half",32.63131,-85.47257,82,3.8200
"FTT 2nd Half",32.63011,-85.46993,83,3.9948
"FTT 2nd Half",32.62982,-85.46928,84,4.0377
"FTT 2nd Half",32.62942,-85.4685,85,4.0909
"FTT 2nd Half",32.62931,-85.46824,86,4.1078
"FTT 2nd Half",32.6291,-85.46766,87,4.1446
"FTT 2nd Half",32.62894,-85.46702,88,4.1835
"FTT 2nd Half",32.62885,-85.46655,89,4.2116
"FTT 2nd Half",32.6288,-85.46592,90,4.2484
"FTT 2nd Half",32.62879,-85.46355,91,4.3865
"FTT 2nd Half",32.62879,-85.46183,92,4.4867
"FTT 2nd Half",32.62883,-85.45972,93,4.6096
"FTT 2nd Half",32.62886,-85.45589,94,4.8327
"FTT 2nd Half",32.62886,-85.45481,95,4.8957
"FTT 2nd Half",32.62882,-85.45469,96,4.9032
"FTT 2nd Half",32.62882,-85.45412,97,4.9364
"FTT 2nd Half",32.62879,-85.45366,98,4.9633
"FTT 2nd Half",32.62875,-85.45329,99,4.9850
"FTT 2nd Half",32.62868,-85.45291,100,5.0077
"FTT 2nd Half",32.62854,-85.45237,101,5.0406
"FTT 2nd Half",32.6285,-85.45226,102,5.0475
"FTT 2nd Half",32.62837,-85.45192,103,5.0693
"FTT 2nd Half",32.62831,-85.4518,104,5.0774
"FTT 2nd Half",32.62825,-85.45168,105,5.0856
"FTT 2nd Half",32.62788,-85.45108,106,5.1289
"FTT 2nd Half",32.62781,-85.45092,107,5.1394
"FTT 2nd Half",32.62766,-85.45075,108,5.1537
"FTT 2nd Half",32.62715,-85.45026,109,5.1991
"FTT 2nd Half",32.62665,-85.44992,110,5.2390
"FTT 2nd Half",32.62503,-85.44892,111,5.3653
"FTT 2nd Half",32.62485,-85.44883,112,5.3788
"FTT 2nd Half",32.62448,-85.44869,113,5.4056
"FTT 2nd Half",32.62359,-85.44836,114,5.4701
"FTT 2nd Half",32.62323,-85.44825,115,5.4958
"FTT 2nd Half",32.6222,-85.4479,116,5.5699
"FTT 2nd Half",32.62193,-85.4478,117,5.5895
"FTT 2nd Half",32.62147,-85.44767,118,5.6222
"FTT 2nd Half",32.62112,-85.44761,119,5.6467
"FTT 2nd Half",32.62071,-85.44757,120,5.6751
"FTT 2nd Half",32.61922,-85.44758,121,5.7782
"FTT 2nd Half",32.61731,-85.4476,122,5.9103
"FTT 2nd Half",32.61629,-85.4476,123,5.9809
"FTT 2nd Half",32.6151,-85.4476,124,6.0632
"FTT 2nd Half",32.61428,-85.44763,125,6.1199
"FTT 2nd Half",32.61339,-85.44763,126,6.1815
"FTT 2nd Half",32.61143,-85.44765,127,6.3171
"FTT 2nd Half",32.61048,-85.44765,128,6.3828
"FTT 2nd Half",32.60888,-85.44768,129,6.4935
"FTT 2nd Half",32.60888,-85.44659,130,6.5570
"FTT 2nd Half",32.60888,-85.44372,131,6.7242
"FTT 2nd Half",32.60885,-85.44302,132,6.7650
"FTT 2nd Half",32.60875,-85.44257,133,6.7922
"FTT 2nd Half",32.60867,-85.44233,134,6.8072
"FTT 2nd Half",32.60861,-85.44218,135,6.8169
"FTT 2nd Half",32.60846,-85.44189,136,6.8367
"FTT 2nd Half",32.60823,-85.44157,137,6.8612
"FTT 2nd Half",32.60805,-85.44138,138,6.8779
"FTT 2nd Half",32.60779,-85.44116,139,6.9000
"FTT 2nd Half",32.6076,-85.44103,140,6.9151
"FTT 2nd Half",32.60583,-85.44009,141,7.0493
"FTT 2nd Half",32.60477,-85.43954,142,7.1293
"FTT 2nd Half",32.60403,-85.43913,143,7.1858
"FTT 2nd Half",32.60365,-85.43883,144,7.2173
"FTT 2nd Half",32.6035,-85.43869,145,7.2305
"FTT 2nd Half",32.60335,-85.4385,146,7.2457
"FTT 2nd Half",32.60317,-85.43826,147,7.2644
"FTT 2nd Half",32.603,-85.43796,148,7.2855
"FTT 2nd Half",32.60281,-85.43751,149,7.3148
"FTT 2nd Half",32.60272,-85.43724,150,7.3318
"FTT 2nd Half",32.60265,-85.43694,151,7.3499
"FTT 2nd Half",32.60263,-85.43675,152,7.3610
"FTT 2nd Half",32.6026,-85.43634,153,7.3850
"FTT 2nd Half",32.60263,-85.43585,154,7.4137
"FTT 2nd Half",32.60269,-85.43552,155,7.4333
"FTT 2nd Half",32.60278,-85.4352,156,7.4530
"FTT 2nd Half",32.60286,-85.43497,157,7.4675
"FTT 2nd Half",32.60302,-85.43461,158,7.4912
"FTT 2nd Half",32.60319,-85.43434,159,7.5108
"FTT 2nd Half",32.60347,-85.43397,160,7.5398
"FTT 2nd Half",32.60369,-85.43375,161,7.5597
"FTT 2nd Half",32.60404,-85.43348,162,7.5886
"FTT 2nd Half",32.60432,-85.43333,163,7.6098
"FTT 2nd Half",32.60444,-85.43327,164,7.6189
"FTT 2nd Half",32.60477,-85.43317,165,7.6424
"FTT 2nd Half",32.60721,-85.43263,166,7.8141
"FTT 2nd Half",32.60754,-85.43253,167,7.8377
"FTT 2nd Half",32.60786,-85.43238,168,7.8615
"FTT 2nd Half",32.6081,-85.43222,169,7.8805
"FTT 2nd Half",32.6083,-85.43204,170,7.8979
"FTT 2nd Half",32.60851,-85.43176,171,7.9197
"FTT 2nd Half",32.6087,-85.4314,172,7.9445
"FTT 2nd Half",32.60891,-85.4309,173,7.9770
"FTT 2nd Half",32.60905,-85.43048,174,8.0033
"FTT 2nd Half",32.6093,-85.42991,175,8.0408
"FTT 2nd Half",32.6097,-85.42902,176,8.0995
"FTT 2nd Half",32.61016,-85.42834,177,8.1504
"FTT 2nd Half",32.61055,-85.42787,178,8.1888
"FTT 2nd Half",32.61077,-85.42765,179,8.2087
"FTT 2nd Half",32.61112,-85.42735,180,8.2386
"FTT 2nd Half",32.61157,-85.42698,181,8.2764
"FTT 2nd Half",32.61254,-85.42626,182,8.3556
"FTT 2nd Half",32.61348,-85.42552,183,8.4336
"FTT 2nd Half",32.61448,-85.42477,184,8.5154
"FTT 2nd Half",32.61626,-85.42338,185,8.6628
"FTT 2nd Half",32.61844,-85.42166,186,8.8438
"FTT 2nd Half",32.61857,-85.42153,187,8.8556
"FTT 2nd Half",32.61881,-85.42125,188,8.8788
"FTT 2nd Half",32.61904,-85.42089,189,8.9052
"FTT 2nd Half",32.61952,-85.42005,190,8.9643
"FTT 2nd Half",32.61977,-85.41956,191,8.9977
"FTT 2nd Half",32.61996,-85.41901,192,9.0323
"FTT 2nd Half",32.62005,-85.41868,193,9.0525
"FTT 2nd Half",32.62083,-85.41586,194,9.2255
"FTT 2nd Half",32.62145,-85.41362,195,9.3628
"FTT 2nd Half",32.62166,-85.41285,196,9.4100
"FTT 2nd Half",32.62178,-85.41221,197,9.4482
"FTT 2nd Half",32.62189,-85.4115,198,9.4902
"FTT 2nd Half",32.62198,-85.41064,199,9.5407
"FTT 2nd Half",32.62205,-85.40998,200,9.5795
"FTT 2nd Half",32.62199,-85.40976,201,9.5929
"FTT 2nd Half",32.62186,-85.40959,202,9.6063
"FTT 2nd Half",32.62052,-85.40911,203,9.7031
"FTT 2nd Half",32.61952,-85.40871,204,9.7761
"FTT 2nd Half",32.61885,-85.40848,205,9.8244
"FTT 2nd Half",32.618338150340115,-85.40827526013605,206,9.8617
"FTT 2nd Half",32.6181,-85.40818,207,9.8791
"FTT 2nd Half",32.61792,-85.40811,208,9.8922
"FTT 2nd Half",32.61756,-85.40797,209,9.9184
"FTT 2nd Half",32.61733,-85.40883,210,9.9710
"FTT 2nd Half",32.61708,-85.40874,211,9.9891
"FTT 2nd Half",32.61678,-85.40866,212,10.0103
"FTT 2nd Half",32.61669,-85.40863,213,10.0168
"FTT 2nd Half",32.61644,-85.40856,214,10.0346
"FTT 2nd Half",32.61594,-85.40841,215,10.0702
"FTT 2nd Half",32.61582,-85.40836,216,10.0790
"FTT 2nd Half",32.61536,-85.40818,217,10.1125
"FTT 2nd Half",32.61487,-85.40913,218,10.1774
"FTT 2nd Half",32.6147,-85.40948,219,10.2010
"FTT 2nd Half",32.61456,-85.40976,220,10.2199
"FTT 2nd Half",32.6142,-85.4104,221,10.2648
"FTT 2nd Half",32.6141,-85.41056,222,10.2764
"FTT 2nd Half",32.61374,-85.41102,223,10.3130
"FTT 2nd Half",32.61357,-85.41137,224,10.3365
"FTT 2nd Half",32.61348,-85.41166,225,10.3545
"FTT 2nd Half",32.61322,-85.41267,226,10.4161
"FTT 2nd Half",32.61315,-85.41304,227,10.4382
"FTT 2nd Half",32.6131,-85.41334,228,10.4560
"FTT 2nd Half",32.61313,-85.41368,229,10.4759
"FTT 2nd Half",32.61336,-85.4149,230,10.5487
"FTT 2nd Half",32.61365,-85.4149,231,10.5688
"FTT 2nd Half",32.61392,-85.41496,232,10.5878
"FTT 2nd Half",32.61416,-85.41506,233,10.6054
"FTT 2nd Half",32.61446,-85.41528,234,10.6298
"FTT 2nd Half",32.61471,-85.41549,235,10.6510
"FTT 2nd Half",32.61498,-85.41564,236,10.6716
"FTT 2nd Half",32.61527,-85.41572,237,10.6922
"FTT 2nd Half",32.61554,-85.41576,238,10.7110
"FTT 2nd Half",32.61583,-85.41577,239,10.7311
"FTT 2nd Half",32.61608,-85.41571,240,10.7487
"FTT 2nd Half",32.61685,-85.41546,241,10.8039
"FTT 2nd Half",32.61703,-85.41541,242,10.8167
"FTT 2nd Half",32.61737,-85.41534,243,10.8406
"FTT 2nd Half",32.61833,-85.41535,244,10.9070
"FTT 2nd Half",32.6187,-85.41534,245,10.9326
"FTT 2nd Half",32.61915,-85.41528,246,10.9639
"FTT 2nd Half",32.61991,-85.41531,247,11.0165
"FTT 2nd Half",32.62012,-85.41531,248,11.0310
"FTT 2nd Half",32.62084,-85.41531,249,11.0808
"FTT 2nd Half",32.62097,-85.41531,250,11.0898
"FTT 2nd Half",32.62035,-85.41762,251,11.2311
"FTT 2nd Half",32.61996,-85.41901,252,11.3164
"FTT 2nd Half",32.61977,-85.41956,253,11.3511
"FTT 2nd Half",32.61952,-85.42005,254,11.3844
"FTT 2nd Half",32.61924,-85.42055,255,11.4194
"FTT 2nd Half",32.61881,-85.42125,256,11.4699
"FTT 2nd Half",32.61857,-85.42153,257,11.4932
"FTT 2nd Half",32.61844,-85.42166,258,11.5049
"FTT 2nd Half",32.61741,-85.42248,259,11.5907
"FTT 2nd Half",32.61626,-85.42338,260,11.6860
"FTT 2nd Half",32.61571,-85.42381,261,11.7315
"FTT 2nd Half",32.61479,-85.42453,262,11.8078
"FTT 2nd Half",32.61402,-85.42511,263,11.8708
"FTT 2nd Half",32.6131,-85.42582,264,11.9467
"FTT 2nd Half",32.61219,-85.42652,265,12.0217
"FTT 2nd Half",32.61139,-85.42713,266,12.0875
"FTT 2nd Half",32.611,-85.42745,267,12.1203
"FTT 2nd Half",32.61064,-85.42778,268,12.1518
"FTT 2nd Half",32.61035,-85.42809,269,12.1787
"FTT 2nd Half",32.61016,-85.42834,270,12.1984
"FTT 2nd Half",32.60996,-85.42864,271,12.2207
"FTT 2nd Half",32.6097,-85.42902,272,12.2492
"FTT 2nd Half",32.60961,-85.4292,273,12.2614
"FTT 2nd Half",32.60935,-85.42979,274,12.3002
"FTT 2nd Half",32.60908,-85.4304,275,12.3403
"FTT 2nd Half",32.60891,-85.4309,276,12.3717
"FTT 2nd Half",32.60873,-85.43134,277,12.4002
"FTT 2nd Half",32.60862,-85.43157,278,12.4157
"FTT 2nd Half",32.60848,-85.43181,279,12.4327
"FTT 2nd Half",32.6082,-85.43213,280,12.4596
"FTT 2nd Half",32.60796,-85.43232,281,12.4795
"FTT 2nd Half",32.60763,-85.4325,282,12.5046
"FTT 2nd Half",32.60732,-85.4326,283,12.5268
"FTT 2nd Half",32.6067,-85.43274,284,12.5705
"FTT 2nd Half",32.60631,-85.43283,285,12.5980
"FTT 2nd Half",32.6057,-85.43297,286,12.6410
"FTT 2nd Half",32.60509,-85.43311,287,12.6839
"FTT 2nd Half",32.60477,-85.43317,288,12.7063
"FTT 2nd Half",32.60447,-85.43327,289,12.7279
"FTT 2nd Half",32.60404,-85.43348,290,12.7601
"FTT 2nd Half",32.60377,-85.43368,291,12.7821
"FTT 2nd Half",32.60347,-85.43397,292,12.8088
"FTT 2nd Half",32.6032,-85.43432,293,12.8365
"FTT 2nd Half",32.60302,-85.43461,294,12.8575
"FTT 2nd Half",32.60294,-85.4348,295,12.8699
"FTT 2nd Half",32.60286,-85.43497,296,12.8812
"FTT 2nd Half",32.60273,-85.43536,297,12.9056
"FTT 2nd Half",32.60269,-85.43552,298,12.9154
"FTT 2nd Half",32.60263,-85.43592,299,12.9390
"FTT 2nd Half",32.6026,-85.43634,300,12.9636
"FTT 2nd Half",32.60261,-85.43651,301,12.9735
"FTT 2nd Half",32.60263,-85.43675,302,12.9876
"FTT 2nd Half",32.60268,-85.43706,303,13.0060
"FTT 2nd Half",32.60281,-85.43751,304,13.0337
"FTT 2nd Half",32.60296,-85.43786,305,13.0566
"FTT 2nd Half",32.60317,-85.43826,306,13.0841
"FTT 2nd Half",32.60335,-85.4385,307,13.1028
"FTT 2nd Half",32.6035,-85.43869,308,13.1179
"FTT 2nd Half",32.60364,-85.43882,309,13.1302
"FTT 2nd Half",32.60392,-85.43905,310,13.1538
"FTT 2nd Half",32.60422,-85.43924,311,13.1773
"FTT 2nd Half",32.60484,-85.43959,312,13.2248
"FTT 2nd Half",32.60547,-85.43991,313,13.2722
"FTT 2nd Half",32.60611,-85.44024,314,13.3205
"FTT 2nd Half",32.60675,-85.44058,315,13.3690
"FTT 2nd Half",32.60738,-85.44092,316,13.4168
"FTT 2nd Half",32.60779,-85.44116,317,13.4485
"FTT 2nd Half",32.60799,-85.44132,318,13.4651
"FTT 2nd Half",32.60823,-85.44157,319,13.4872
"FTT 2nd Half",32.60845,-85.44188,320,13.5108
"FTT 2nd Half",32.60861,-85.44218,321,13.5315
"FTT 2nd Half",32.60867,-85.44233,322,13.5412
"FTT 2nd Half",32.60881,-85.44281,323,13.5708
"FTT 2nd Half",32.60886,-85.44311,324,13.5886
"FTT 2nd Half",32.60888,-85.44365,325,13.6201
"FTT 2nd Half",32.60889,-85.44443,326,13.6656
"FTT 2nd Half",32.60889,-85.44492,327,13.6941
"FTT 2nd Half",32.60888,-85.4469,328,13.8095
"FTT 2nd Half",32.60888,-85.44723,329,13.8287
"FTT 2nd Half",32.60906,-85.44751,330,13.8492
"FTT 2nd Half",32.60913,-85.44758,331,13.8556
"FTT 2nd Half",32.60932,-85.44767,332,13.8697
"FTT 2nd Half",32.61002,-85.44766,333,13.9182
"FTT 2nd Half",32.61078,-85.44765,334,13.9707
"FTT 2nd Half",32.61151,-85.44765,335,14.0212
"FTT 2nd Half",32.61224,-85.44764,336,14.0717
"FTT 2nd Half",32.61304,-85.44763,337,14.1271
"FTT 2nd Half",32.61384,-85.44763,338,14.1824
"FTT 2nd Half",32.61463,-85.44761,339,14.2371
"FTT 2nd Half",32.61543,-85.44759,340,14.2924
"FTT 2nd Half",32.61617,-85.44759,341,14.3436
"FTT 2nd Half",32.61691,-85.4476,342,14.3948
"FTT 2nd Half",32.61751,-85.44759,343,14.4363
"FTT 2nd Half",32.61826,-85.44759,344,14.4882
"FTT 2nd Half",32.61901,-85.44758,345,14.5400
"FTT 2nd Half",32.61975,-85.44757,346,14.5912
"FTT 2nd Half",32.62043,-85.44757,347,14.6383
"FTT 2nd Half",32.62071,-85.44757,348,14.6576
"FTT 2nd Half",32.62108,-85.4476,349,14.6833
"FTT 2nd Half",32.6213,-85.44763,350,14.6986
"FTT 2nd Half",32.62175,-85.44775,351,14.7305
"FTT 2nd Half",32.62242,-85.44797,352,14.7786
"FTT 2nd Half",32.62316,-85.44823,353,14.8320
"FTT 2nd Half",32.62387,-85.44846,354,14.8829
"FTT 2nd Half",32.62485,-85.44883,355,14.9540
"FTT 2nd Half",32.62548,-85.4492,356,15.0026
"FTT 2nd Half",32.62666,-85.44992,357,15.0944
"FTT 2nd Half",32.62715,-85.45026,358,15.1337
"FTT 2nd Half",32.62769,-85.45077,359,15.1814
"FTT 2nd Half",32.62781,-85.45092,360,15.1934
"FTT 2nd Half",32.62794,-85.45102,361,15.2041
"FTT 2nd Half",32.62825,-85.45149,362,15.2389
"FTT 2nd Half",32.62848,-85.45194,363,15.2696
"FTT 2nd Half",32.62859,-85.45222,364,15.2876
"FTT 2nd Half",32.62873,-85.45274,365,15.3194
"FTT 2nd Half",32.62879,-85.45304,366,15.3374
"FTT 2nd Half",32.62884,-85.45333,367,15.3546
"FTT 2nd Half",32.62888,-85.45366,368,15.3740
"FTT 2nd Half",32.62891,-85.45412,369,15.4009
"FTT 2nd Half",32.62891,-85.45466,370,15.4324
"FTT 2nd Half",32.62886,-85.45481,371,15.4417
"FTT 2nd Half",32.62886,-85.45585,372,15.5023
"FTT 2nd Half",32.62885,-85.457,373,15.5693
"FTT 2nd Half",32.62885,-85.45814,374,15.6357
"FTT 2nd Half",32.62883,-85.45928,375,15.7022
"FTT 2nd Half",32.62882,-85.46041,376,15.7680
"FTT 2nd Half",32.62879,-85.46154,377,15.8339
"FTT 2nd Half",32.62879,-85.46266,378,15.8991
"FTT 2nd Half",32.62879,-85.46379,379,15.9649
"FTT 2nd Half",32.6288,-85.46491,380,16.0302
"FTT 2nd Half",32.62881,-85.46606,381,16.0972
"FTT 2nd Half",32.62885,-85.46655,382,16.1258
"FTT 2nd Half",32.62895,-85.46707,383,16.1569
"FTT 2nd Half",32.6291,-85.46766,384,16.1928
"FTT 2nd Half",32.62932,-85.46827,385,16.2315
"FTT 2nd Half",32.62952,-85.46871,386,16.2606
"FTT 2nd Half",32.62982,-85.46928,387,16.2998
"FTT 2nd Half",32.63029,-85.47033,388,16.3690
"FTT 2nd Half",32.63083,-85.47152,389,16.4478
"FTT 2nd Half",32.63135,-85.47266,390,16.5233
"FTT 2nd Half",32.63187,-85.4738,391,16.5988
"FTT 2nd Half",32.63238,-85.47495,392,16.6745
"FTT 2nd Half",32.63273,-85.47562,393,16.7205
"FTT 2nd Half",32.63285,-85.47581,394,16.7343
"FTT 2nd Half",32.63303,-85.47606,395,16.7535
"FTT 2nd Half",32.63328,-85.47636,396,16.7780
"FTT 2nd Half",32.63347,-85.47656,397,16.7956
"FTT 2nd Half",32.63373,-85.47679,398,16.8180
"FTT 2nd Half",32.6339,-85.47691,399,16.8317
"FTT 2nd Half",32.63486,-85.47749,400,16.9062
"FTT 2nd Half",32.63523,-85.47777,401,16.9366
"FTT 2nd Half",32.63545,-85.47797,402,16.9557
"FTT 2nd Half",32.63569,-85.47823,403,16.9782
"FTT 2nd Half",32.63588,-85.47846,404,16.9970
"FTT 2nd Half",32.63612,-85.47884,405,17.0246
"FTT 2nd Half",32.63619,-85.479,406,17.0351
"FTT 2nd Half",32.63634,-85.47931,407,17.0560
"FTT 2nd Half",32.63647,-85.4797,408,17.0804
"FTT 2nd Half",32.6366,-85.48023,409,17.1125
"FTT 2nd Half",32.63667,-85.48068,410,17.1392
"FTT 2nd Half",32.63669,-85.48122,411,17.1707
"FTT 2nd Half",32.63666,-85.48281,412,17.2633
"FTT 2nd Half",32.63665,-85.48393,413,17.3286
"FTT 2nd Half",32.63663,-85.48493,414,17.3868
"FTT 2nd Half",32.6366,-85.48598,415,17.4480
"FTT 2nd Half",32.63651,-85.48699,416,17.5072
"FTT 2nd Half",32.63643,-85.48753,417,17.5391
"FTT 2nd Half",32.63632,-85.48816,418,17.5766
"FTT 2nd Half",32.63612,-85.48908,419,17.6320
"FTT 2nd Half",32.63588,-85.48997,420,17.6864
"FTT 2nd Half",32.6356,-85.49081,421,17.7390
"FTT 2nd Half",32.63522,-85.49178,422,17.8013
"FTT 2nd Half",32.63477,-85.49271,423,17.8638
"FTT 2nd Half",32.63428,-85.49358,424,17.9248
"FTT 2nd Half",32.63398,-85.49406,425,17.9596
"FTT 2nd Half",32.63375,-85.49438,426,17.9841
"FTT 2nd Half",32.63312,-85.49519,427,18.0483
"FTT 2nd Half",32.63246,-85.49594,428,18.1115
"FTT 2nd Half",32.63207,-85.49636,429,18.1479
"FTT 2nd Half",32.63178,-85.49664,430,18.1738
"FTT 2nd Half",32.63105,-85.49733,431,18.2383
"FTT 2nd Half",32.63055,-85.49784,432,18.2839
"FTT 2nd Half",32.63007,-85.4983,433,18.3266
"FTT 2nd Half",32.62971,-85.49868,434,18.3599
"FTT 2nd Half",32.62942,-85.49891,435,18.3840
"FTT 2nd Half",32.62913,-85.49918,436,18.4095
"FTT 2nd Half",32.62888,-85.49944,437,18.4325
"FTT 2nd Half",32.62818,-85.5001,438,18.4943
"FTT 2nd Half",32.62733,-85.50093,439,18.5705
"FTT 2nd Half",32.62643,-85.50177,440,18.6496
"FTT 2nd Half",32.6258,-85.50236,441,18.7051
"FTT 2nd Half",32.62547,-85.50264,442,18.7332
"FTT 2nd Half",32.62443,-85.50346,443,18.8196
"FTT 2nd Half",32.62396,-85.50381,444,18.8579
"FTT 2nd Half",32.62337,-85.50422,445,18.9052
"FTT 2nd Half",32.62217,-85.50495,446,18.9985
"FTT 2nd Half",32.62094,-85.50566,447,19.0931
"FTT 2nd Half",32.61967,-85.50642,448,19.1915
"FTT 2nd Half",32.61833,-85.50719,449,19.2944
"FTT 2nd Half",32.61797,-85.50735,450,19.3210
"FTT 2nd Half",32.61733,-85.50761,451,19.3678
"FTT 2nd Half",32.61691,-85.50773,452,19.3977
"FTT 2nd Half",32.61647,-85.50786,453,19.4291
"FTT 2nd Half",32.61562,-85.50798,454,19.4883
"FTT 2nd Half",32.61515,-85.50801,455,19.5208
"FTT 2nd Half",32.61455,-85.50801,456,19.5623
"FTT 2nd Half",32.61349,-85.50801,457,19.6356
"FTT 2nd Half",32.61259,-85.508,458,19.6979
"FTT 2nd Half",32.61169,-85.508,459,19.7602
"FTT 2nd Half",32.6111,-85.508,460,19.8010
"FTT 2nd Half",32.6108,-85.50798,461,19.8218
"FTT 2nd Half",32.6099,-85.50796,462,19.8840
"FTT 2nd Half",32.609,-85.50795,463,19.9463
"FTT 2nd Half",32.6081,-85.50793,464,20.0085
"FTT 2nd Half",32.6072,-85.50792,465,20.0708
"FTT 2nd Half",32.60631,-85.5079,466,20.1324
"FTT 2nd Half",32.60541,-85.50788,467,20.1946
"FTT 2nd Half",32.60451,-85.50787,468,20.2569
"FTT 2nd Half",32.60407,-85.50786,469,20.2873
"FTT 2nd Half",32.60362,-85.50785,470,20.3185
"FTT 2nd Half",32.60134,-85.50782,471,20.4762
"FTT 2nd Half",32.6009,-85.50781,472,20.5066
"FTT 2nd Half",32.60086,-85.50631,473,20.5941
"FTT 2nd Half",32.60082,-85.50471,474,20.6874
"FTT 2nd Half",32.60078,-85.50411,475,20.7224
"FTT 2nd Half",32.60071,-85.50215,476,20.8367
"FTT 2nd Half",32.60067,-85.50087,477,20.9114
"FTT 2nd Half",32.60063,-85.49997,478,20.9639
"FTT 2nd Half",32.60057,-85.49958,479,20.9870
"FTT 2nd Half",32.60053,-85.49936,480,21.0001
"FTT 2nd Half",32.60047,-85.49916,481,21.0125
"FTT 2nd Half",32.60029,-85.49873,482,21.0405
"FTT 2nd Half",32.60046,-85.49863,483,21.0536
"FTT 2nd Half",32.6007,-85.49853,484,21.0712
"FTT 2nd Half",32.60079,-85.49852,485,21.0774
"FTT 2nd Half",32.60089,-85.49854,486,21.0845
"FTT 2nd Half",32.60127,-85.49861,487,21.1111
"FTT 2nd Half",32.60184,-85.49874,488,21.1512
"FTT 2nd Half",32.60226,-85.49882,489,21.1806
"FTT 2nd Half",32.60267,-85.49887,490,21.2091
"FTT 2nd Half",32.60301,-85.4989,491,21.2327
"FTT 2nd Half",32.60389,-85.49894,492,21.2936
"FTT 2nd Half",32.60398,-85.49895,493,21.2999
"FTT 2nd Half",32.60399,-85.49773,494,21.3710
"FTT 2nd Half",32.604,-85.49691,495,21.4188
"FTT 2nd Half",32.60402,-85.49623,496,21.4584
"FTT 2nd Half",32.60405,-85.49585,497,21.4807
"FTT 2nd Half",32.60408,-85.49551,498,21.5006
"FTT 2nd Half",32.60429,-85.49554,499,21.5152
"FTT 2nd Half",32.60452,-85.49553,500,21.5311
"FTT 2nd Half",32.60478,-85.49547,501,21.5494
"FTT 2nd Half",32.605,-85.49538,502,21.5655
"FTT 2nd Half",32.60491,-85.49493,503,21.5925
"FTT 2nd Half",32.60489,-85.4948,504,21.6002
"FTT 2nd Half",32.60489,-85.49432,505,21.6282
"FTT 2nd Half",32.60489,-85.49407,506,21.6427
"FTT 2nd Half",32.60478,-85.49395,507,21.6531
"FTT 2nd Half",32.60474,-85.49376,508,21.6645
"FTT 2nd Half",32.6048,-85.49362,509,21.6736
"FTT 2nd Half",32.60489,-85.49354,510,21.6814
"FWP 2nd half",32.6049,-85.49419,1,0.0000
"FWP 2nd half",32.60489,-85.4933,2,0.0519
"FWP 2nd half",32.60488,-85.49193,3,0.1317
"FWP 2nd half",32.60483,-85.49144,4,0.1605
"FWP 2nd half",32.60483,-85.49044,5,0.2187
"FWP 2nd half",32.60539,-85.49042,6,0.2575
"FWP 2nd half",32.6058,-85.49037,7,0.2860
"FWP 2nd half",32.6062,-85.49037,8,0.3137
"FWP 2nd half",32.60636,-85.49037,9,0.3247
"FWP 2nd half",32.60636,-85.49126,10,0.3766
"FWP 2nd half",32.60636,-85.49248,11,0.4477
"FWP 2nd half",32.60634,-85.4936,12,0.5129
"FWP 2nd half",32.60623,-85.49408,13,0.5419
"FWP 2nd half",32.60608,-85.49439,14,0.5628
"FWP 2nd half",32.606,-85.49451,15,0.5717
"FWP 2nd half",32.60592,-85.49463,16,0.5806
"FWP 2nd half",32.60566,-85.49494,17,0.6061
"FWP 2nd half",32.60555,-85.49504,18,0.6157
"FWP 2nd half",32.60527,-85.49522,19,0.6377
"FWP 2nd half",32.60515,-85.4953,20,0.6472
"FWP 2nd half",32.60495,-85.49541,21,0.6625
"FWP 2nd half",32.60471,-85.49549,22,0.6797
"FWP 2nd half",32.60446,-85.49554,23,0.6972
"FWP 2nd half",32.60422,-85.49553,24,0.7139
"FWP 2nd half",32.60408,-85.49551,25,0.7236
"FWP 2nd half",32.60401,-85.4964,26,0.7757
"FWP 2nd half",32.604,-85.49741,27,0.8346
"FWP 2nd half",32.60399,-85.49851,28,0.8987
"FWP 2nd half",32.60396,-85.50091,29,1.0385
"FWP 2nd half",32.60395,-85.50124,30,1.0578
"FWP 2nd half",32.60395,-85.50156,31,1.0764
"FWP 2nd half",32.60405,-85.50175,32,1.0895
"FWP 2nd half",32.60408,-85.50191,33,1.0990
"FWP 2nd half",32.60404,-85.50207,34,1.1087
"FWP 2nd half",32.60394,-85.50213,35,1.1165
"FWP 2nd half",32.60394,-85.5018,36,1.1357
"FWP 2nd half",32.60394,-85.50165,37,1.1445
"FWP 2nd half",32.60395,-85.50125,38,1.1678
"FWP 2nd half",32.60395,-85.50108,39,1.1777
"FWP 2nd half",32.60396,-85.50088,40,1.1894
"FWP 2nd half",32.60396,-85.50068,41,1.2010
"FWP 2nd half",32.60396,-85.50048,42,1.2127
"FWP 2nd half",32.60396,-85.50025,43,1.2261
"FWP 2nd half",32.60397,-85.50003,44,1.2389
"FWP 2nd half",32.60397,-85.49985,45,1.2494
"FWP 2nd half",32.60397,-85.49957,46,1.2657
"FWP 2nd half",32.60398,-85.49934,47,1.2791
"FWP 2nd half",32.60398,-85.49911,48,1.2925
"FWP 2nd half",32.60399,-85.49884,49,1.3083
"FWP 2nd half",32.60399,-85.49858,50,1.3234
"FWP 2nd half",32.60399,-85.49832,51,1.3386
"FWP 2nd half",32.60399,-85.49806,52,1.3537
"FWP 2nd half",32.60399,-85.49781,53,1.3683
"FWP 2nd half",32.604,-85.49755,54,1.3835
"FWP 2nd half",32.604,-85.4973,55,1.3980
"FWP 2nd half",32.604,-85.49704,56,1.4132
"FWP 2nd half",32.60402,-85.49614,57,1.4656
"FWP 2nd half",32.60408,-85.49551,58,1.5026
"FWP 2nd half",32.60417,-85.49552,59,1.5088
"FWP 2nd half",32.60437,-85.49554,60,1.5227
"FWP 2nd half",32.60457,-85.49552,61,1.5366
"FWP 2nd half",32.60478,-85.49547,62,1.5514
"FWP 2nd half",32.60505,-85.49535,63,1.5714
"FWP 2nd half",32.60494,-85.49504,64,1.5910
"FWP 2nd half",32.6049,-85.49489,65,1.6001
"FWP 2nd half",32.60489,-85.49463,66,1.6153
"FWP 2nd half",32.6049,-85.4942,67,1.6404
"Charter",32.6019,-85.48833,1,0.0000
"Charter",32.6022016332282,-85.48817031182037,2,0.0228
"Charter",32.60241,-85.48806,3,0.0386
"Charter",32.6026,-85.48803,4,0.0519
"Charter",32.60271,-85.48806,5,0.0597
"Charter",32.6028,-85.4881,6,0.0663
"Charter",32.60292,-85.48818,7,0.0759
"Charter",32.60303,-85.48841,8,0.0913
"Charter",32.60317,-85.48868,9,0.1097
"Charter",32.60324,-85.48884,10,0.1203
"Charter",32.60326,-85.48901,11,0.1303
"Charter",32.60326,-85.48913,12,0.1372
"Charter",32.60316,-85.48937,13,0.1528
"Charter",32.60297,-85.48952,14,0.1686
"Charter",32.60269,-85.48978,15,0.1932
"Charter",32.602556191511006,-85.48987496086316,16,0.2040
"Charter",32.60238,-85.49,17,0.2182
"Charter",32.60209,-85.49015,18,0.2401
"Charter",32.60192,-85.49022,19,0.2525
"Charter",32.60182,-85.49021,20,0.2595
"Charter",32.60167,-85.49013,21,0.2708
"Charter",32.60145,-85.48973,22,0.2987
"Charter",32.60127,-85.48938,23,0.3226
"Charter",32.60122,-85.48922,24,0.3325
"Charter",32.60121,-85.48907,25,0.3413
"Charter",32.60138,-85.48879,26,0.3614
"Charter",32.60188,-85.48834,27,0.4048
"Van 23-401",32.6018,-85.48841,1,0.0000
"Van 23-401",32.60217,-85.48817,2,0.0292
"Van 23-401",32.60253,-85.48801,3,0.0558
"Van 23-401",32.60263,-85.48802,4,0.0627
"Van 23-401",32.60275,-85.48806,5,0.0713
"Van 23-401",32.60285,-85.48812,6,0.0791
"Van 23-401",32.60291,-85.4882,7,0.0853
"Van 23-401",32.60322,-85.4888,8,0.1263
"Van 23-401",32.60326,-85.48891,9,0.1333
"Van 23-401",32.60326,-85.48905,10,0.1415
"Van 23-401",32.60325,-85.48917,11,0.1485
"Van 23-401",32.60321,-85.48928,12,0.1555
"Van 23-401",32.60316,-85.48938,13,0.1622
"Van 23-401",32.60273,-85.48975,14,0.1990
"Van 23-401",32.602543228500885,-85.48989168872346,15,0.2143
"Van 23-401",32.60244,-85.48997,16,0.2228
"Van 23-401",32.60204,-85.49015,17,0.2524
"Van 23-401",32.6019,-85.49022,18,0.2629
"Van 23-401",32.60181,-85.49021,19,0.2691
"Van 23-401",32.60172,-85.49016,20,0.2760
"Van 23-401",32.60158,-85.49004,21,0.2880
"Van 23-401",32.60127,-85.48939,22,0.3315
"Van 23-401",32.60121,-85.48923,23,0.3417
"Van 23-401",32.60121,-85.48905,24,0.3522
"Van 23-401",32.60126,-85.4889,25,0.3616
"Van 23-401",32.6018,-85.48842,26,0.4082
"jAUnt 1",32.60307,-85.48942,1,0.0000
"jAUnt 1",32.60281,-85.4897,2,0.0243
"jAUnt 1",32.60257,-85.48989,3,0.0442
"jAUnt 1",32.60228,-85.49006,4,0.0666
"jAUnt 1",32.60205,-85.49019,5,0.0842
"jAUnt 1",32.60192,-85.49023,6,0.0935
"jAUnt 1",32.60179,-85.4902,7,0.1027
"jAUnt 1",32.60167,-85.49012,8,0.1122
"jAUnt 1",32.60159,-85.49002,9,0.1202
"jAUnt 1",32.60151,-85.48987,10,0.1306
"jAUnt 1",32.60126,-85.48939,11,0.1635
"jAUnt 1",32.60122,-85.48925,12,0.1721
"jAUnt 1",32.60121,-85.48909,13,0.1814
"jAUnt 1",32.60123,-85.48897,14,0.1886
"jAUnt 1",32.60129,-85.48886,15,0.1962
"jAUnt 1",32.60161,-85.48849,16,0.2271
"jAUnt 1",32.60198,-85.48823,17,0.2568
"jAUnt 1",32.602138655603156,-85.4881594863986,18,0.2686
"jAUnt 1",32.60252,-85.48799,19,0.2967
"jAUnt 1",32.60267,-85.48803,20,0.3074
"jAUnt 1",32.60281,-85.48809,21,0.3176
"jAUnt 1",32.60293,-85.4882,22,0.3281
"jAUnt 1",32.60312,-85.48858,23,0.3539
"jAUnt 1",32.60323,-85.4888,24,0.3688
"jAUnt 1",32.60326,-85.48911,25,0.3870
"jAUnt 1",32.60319,-85.4893,26,0.3991
"jAUnt 1",32.60308,-85.48942,27,0.4094
"FSS 2",32.60209,-85.48817,1,0.0000
"FSS 2",32.60238,-85.48806,2,0.0211
"FSS 2",32.60251,-85.48802,3,0.0303
"FSS 2",32.60262,-85.48802,4,0.0380
"FSS 2",32.60273,-85.48805,5,0.0458
"FSS 2",32.60282,-85.4881,6,0.0526
"FSS 2",32.60292,-85.48819,7,0.0613
"FSS 2",32.60324,-85.48883,8,0.1047
"FSS 2",32.60326,-85.48894,9,0.1112
"FSS 2",32.60326,-85.48906,10,0.1182
"FSS 2",32.60325,-85.48918,11,0.1253
"FSS 2",32.60321,-85.48928,12,0.1317
"FSS 2",32.60316,-85.48938,13,0.1385
"FSS 2",32.60284,-85.48965,14,0.1656
"FSS 2",32.60261,-85.48984,15,0.1850
"FSS 2",32.60236,-85.49,16,0.2047
"FSS 2",32.60203,-85.4902,17,0.2303
"FSS 2",32.60186,-85.49024,18,0.2423
"FSS 2",32.60174,-85.49019,19,0.2511
"FSS 2",32.60159,-85.49004,20,0.2647
"FSS 2",32.60126,-85.48939,21,0.3089
"FSS 2",32.60121,-85.48924,22,0.3183
"FSS 2",32.6012,-85.4891,23,0.3265
"FSS 2",32.60123,-85.48896,24,0.3349
"FSS 2",32.60144,-85.48866,25,0.3576
"FSS 2",32.60171,-85.48836,26,0.3832
"FSS 2",32.60192,-85.48825,27,0.3991
"FSS 2",32.60207,-85.48819,28,0.4100
"ND1 - PM",32.60119,-85.48321,1,0.0000
"ND1 - PM",32.60134,-85.482,2,0.0713
"ND1 - PM",32.60137,-85.48177,3,0.0848
"ND1 - PM",32.60205,-85.48175,4,0.1319
"ND1 - PM",32.60308,-85.48174,5,0.2031
"ND1 - PM",32.60391,-85.48175,6,0.2605
"ND1 - PM",32.60401,-85.4817,7,0.2680
"ND1 - PM",32.60414,-85.48169,8,0.2771
"ND1 - PM",32.60417,-85.48157,9,0.2844
"ND1 - PM",32.60423,-85.48057,10,0.3428
"ND1 - PM",32.6042,-85.47956,11,0.4017
"ND1 - PM",32.60421,-85.47761,12,0.5153
"ND1 - PM",32.60422,-85.4741,13,0.7198
"ND1 - PM",32.60422,-85.47313,14,0.7763
"ND1 - PM",32.6043,-85.47052,15,0.9285
"ND1 - PM",32.60437,-85.46774,16,1.0906
"ND1 - PM",32.60437,-85.46665,17,1.1541
"ND1 - PM",32.6044,-85.46581,18,1.2031
"ND1 - PM",32.60447,-85.46491,19,1.2558
"ND1 - PM",32.60672,-85.46491,20,1.4114
"ND1 - PM",32.60781,-85.4649,21,1.4868
"ND1 - PM",32.60901,-85.46488,22,1.5698
"ND1 - PM",32.60986,-85.46489,23,1.6286
"ND1 - PM",32.61025,-85.4649,24,1.6556
"ND1 - PM",32.61064,-85.46489,25,1.6826
"ND1 - PM",32.61134,-85.46476,26,1.7316
"ND1 - PM",32.61216,-85.46455,27,1.7896
"ND1 - PM",32.61263,-85.46448,28,1.8224
"ND1 - PM",32.61285,-85.46447,29,1.8376
"ND1 - PM",32.61458,-85.46453,30,1.9573
"ND1 - PM",32.61582,-85.4645,31,2.0431
"ND1 - PM",32.61671,-85.46446,32,2.1047
"ND1 - PM",32.618,-85.46444,33,2.1940
"ND1 - PM",32.61875,-85.46446,34,2.2458
"ND1 - PM",32.61896,-85.46444,35,2.2604
"ND1 - PM",32.61925,-85.46439,36,2.2807
"ND1 - PM",32.61954,-85.46429,37,2.3016
"ND1 - PM",32.61989,-85.46412,38,2.3277
"ND1 - PM",32.62022,-85.46387,39,2.3548
"ND1 - PM",32.62046,-85.46366,40,2.3754
"ND1 - PM",32.62065,-85.46343,41,2.3942
"ND1 - PM",32.62086,-85.4631,42,2.4183
"ND1 - PM",32.62114,-85.46258,43,2.4543
"ND1 - PM",32.62132,-85.46224,44,2.4776
"ND1 - PM",32.62143,-85.46207,45,2.4901
"ND1 - PM",32.62168,-85.46181,46,2.5131
"ND1 - PM",32.62201,-85.46158,47,2.5396
"ND1 - PM",32.62219,-85.46149,48,2.5531
"ND1 - PM",32.62235,-85.46143,49,2.5647
"ND1 - PM",32.62251,-85.4614,50,2.5759
"ND1 - PM",32.62427,-85.46143,51,2.6977
"ND1 - PM",32.62427,-85.46109,52,2.7175
"ND1 - PM",32.62425,-85.46031,53,2.7629
"ND1 - PM",32.62427,-85.46006,54,2.7776
"ND1 - PM",32.62432,-85.45981,55,2.7925
"ND1 - PM",32.62445,-85.45943,56,2.8164
"ND1 - PM",32.62450402758789,-85.45932194482423,57,2.8238
"ND1 - PM",32.62455,-85.45923,58,2.8300
"ND1 - PM",32.62498,-85.45946,59,2.8626
"ND1 - PM",32.62548,-85.45968,60,2.8995
"ND1 - PM",32.6267,-85.45976,61,2.9840
"ND1 - PM",32.62719,-85.45972,62,3.0180
"ND1 - PM",32.62728,-85.4597,63,3.0243
"ND1 - PM",32.62735,-85.45953,64,3.0353
"ND1 - PM",32.62724,-85.45818,65,3.1143
"ND1 - PM",32.62714,-85.45669,66,3.2014
"ND1 - PM",32.62725,-85.45654,67,3.2130
"ND1 - PM",32.6277,-85.45643,68,3.2448
"ND1 - PM",32.62784,-85.45636,69,3.2553
"ND1 - PM",32.62812003974482,-85.45632266136735,70,3.2748
"ND1 - PM",32.62829,-85.4563,71,3.2866
"ND1 - PM",32.62885,-85.45634,72,3.3254
"ND1 - PM",32.62886,-85.45491,73,3.4087
"ND1 - PM",32.62882,-85.45469,74,3.4218
"ND1 - PM",32.62882,-85.45412,75,3.4550
"ND1 - PM",32.62879,-85.45366,76,3.4819
"ND1 - PM",32.62875,-85.45329,77,3.5037
"ND1 - PM",32.62868,-85.45291,78,3.5263
"ND1 - PM",32.62854,-85.45237,79,3.5592
"ND1 - PM",32.62837,-85.45192,80,3.5880
"ND1 - PM",32.62824,-85.45168,81,3.6046
"ND1 - PM",32.62788,-85.45108,82,3.6475
"ND1 - PM",32.62781,-85.45092,83,3.6580
"ND1 - PM",32.62766,-85.45075,84,3.6723
"ND1 - PM",32.62741,-85.4505,85,3.6950
"ND1 - PM",32.62775,-85.44975,86,3.7446
"ND1 - PM",32.62782,-85.44964,87,3.7526
"ND1 - PM",32.62789,-85.44956,88,3.7593
"ND1 - PM",32.62804,-85.44947,89,3.7709
"ND1 - PM",32.62813,-85.44944,90,3.7774
"ND1 - PM",32.62846,-85.44941,91,3.8003
"ND1 - PM",32.62862,-85.44935,92,3.8119
"ND1 - PM",32.6287,-85.4493,93,3.8182
"ND1 - PM",32.62878,-85.44921,94,3.8258
"ND1 - PM",32.62888,-85.44906,95,3.8369
"ND1 - PM",32.62898,-85.44881,96,3.8531
"ND1 - PM",32.62927,-85.44809,97,3.8996
"ND1 - PM",32.62938,-85.4477,98,3.9235
"ND1 - PM",32.6294,-85.44746,99,3.9376
"ND1 - PM",32.62941,-85.44715,100,3.9556
"ND1 - PM",32.62938,-85.44682,101,3.9750
"ND1 - PM",32.6293,-85.44646,102,3.9967
"ND1 - PM",32.62925,-85.4463,103,4.0066
"ND1 - PM",32.62911,-85.44601,104,4.0261
"ND1 - PM",32.62884,-85.44563,105,4.0550
"ND1 - PM",32.62866,-85.44548,106,4.0702
"ND1 - PM",32.62822,-85.44517,107,4.1056
"ND1 - PM",32.627876540970476,-85.44494354349702,108,4.1328
"ND1 - PM",32.62731,-85.44457,109,4.1776
"ND1 - PM",32.62636,-85.44396,110,4.2523
"ND1 - PM",32.62602,-85.44375,111,4.2788
"ND1 - PM",32.62566,-85.44455,112,4.3317
"ND1 - PM",32.62499725324788,-85.44598318985146,113,4.4269
"ND1 - PM",32.62486,-85.44628,114,4.4467
"ND1 - PM",32.62416,-85.44783,115,4.5491
"ND1 - PM",32.62406,-85.44805,116,4.5637
"ND1 - PM",32.6241,-85.44836,117,4.5820
"ND1 - PM",32.62415,-85.44847,118,4.5892
"ND1 - PM",32.62423,-85.44859,119,4.5982
"ND1 - PM",32.6248,-85.44881,120,4.6396
"ND1 - PM",32.62503,-85.44892,121,4.6568
"ND1 - PM",32.62592,-85.44947,122,4.7262
"ND1 - PM",32.62698,-85.45014,123,4.8092
"ND1 - PM",32.62715,-85.45026,124,4.8229
"ND1 - PM",32.62741,-85.45049,125,4.8453
"ND1 - PM",32.62766,-85.45075,126,4.8683
"ND1 - PM",32.62781,-85.45092,127,4.8827
"ND1 - PM",32.62794,-85.45102,128,4.8934
"ND1 - PM",32.62825,-85.45149,129,4.9282
"ND1 - PM",32.62845,-85.45187,130,4.9543
"ND1 - PM",32.62858,-85.4522,131,4.9755
"ND1 - PM",32.62863,-85.45233,132,4.9838
"ND1 - PM",32.62876,-85.45288,133,5.0171
"ND1 - PM",32.62884,-85.45327,134,5.0405
"ND1 - PM",32.62888,-85.45366,135,5.0634
"ND1 - PM",32.6289,-85.45406,136,5.0867
"ND1 - PM",32.62891,-85.45469,137,5.1234
"ND1 - PM",32.62886,-85.45481,138,5.1312
"ND1 - PM",32.62885,-85.4572,139,5.2704
"ND1 - PM",32.62884,-85.4589,140,5.3695
"ND1 - PM",32.6288,-85.46143,141,5.5169
"ND1 - PM",32.62879,-85.46183,142,5.5402
"ND1 - PM",32.62792,-85.46181,143,5.6004
"ND1 - PM",32.62637,-85.46178,144,5.7076
"ND1 - PM",32.62581,-85.46177,145,5.7464
"ND1 - PM",32.62565,-85.46175,146,5.7575
"ND1 - PM",32.62538,-85.46169,147,5.7765
"ND1 - PM",32.62499,-85.46157,148,5.8043
"ND1 - PM",32.6246,-85.46146,149,5.8321
"ND1 - PM",32.62446,-85.46144,150,5.8418
"ND1 - PM",32.6233,-85.46141,151,5.9221
"ND1 - PM",32.62251,-85.4614,152,5.9767
"ND1 - PM",32.62235,-85.46143,153,5.9879
"ND1 - PM",32.62219,-85.46149,154,5.9995
"ND1 - PM",32.62193,-85.46163,155,6.0193
"ND1 - PM",32.62168,-85.46181,156,6.0395
"ND1 - PM",32.62153,-85.46197,157,6.0535
"ND1 - PM",32.62143,-85.46207,158,6.0625
"ND1 - PM",32.62124,-85.46238,159,6.0848
"ND1 - PM",32.62093,-85.46298,160,6.1259
"ND1 - PM",32.62073,-85.46332,161,6.1500
"ND1 - PM",32.62055,-85.46356,162,6.1687
"ND1 - PM",32.62037,-85.46374,163,6.1850
"ND1 - PM",32.62004,-85.46402,164,6.2131
"ND1 - PM",32.61975,-85.46419,165,6.2354
"ND1 - PM",32.61944,-85.46432,166,6.2582
"ND1 - PM",32.61909,-85.46442,167,6.2831
"ND1 - PM",32.61881,-85.46445,168,6.3025
"ND1 - PM",32.61822,-85.46445,169,6.3433
"ND1 - PM",32.61762,-85.46445,170,6.3848
"ND1 - PM",32.61702,-85.46446,171,6.4264
"ND1 - PM",32.61641,-85.46447,172,6.4685
"ND1 - PM",32.61579,-85.4645,173,6.5115
"ND1 - PM",32.61517,-85.46452,174,6.5544
"ND1 - PM",32.61455,-85.46453,175,6.5973
"ND1 - PM",32.61398,-85.46451,176,6.6367
"ND1 - PM",32.61341,-85.46449,177,6.6762
"ND1 - PM",32.61283,-85.46448,178,6.7163
"ND1 - PM",32.61263,-85.46448,179,6.7301
"ND1 - PM",32.61223,-85.46454,180,6.7580
"ND1 - PM",32.6116,-85.46469,181,6.8024
"ND1 - PM",32.61097,-85.46483,182,6.8468
"ND1 - PM",32.61064,-85.46489,183,6.8699
"ND1 - PM",32.61037,-85.4649,184,6.8886
"ND1 - PM",32.6098,-85.46489,185,6.9280
"ND1 - PM",32.60922,-85.46488,186,6.9681
"ND1 - PM",32.60864,-85.46489,187,7.0082
"ND1 - PM",32.60806,-85.4649,188,7.0484
"ND1 - PM",32.60747,-85.46491,189,7.0892
"ND1 - PM",32.60689,-85.46491,190,7.1293
"ND1 - PM",32.6063,-85.46491,191,7.1701
"ND1 - PM",32.60571,-85.46491,192,7.2109
"ND1 - PM",32.60511,-85.46491,193,7.2524
"ND1 - PM",32.60454,-85.46491,194,7.2918
"ND1 - PM",32.6044,-85.46581,195,7.3452
"ND1 - PM",32.60439,-85.4661,196,7.3621
"ND1 - PM",32.60437,-85.46728,197,7.4309
"ND1 - PM",32.60435,-85.46847,198,7.5002
"ND1 - PM",32.60432,-85.46957,199,7.5643
"ND1 - PM",32.60429,-85.47068,200,7.6291
"ND1 - PM",32.60426,-85.4718,201,7.6944
"ND1 - PM",32.60423,-85.47294,202,7.7608
"ND1 - PM",32.60422,-85.47403,203,7.8243
"ND1 - PM",32.60422,-85.47513,204,7.8884
"ND1 - PM",32.60421,-85.47623,205,7.9525
"ND1 - PM",32.60422,-85.47732,206,8.0160
"ND1 - PM",32.60421,-85.47841,207,8.0796
"ND1 - PM",32.6042,-85.4795,208,8.1431
"ND1 - PM",32.60422,-85.48068,209,8.2119
"ND1 - PM",32.60417,-85.48157,210,8.2638
"ND1 - PM",32.60412,-85.48179,211,8.2771
"ND1 - PM",32.604,-85.4818,212,8.2854
"ND1 - PM",32.60391,-85.48175,213,8.2923
"ND1 - PM",32.60358,-85.48175,214,8.3151
"ND1 - PM",32.60301,-85.48174,215,8.3546
"ND1 - PM",32.60245,-85.48175,216,8.3933
"ND1 - PM",32.60187,-85.48176,217,8.4334
"ND1 - PM",32.60142,-85.48176,218,8.4646
"ND1 - PM",32.60127,-85.48176,219,8.4749
"ND1 - PM",32.60082,-85.48175,220,8.5061
"ND1 - PM",32.60008,-85.48174,221,8.5572
"ND1 - PM",32.59934,-85.48173,222,8.6084
"ND1 - PM",32.59896,-85.48173,223,8.6347
"ND1 - PM",32.59882,-85.48186,224,8.6470
"ND1 - PM",32.59872,-85.48201,225,8.6582
"ND1 - PM",32.5987,-85.4823,226,8.6751
"ND1 - PM",32.59863,-85.4826,227,8.6933
"ND1 - PM",32.59848,-85.4829,228,8.7136
"ND1 - PM",32.59835,-85.48309,229,8.7279
"ND1 - PM",32.5982,-85.4834,230,8.7487
"ND1 - PM",32.59818,-85.48351,231,8.7552
"ND1 - PM",32.59815,-85.48383,232,8.7740
"ND1 - PM",32.59856,-85.48386,233,8.8024
"ND1 - PM",32.59891,-85.48387,234,8.8266
"ND1 - PM",32.59978,-85.48388,235,8.8868
"ND1 - PM",32.60054,-85.48387,236,8.9394
"ND1 - PM",32.6011,-85.48387,237,8.9781
"ND1 - PM",32.60117,-85.48336,238,9.0082
"ND1 - PM",32.60119,-85.48322,239,9.0165
"ND2 - PM",32.60119,-85.48321,1,0.0000
"ND2 - PM",32.60132,-85.48221,2,0.0590
"ND2 - PM",32.60137,-85.48177,3,0.0848
"ND2 - PM",32.60166,-85.48176,4,0.1049
"ND2 - PM",32.60308,-85.48174,5,0.2031
"ND2 - PM",32.60391,-85.48175,6,0.2605
"ND2 - PM",32.60401,-85.4817,7,0.2681
"ND2 - PM",32.60414,-85.48169,8,0.2771
"ND2 - PM",32.60417,-85.48157,9,0.2844
"ND2 - PM",32.60423,-85.48057,10,0.3428
"ND2 - PM",32.6042,-85.47956,11,0.4017
"ND2 - PM",32.60421,-85.47761,12,0.5153
"ND2 - PM",32.60422,-85.4741,13,0.7198
"ND2 - PM",32.60422,-85.47313,14,0.7763
"ND2 - PM",32.6043,-85.47052,15,0.9285
"ND2 - PM",32.60437,-85.46774,16,1.0906
"ND2 - PM",32.60437,-85.46665,17,1.1541
"ND2 - PM",32.6044,-85.46581,18,1.2031
"ND2 - PM",32.60447,-85.46491,19,1.2558
"ND2 - PM",32.60672,-85.46491,20,1.4114
"ND2 - PM",32.60781,-85.4649,21,1.4868
"ND2 - PM",32.60901,-85.46488,22,1.5698
"ND2 - PM",32.60986,-85.46489,23,1.6286
"ND2 - PM",32.61025,-85.4649,24,1.6556
"ND2 - PM",32.61064,-85.46489,25,1.6826
"ND2 - PM",32.61134,-85.46476,26,1.7316
"ND2 - PM",32.61216,-85.46455,27,1.7896
"ND2 - PM",32.61263,-85.46448,28,1.8224
"ND2 - PM",32.61285,-85.46447,29,1.8376
"ND2 - PM",32.61458,-85.46453,30,1.9573
"ND2 - PM",32.61582,-85.4645,31,2.0431
"ND2 - PM",32.61671,-85.46446,32,2.1047
"ND2 - PM",32.618,-85.46444,33,2.1940
"ND2 - PM",32.61875,-85.46446,34,2.2458
"ND2 - PM",32.61896,-85.46444,35,2.2604
"ND2 - PM",32.61925,-85.46439,36,2.2807
"ND2 - PM",32.61954,-85.46429,37,2.3016
"ND2 - PM",32.61989,-85.46412,38,2.3277
"ND2 - PM",32.62022,-85.46387,39,2.3548
"ND2 - PM",32.62046,-85.46366,40,2.3754
"ND2 - PM",32.62065,-85.46343,41,2.3942
"ND2 - PM",32.62086,-85.4631,42,2.4183
"ND2 - PM",32.62114,-85.46258,43,2.4543
"ND2 - PM",32.62132,-85.46224,44,2.4776
"ND2 - PM",32.62143,-85.46207,45,2.4901
"ND2 - PM",32.62168,-85.46181,46,2.5131
"ND2 - PM",32.62201,-85.46158,47,2.5396
"ND2 - PM",32.62219,-85.46149,48,2.5531
"ND2 - PM",32.62235,-85.46143,49,2.5647
"ND2 - PM",32.62251,-85.4614,50,2.5759
"ND2 - PM",32.62427,-85.46143,51,2.6977
"ND2 - PM",32.62427,-85.46109,52,2.7175
"ND2 - PM",32.62425,-85.46031,53,2.7629
"ND2 - PM",32.62427,-85.46006,54,2.7776
"ND2 - PM",32.62432,-85.45981,55,2.7925
"ND2 - PM",32.62445,-85.45943,56,2.8164
"ND2 - PM",32.62450402758789,-85.45932194482423,57,2.8238
"ND2 - PM",32.62455,-85.45923,58,2.8300
"ND2 - PM",32.62498,-85.45946,59,2.8626
"ND2 - PM",32.62548,-85.45968,60,2.8995
"ND2 - PM",32.6267,-85.45976,61,2.9840
"ND2 - PM",32.62719,-85.45972,62,3.0180
"ND2 - PM",32.62728,-85.4597,63,3.0243
"ND2 - PM",32.62735,-85.45953,64,3.0353
"ND2 - PM",32.62724,-85.45818,65,3.1143
"ND2 - PM",32.62714,-85.45669,66,3.2014
"ND2 - PM",32.62725,-85.45654,67,3.2130
"ND2 - PM",32.6277,-85.45643,68,3.2448
"ND2 - PM",32.62784,-85.45636,69,3.2553
"ND2 - PM",32.62812003974482,-85.45632266136735,70,3.2748
"ND2 - PM",32.62829,-85.4563,71,3.2866
"ND2 - PM",32.62885,-85.45634,72,3.3254
"ND2 - PM",32.62886,-85.45491,73,3.4087
"ND2 - PM",32.62882,-85.45469,74,3.4218
"ND2 - PM",32.62882,-85.45412,75,3.4550
"ND2 - PM",32.62879,-85.45366,76,3.4819
"ND2 - PM",32.62875,-85.45329,77,3.5037
"ND2 - PM",32.62868,-85.45291,78,3.5263
"ND2 - PM",32.62854,-85.45237,79,3.5592
"ND2 - PM",32.62837,-85.45192,80,3.5880
"ND2 - PM",32.62824,-85.45168,81,3.6046
"ND2 - PM",32.62788,-85.45108,82,3.6475
"ND2 - PM",32.62781,-85.45092,83,3.6580
"ND2 - PM",32.62766,-85.45075,84,3.6723
"ND2 - PM",32.62744,-85.45053,85,3.6922
"ND2 - PM",32.62775,-85.44975,86,3.7425
"ND2 - PM",32.62782,-85.44964,87,3.7505
"ND2 - PM",32.62797,-85.4495,88,3.7637
"ND2 - PM",32.62815,-85.44944,89,3.7766
"ND2 - PM",32.62846,-85.44941,90,3.7982
"ND2 - PM",32.62862,-85.44935,91,3.8098
"ND2 - PM",32.6287,-85.4493,92,3.8160
"ND2 - PM",32.62878,-85.44921,93,3.8236
"ND2 - PM",32.62888,-85.44906,94,3.8348
"ND2 - PM",32.62927,-85.44809,95,3.8974
"ND2 - PM",32.62938,-85.4477,96,3.9214
"ND2 - PM",32.6294,-85.44746,97,3.9354
"ND2 - PM",32.62941,-85.44715,98,3.9535
"ND2 - PM",32.62937,-85.44679,99,3.9746
"ND2 - PM",32.62933,-85.44656,100,3.9883
"ND2 - PM",32.62925,-85.4463,101,4.0044
"ND2 - PM",32.62911,-85.44601,102,4.0239
"ND2 - PM",32.62884,-85.44563,103,4.0529
"ND2 - PM",32.62866,-85.44548,104,4.0681
"ND2 - PM",32.62815,-85.44513,105,4.1088
"ND2 - PM",32.62787329945521,-85.44494831108807,106,4.1307
"ND2 - PM",32.62649,-85.44404,107,4.2400
"ND2 - PM",32.62602,-85.44375,108,4.2767
"ND2 - PM",32.62508,-85.4458,109,4.4127
"ND2 - PM",32.62499663747141,-85.44598303511712,110,4.4248
"ND2 - PM",32.62416,-85.44782,111,4.5464
"ND2 - PM",32.62406,-85.44805,112,4.5615
"ND2 - PM",32.6241,-85.44836,113,4.5798
"ND2 - PM",32.62423,-85.44859,114,4.5959
"ND2 - PM",32.6244,-85.44866,115,4.6084
"ND2 - PM",32.62485,-85.44883,116,4.6410
"ND2 - PM",32.62503,-85.44892,117,4.6546
"ND2 - PM",32.62635,-85.44973,118,4.7573
"ND2 - PM",32.62715,-85.45026,119,4.8207
"ND2 - PM",32.62766,-85.45075,120,4.8661
"ND2 - PM",32.62781,-85.45092,121,4.8804
"ND2 - PM",32.62794,-85.45102,122,4.8911
"ND2 - PM",32.62825,-85.45149,123,4.9259
"ND2 - PM",32.62832,-85.45162,124,4.9349
"ND2 - PM",32.62845,-85.45187,125,4.9520
"ND2 - PM",32.62863,-85.45233,126,4.9816
"ND2 - PM",32.62876,-85.45288,127,5.0148
"ND2 - PM",32.62884,-85.45327,128,5.0382
"ND2 - PM",32.62888,-85.45366,129,5.0611
"ND2 - PM",32.62891,-85.45423,130,5.0944
"ND2 - PM",32.62891,-85.45469,131,5.1212
"ND2 - PM",32.62886,-85.45481,132,5.1290
"ND2 - PM",32.62885,-85.45711,133,5.2630
"ND2 - PM",32.62882,-85.46034,134,5.4511
"ND2 - PM",32.62879,-85.46167,135,5.5286
"ND2 - PM",32.62879,-85.46183,136,5.5380
"ND2 - PM",32.6268,-85.46179,137,5.6756
"ND2 - PM",32.62581,-85.46177,138,5.7441
"ND2 - PM",32.62551,-85.46172,139,5.7651
"ND2 - PM",32.62504,-85.46159,140,5.7985
"ND2 - PM",32.6246,-85.46146,141,5.8298
"ND2 - PM",32.62446,-85.46144,142,5.8396
"ND2 - PM",32.62314,-85.46141,143,5.9309
"ND2 - PM",32.62249,-85.4614,144,5.9759
"ND2 - PM",32.62219,-85.46149,145,5.9973
"ND2 - PM",32.62201,-85.46158,146,6.0108
"ND2 - PM",32.62186,-85.46168,147,6.0227
"ND2 - PM",32.62168,-85.46181,148,6.0372
"ND2 - PM",32.62139,-85.46213,149,6.0646
"ND2 - PM",32.62132,-85.46224,150,6.0727
"ND2 - PM",32.62105,-85.46275,151,6.1078
"ND2 - PM",32.62086,-85.4631,152,6.1320
"ND2 - PM",32.62069,-85.46337,153,6.1517
"ND2 - PM",32.62046,-85.46366,154,6.1749
"ND2 - PM",32.62006,-85.464,155,6.2089
"ND2 - PM",32.61975,-85.46419,156,6.2330
"ND2 - PM",32.61937,-85.46435,157,6.2609
"ND2 - PM",32.61909,-85.46442,158,6.2807
"ND2 - PM",32.61869,-85.46446,159,6.3085
"ND2 - PM",32.61804,-85.46444,160,6.3534
"ND2 - PM",32.61737,-85.46445,161,6.3998
"ND2 - PM",32.6167,-85.46446,162,6.4461
"ND2 - PM",32.61535,-85.46452,163,6.5396
"ND2 - PM",32.61458,-85.46453,164,6.5929
"ND2 - PM",32.61401,-85.46451,165,6.6323
"ND2 - PM",32.6127,-85.46448,166,6.7229
"ND2 - PM",32.61216,-85.46455,167,6.7605
"ND2 - PM",32.61134,-85.46476,168,6.8185
"ND2 - PM",32.61064,-85.46489,169,6.8675
"ND2 - PM",32.61047,-85.4649,170,6.8793
"ND2 - PM",32.61002,-85.4649,171,6.9104
"ND2 - PM",32.60928,-85.46488,172,6.9616
"ND2 - PM",32.60868,-85.46489,173,7.0031
"ND2 - PM",32.6074,-85.46491,174,7.0917
"ND2 - PM",32.60607,-85.46491,175,7.1837
"ND2 - PM",32.60474,-85.46491,176,7.2757
"ND2 - PM",32.60447,-85.46491,177,7.2944
"ND2 - PM",32.60443,-85.4654,178,7.3230
"ND2 - PM",32.6044,-85.46581,179,7.3470
"ND2 - PM",32.60437,-85.46683,180,7.4065
"ND2 - PM",32.60434,-85.46882,181,7.5225
"ND2 - PM",32.60429,-85.47092,182,7.6449
"ND2 - PM",32.60422,-85.47319,183,7.7773
"ND2 - PM",32.60422,-85.47575,184,7.9264
"ND2 - PM",32.6042,-85.47867,185,8.0966
"ND2 - PM",32.6042,-85.47993,186,8.1700
"ND2 - PM",32.60423,-85.48057,187,8.2074
"ND2 - PM",32.60418,-85.48148,188,8.2605
"ND2 - PM",32.60412,-85.4818,189,8.2796
"ND2 - PM",32.604,-85.4818,190,8.2879
"ND2 - PM",32.60391,-85.48175,191,8.2948
"ND2 - PM",32.60307,-85.48174,192,8.3529
"ND2 - PM",32.60184,-85.48176,193,8.4380
"ND2 - PM",32.60092,-85.48176,194,8.5016
"ND2 - PM",32.6,-85.48174,195,8.5652
"ND2 - PM",32.59906,-85.48173,196,8.6303
"ND2 - PM",32.59896,-85.48173,197,8.6372
"ND2 - PM",32.5988,-85.48188,198,8.6513
"ND2 - PM",32.59872,-85.48201,199,8.6607
"ND2 - PM",32.59871,-85.48225,200,8.6747
"ND2 - PM",32.59868,-85.48241,201,8.6842
"ND2 - PM",32.59863,-85.4826,202,8.6958
"ND2 - PM",32.59856,-85.48275,203,8.7058
"ND2 - PM",32.59835,-85.48309,204,8.7304
"ND2 - PM",32.59825,-85.48328,205,8.7434
"ND2 - PM",32.59819,-85.48346,206,8.7547
"ND2 - PM",32.59815,-85.48384,207,8.7770
"ND2 - PM",32.59881,-85.48386,208,8.8227
"ND2 - PM",32.59972,-85.48387,209,8.8857
"ND2 - PM",32.60059,-85.48387,210,8.9458
"ND2 - PM",32.60092,-85.48387,211,8.9687
"ND2 - PM",32.6011,-85.48387,212,8.9811
"ND2 - PM",32.60114,-85.48358,213,8.9982
"ND2 - PM",32.60119,-85.48321,214,9.0201
"Panhellenic",32.59252,-85.48836,1,0.0000
"Panhellenic",32.59256,-85.4882,2,0.0097
"Panhellenic",32.59264,-85.48799,3,0.0232
"Panhellenic",32.5928,-85.48762,4,0.0474
"Panhellenic",32.59293190135069,-85.48737085300425,5,0.0645
"Panhellenic",32.59298,-85.48728,6,0.0708
"Panhellenic",32.59256,-85.48701,7,0.1038
"Panhellenic",32.59166,-85.48657,8,0.1712
"Panhellenic",32.59125,-85.48644,9,0.2005
"Panhellenic",32.59084,-85.48635,10,0.2294
"Panhellenic",32.5903,-85.48632,11,0.2668
"Panhellenic",32.58944,-85.48628,12,0.3263
"Panhellenic",32.58892,-85.48627,13,0.3623
"Panhellenic",32.58887,-85.48731,14,0.4230
"Panhellenic",32.58881,-85.48946,15,0.5483
"Panhellenic",32.58881,-85.49018,16,0.5903
"Panhellenic",32.59368,-85.49035,17,0.9273
"Panhellenic",32.59491,-85.49029,18,1.0125
"Panhellenic",32.59548,-85.49021,19,1.0522
"Panhellenic",32.59631,-85.49022,20,1.1096
"Panhellenic",32.59704,-85.49031,21,1.1603
"Panhellenic",32.59776,-85.49042,22,1.2106
"Panhellenic",32.59843,-85.49043,23,1.2569
"Panhellenic",32.60038,-85.49048,24,1.3918
"Panhellenic",32.6019,-85.49047,25,1.4970
"Panhellenic",32.60318,-85.49042,26,1.5855
"Panhellenic",32.60312,-85.49138,27,1.6416
"Panhellenic",32.60292,-85.4916,28,1.6605
"Panhellenic",32.60281,-85.49162,29,1.6682
"Panhellenic",32.60248,-85.49182,30,1.6938
"Panhellenic",32.60233,-85.49192,31,1.7057
"Panhellenic",32.60227,-85.49212,32,1.7181
"Panhellenic",32.60221,-85.4922,33,1.7243
"Panhellenic",32.60157,-85.49249,34,1.7717
"Panhellenic",32.60189,-85.49319,35,1.8181
"Panhellenic",32.60235,-85.49401,36,1.8755
"Panhellenic",32.6024,-85.49435,37,1.8957
"Panhellenic",32.60238,-85.49468,38,1.9149
"Panhellenic",32.60209,-85.49479,39,1.9360
"Panhellenic",32.60176,-85.49503,40,1.9628
"Panhellenic",32.60141,-85.49534,41,1.9930
"Panhellenic",32.60065,-85.49602,42,2.0588
"Panhellenic",32.59975,-85.4968,43,2.1359
"Panhellenic",32.59917,-85.49729,44,2.1851
"Panhellenic",32.59857,-85.4964,45,2.2515
"Panhellenic",32.59771,-85.49494,46,2.3554
"Panhellenic",32.59726,-85.49358,47,2.4405
"Panhellenic",32.59717,-85.49183,48,2.5427
"Panhellenic",32.59743,-85.49039,49,2.6285
"Panhellenic",32.5966,-85.49026,50,2.6864
"Panhellenic",32.59584,-85.4902,51,2.7391
"Panhellenic",32.59496,-85.49025,52,2.8000
"Panhellenic",32.59406,-85.49034,53,2.8625
"Panhellenic",32.59282,-85.49035,54,2.9483
"Panhellenic",32.59235,-85.49031,55,2.9809
"Panhellenic",32.59235,-85.48946,56,3.0304
"Panhellenic",32.59239,-85.4889,57,3.0632
"Panhellenic",32.59252,-85.48836,58,3.0959
"NR3.730",32.61236,-85.47557,1,0.0000
"NR3.730",32.61272,-85.47578,2,0.0277
"NR3.730",32.613,-85.47585,3,0.0475
"NR3.730",32.61323,-85.47586,4,0.0635
"NR3.730",32.61404,-85.47583,5,0.1195
"NR3.730",32.61431846755019,-85.47583260250047,6,0.1388
"NR3.730",32.61511,-85.47584,7,0.1935
"NR3.730",32.61578,-85.47585,8,0.2399
"NR3.730",32.61602,-85.47581,9,0.2566
"NR3.730",32.6163,-85.47563,10,0.2787
"NR3.730",32.61658,-85.47545,11,0.3007
"NR3.730",32.61702,-85.47525,12,0.3333
"NR3.730",32.61738,-85.47516,13,0.3587
"NR3.730",32.61756,-85.47522,14,0.3717
"NR3.730",32.61848,-85.47576,15,0.4426
"NR3.730",32.61865,-85.47548,16,0.4628
"NR3.730",32.61885,-85.47503,17,0.4924
"NR3.730",32.61894,-85.47479,18,0.5077
"NR3.730",32.61897,-85.4746,19,0.5190
"NR3.730",32.61896,-85.47436,20,0.5330
"NR3.730",32.61887,-85.47395,21,0.5577
"NR3.730",32.61886,-85.47361,22,0.5775
"NR3.730",32.61851,-85.47343,23,0.6039
"NR3.730",32.61836,-85.47333,24,0.6158
"NR3.730",32.61826,-85.47342,25,0.6244
"NR3.730",32.6175,-85.47396,26,0.6857
"NR3.730",32.6172,-85.47424,27,0.7121
"NR3.730",32.61614,-85.47528,28,0.8072
"NR3.730",32.61614,-85.47575,29,0.8346
"NR3.730",32.61602,-85.47581,30,0.8436
"NR3.730",32.61578,-85.47585,31,0.8604
"NR3.730",32.61482,-85.47584,32,0.9268
"NR3.730",32.61404,-85.47583,33,0.9807
"NR3.730",32.61342,-85.47586,34,1.0237
"NR3.730",32.61307,-85.47586,35,1.0479
"NR3.730",32.61273,-85.47579,36,1.0717
"NR3.730",32.61256,-85.47571,37,1.0844
"NR3.730",32.612364379140494,-85.47557027081464,38,1.1002
"NR3.730",32.61221,-85.47546,39,1.1126
"NR3.730",32.61212,-85.47542,40,1.1193
"NR3.730",32.61185,-85.47537,41,1.1382
"NR3.730",32.61123,-85.47534,42,1.1811
"NR3.730",32.61059,-85.47529,43,1.2255
"NR3.730",32.60986,-85.47524,44,1.2760
"NR3.730",32.60905,-85.4752,45,1.3321
"NR3.730",32.60906,-85.47587,46,1.3712
"NR3.730",32.60906,-85.47639,47,1.4015
"NR3.730",32.60907,-85.47692,48,1.4324
"NR3.730",32.60907,-85.47746,49,1.4638
"NR3.730",32.60908,-85.47803,50,1.4970
"NR3.730",32.60908,-85.47867,51,1.5343
"NR3.730",32.60909,-85.47957,52,1.5868
"NR3.730",32.60909,-85.48046,53,1.6386
"NR3.730",32.60909,-85.48136,54,1.6911
"NR3.730",32.60908,-85.48181,55,1.7173
"NR3.730",32.60908,-85.48225,56,1.7429
"NR3.730",32.60907,-85.48268,57,1.7680
"NR3.730",32.60907,-85.48312,58,1.7936
"NR3.730",32.60906,-85.48356,59,1.8193
"NR3.730",32.60906,-85.484,60,1.8449
"NR3.730",32.60905,-85.48443,61,1.8700
"NR3.730",32.60904,-85.48487,62,1.8956
"NR3.730",32.60903,-85.48532,63,1.9219
"NR3.730",32.60903,-85.48571,64,1.9446
"NR3.730",32.60902,-85.48608,65,1.9662
"NR3.730",32.60902,-85.48654,66,1.9930
"NR3.730",32.60902,-85.48699,67,2.0192
"NR3.730",32.60901,-85.48745,68,2.0460
"NR3.730",32.60901,-85.48791,69,2.0728
"NR3.730",32.60902,-85.48837,70,2.0996
"NR3.730",32.60902,-85.48884,71,2.1270
"NR3.730",32.60903,-85.48931,72,2.1544
"NR3.730",32.60905,-85.48978,73,2.1818
"NR3.730",32.60906,-85.49024,74,2.2086
"NR3.730",32.60858,-85.49027,75,2.2419
"NR3.730",32.60845,-85.49027,76,2.2509
"NR3.730",32.60808,-85.49031,77,2.2766
"NR3.730",32.60759,-85.49036,78,2.3106
"NR3.730",32.60708,-85.49039,79,2.3459
"NR3.730",32.60658,-85.49039,80,2.3805
"NR3.730",32.60646,-85.49039,81,2.3888
"NR3.730",32.60636,-85.49037,82,2.3958
"NR3.730",32.60619,-85.49037,83,2.4076
"NR3.730",32.6058,-85.49037,84,2.4345
"NR3.730",32.60537,-85.49042,85,2.4644
"NR3.730",32.60509603927241,-85.49042507334681,86,2.4834
"NR3.730",32.60483,-85.49043,87,2.5018
"NR3.730",32.60451,-85.49041,88,2.5239
"NR3.730",32.60362,-85.49041,89,2.5855
"NR3.730",32.60188,-85.49046,90,2.7059
"NR3.730",32.60105,-85.49046,91,2.7633
"NR3.730",32.60101,-85.48992,92,2.7949
"NR3.730",32.60098,-85.4894,93,2.8253
"NR3.730",32.60101,-85.48896,94,2.8510
"NR3.730",32.60106,-85.48861,95,2.8717
"NR3.730",32.60116,-85.48836,96,2.8878
"NR3.730",32.60126,-85.4882,97,2.8994
"NR3.730",32.60146,-85.48799,98,2.9179
"NR3.730",32.60161,-85.48787,99,2.9304
"NR3.730",32.60186,-85.48773,100,2.9495
"Security Shuttle",32.60215,-85.4882,1,0.0000
"Security Shuttle",32.602351545414884,-85.48809634807235,2,0.0152
"Security Shuttle",32.6025,-85.48802,3,0.0264
"Security Shuttle",32.60267,-85.48802,4,0.0381
"Security Shuttle",32.60279,-85.48808,5,0.0472
"Security Shuttle",32.6029,-85.48817,6,0.0564
"Security Shuttle",32.60313,-85.4886,7,0.0861
"Security Shuttle",32.6032,-85.48874,8,0.0956
"Security Shuttle",32.60326,-85.48895,9,0.1085
"Security Shuttle",32.60326,-85.48911,10,0.1178
"Security Shuttle",32.60322,-85.48925,11,0.1264
"Security Shuttle",32.60314,-85.48939,12,0.1363
"Security Shuttle",32.60285,-85.48965,13,0.1614
"Security Shuttle",32.60265,-85.48983,14,0.1788
"Security Shuttle",32.60243,-85.49,15,0.1969
"Security Shuttle",32.60219,-85.49011,16,0.2147
"Security Shuttle",32.60197,-85.49022,17,0.2312
"Security Shuttle",32.60186,-85.49023,18,0.2389
"Security Shuttle",32.60173,-85.49019,19,0.2482
"Security Shuttle",32.60162,-85.49005,20,0.2593
"Security Shuttle",32.60151,-85.4898,21,0.2758
"Security Shuttle",32.60127,-85.48938,22,0.3053
"Security Shuttle",32.60121,-85.48924,23,0.3145
"Security Shuttle",32.60121,-85.48906,24,0.3250
"Security Shuttle",32.60126,-85.4889,25,0.3349
"Security Shuttle",32.60161,-85.48858,26,0.3655
"Security Shuttle",32.60213,-85.48821,27,0.4074
"Van 23-402",32.6018,-85.48841,1,0.0000
"Van 23-402",32.60217,-85.48817,2,0.0292
"Van 23-402",32.60253,-85.48801,3,0.0558
"Van 23-402",32.60263,-85.48802,4,0.0627
"Van 23-402",32.60275,-85.48806,5,0.0713
"Van 23-402",32.60285,-85.48812,6,0.0791
"Van 23-402",32.60291,-85.4882,7,0.0853
"Van 23-402",32.60322,-85.4888,8,0.1263
"Van 23-402",32.60326,-85.48891,9,0.1333
"Van 23-402",32.60326,-85.48905,10,0.1415
"Van 23-402",32.60325,-85.48917,11,0.1485
"Van 23-402",32.60321,-85.48928,12,0.1555
"Van 23-402",32.60316,-85.48938,13,0.1622
"Van 23-402",32.60273,-85.48975,14,0.1990
"Van 23-402",32.602543228500885,-85.48989168872346,15,0.2143
"Van 23-402",32.60244,-85.48997,16,0.2228
"Van 23-402",32.60204,-85.49015,17,0.2524
"Van 23-402",32.6019,-85.49022,18,0.2629
"Van 23-402",32.60181,-85.49021,19,0.2691
"Van 23-402",32.60172,-85.49016,20,0.2760
"Van 23-402",32.60158,-85.49004,21,0.2880
"Van 23-402",32.60127,-85.48939,22,0.3315
"Van 23-402",32.60121,-85.48923,23,0.3417
"Van 23-402",32.60121,-85.48905,24,0.3522
"Van 23-402",32.60126,-85.4889,25,0.3616
"Van 23-402",32.6018,-85.48842,26,0.4082
"Van 23-403",32.6018,-85.48841,1,0.0000
"Van 23-403",32.60217,-85.48817,2,0.0292
"Van 23-403",32.60253,-85.48801,3,0.0558
"Van 23-403",32.60263,-85.48802,4,0.0627
"Van 23-403",32.60275,-85.48806,5,0.0713
"Van 23-403",32.60285,-85.48812,6,0.0791
"Van 23-403",32.60291,-85.4882,7,0.0853
"Van 23-403",32.60322,-85.4888,8,0.1263
"Van 23-403",32.60326,-85.48891,9,0.1333
"Van 23-403",32.60326,-85.48905,10,0.1415
"Van 23-403",32.60325,-85.48917,11,0.1485
"Van 23-403",32.60321,-85.48928,12,0.1555
"Van 23-403",32.60316,-85.48938,13,0.1622
"Van 23-403",32.60273,-85.48975,14,0.1990
"Van 23-403",32.602543228500885,-85.48989168872346,15,0.2143
"Van 23-403",32.60244,-85.48997,16,0.2228
"Van 23-403",32.60204,-85.49015,17,0.2524
"Van 23-403",32.6019,-85.49022,18,0.2629
"Van 23-403",32.60181,-85.49021,19,0.2691
"Van 23-403",32.60172,-85.49016,20,0.2760
"Van 23-403",32.60158,-85.49004,21,0.2880
"Van 23-403",32.60127,-85.48939,22,0.3315
"Van 23-403",32.60121,-85.48923,23,0.3417
"Van 23-403",32.60121,-85.48905,24,0.3522
"Van 23-403",32.60126,-85.4889,25,0.3616
"Van 23-403",32.6018,-85.48842,26,0.4082
"jAUnt 2",32.60307,-85.48942,1,0.0000
"jAUnt 2",32.60281,-85.4897,2,0.0243
"jAUnt 2",32.60257,-85.48989,3,0.0442
"jAUnt 2",32.60228,-85.49006,4,0.0666
"jAUnt 2",32.60205,-85.49019,5,0.0842
"jAUnt 2",32.60192,-85.49023,6,0.0935
"jAUnt 2",32.60179,-85.4902,7,0.1027
"jAUnt 2",32.60167,-85.49012,8,0.1122
"jAUnt 2",32.60159,-85.49002,9,0.1202
"jAUnt 2",32.60151,-85.48987,10,0.1306
"jAUnt 2",32.60126,-85.48939,11,0.1635
"jAUnt 2",32.60122,-85.48925,12,0.1721
"jAUnt 2",32.60121,-85.48909,13,0.1814
"jAUnt 2",32.60123,-85.48897,14,0.1886
"jAUnt 2",32.60129,-85.48886,15,0.1962
"jAUnt 2",32.60161,-85.48849,16,0.2271
"jAUnt 2",32.60198,-85.48823,17,0.2568
"jAUnt 2",32.602138655603156,-85.4881594863986,18,0.2686
"jAUnt 2",32.60252,-85.48799,19,0.2967
"jAUnt 2",32.60267,-85.48803,20,0.3074
"jAUnt 2",32.60281,-85.48809,21,0.3176
"jAUnt 2",32.60293,-85.4882,22,0.3281
"jAUnt 2",32.60312,-85.48858,23,0.3539
"jAUnt 2",32.60323,-85.4888,24,0.3688
"jAUnt 2",32.60326,-85.48911,25,0.3870
"jAUnt 2",32.60319,-85.4893,26,0.3991
"jAUnt 2",32.60308,-85.48942,27,0.4094
"jAUnt 3",32.60307,-85.48942,1,0.0000
"jAUnt 3",32.60281,-85.4897,2,0.0243
"jAUnt 3",32.60257,-85.48989,3,0.0442
"jAUnt 3",32.60228,-85.49006,4,0.0666
"jAUnt 3",32.60205,-85.49019,5,0.0842
"jAUnt 3",32.60192,-85.49023,6,0.0935
"jAUnt 3",32.60179,-85.4902,7,0.1027
"jAUnt 3",32.60167,-85.49012,8,0.1122
"jAUnt 3",32.60159,-85.49002,9,0.1202
"jAUnt 3",32.60151,-85.48987,10,0.1306
"jAUnt 3",32.60126,-85.48939,11,0.1635
"jAUnt 3",32.60122,-85.48925,12,0.1721
"jAUnt 3",32.60121,-85.48909,13,0.1814
"jAUnt 3",32.60123,-85.48897,14,0.1886
"jAUnt 3",32.60129,-85.48886,15,0.1962
"jAUnt 3",32.60161,-85.48849,16,0.2271
"jAUnt 3",32.60198,-85.48823,17,0.2568
"jAUnt 3",32.602138655603156,-85.4881594863986,18,0.2686
"jAUnt 3",32.60252,-85.48799,19,0.2967
"jAUnt 3",32.60267,-85.48803,20,0.3074
"jAUnt 3",32.60281,-85.48809,21,0.3176
"jAUnt 3",32.60293,-85.4882,22,0.3281
"jAUnt 3",32.60312,-85.48858,23,0.3539
"jAUnt 3",32.60323,-85.4888,24,0.3688
"jAUnt 3",32.60326,-85.48911,25,0.3870
"jAUnt 3",32.60319,-85.4893,26,0.3991
"jAUnt 3",32.60308,-85.48942,27,0.4094
"jAUnt 4",32.60307,-85.48942,1,0.0000
"jAUnt 4",32.60281,-85.4897,2,0.0243
"jAUnt 4",32.60257,-85.48989,3,0.0442
"jAUnt 4",32.60228,-85.49006,4,0.0666
"jAUnt 4",32.60205,-85.49019,5,0.0842
"jAUnt 4",32.60192,-85.49023,6,0.0935
"jAUnt 4",32.60179,-85.4902,7,0.1027
"jAUnt 4",32.60167,-85.49012,8,0.1122
"jAUnt 4",32.60159,-85.49002,9,0.1202
"jAUnt 4",32.60151,-85.48987,10,0.1306
"jAUnt 4",32.60126,-85.48939,11,0.1635
"jAUnt 4",32.60122,-85.48925,12,0.1721
"jAUnt 4",32.60121,-85.48909,13,0.1814
"jAUnt 4",32.60123,-85.48897,14,0.1886
"jAUnt 4",32.60129,-85.48886,15,0.1962
"jAUnt 4",32.60161,-85.48849,16,0.2271
"jAUnt 4",32.60198,-85.48823,17,0.2568
"jAUnt 4",32.602138655603156,-85.4881594863986,18,0.2686
"jAUnt 4",32.60252,-85.48799,19,0.2967
"jAUnt 4",32.60267,-85.48803,20,0.3074
"jAUnt 4",32.60281,-85.48809,21,0.3176
"jAUnt 4",32.60293,-85.4882,22,0.3281
"jAUnt 4",32.60312,-85.48858,23,0.3539
"jAUnt 4",32.60323,-85.4888,24,0.3688
"jAUnt 4",32.60326,-85.48911,25,0.3870
"jAUnt 4",32.60319,-85.4893,26,0.3991
"jAUnt 4",32.60308,-85.48942,27,0.4094
"jAUnt 5",32.60307,-85.48942,1,0.0000
"jAUnt 5",32.60281,-85.4897,2,0.0243
"jAUnt 5",32.60257,-85.48989,3,0.0442
"jAUnt 5",32.60228,-85.49006,4,0.0666
"jAUnt 5",32.60205,-85.49019,5,0.0842
"jAUnt 5",32.60192,-85.49023,6,0.0935
"jAUnt 5",32.60179,-85.4902,7,0.1027
"jAUnt 5",32.60167,-85.49012,8,0.1122
"jAUnt 5",32.60159,-85.49002,9,0.1202
"jAUnt 5",32.60151,-85.48987,10,0.1306
"jAUnt 5",32.60126,-85.48939,11,0.1635
"jAUnt 5",32.60122,-85.48925,12,0.1721
"jAUnt 5",32.60121,-85.48909,13,0.1814
"jAUnt 5",32.60123,-85.48897,14,0.1886
"jAUnt 5",32.60129,-85.48886,15,0.1962
"jAUnt 5",32.60161,-85.48849,16,0.2271
"jAUnt 5",32.60198,-85.48823,17,0.2568
"jAUnt 5",32.602138655603156,-85.4881594863986,18,0.2686
"jAUnt 5",32.60252,-85.48799,19,0.2967
"jAUnt 5",32.60267,-85.48803,20,0.3074
"jAUnt 5",32.60281,-85.48809,21,0.3176
"jAUnt 5",32.60293,-85.4882,22,0.3281
"jAUnt 5",32.60312,-85.48858,23,0.3539
"jAUnt 5",32.60323,-85.4888,24,0.3688
"jAUnt 5",32.60326,-85.48911,25,0.3870
"jAUnt 5",32.60319,-85.4893,26,0.3991
"jAUnt 5",32.60308,-85.48942,27,0.4094
"jAUnt 6 ADA",32.60307,-85.48942,1,0.0000
"jAUnt 6 ADA",32.60281,-85.4897,2,0.0243
"jAUnt 6 ADA",32.60257,-85.48989,3,0.0442
"jAUnt 6 ADA",32.60228,-85.49006,4,0.0666
"jAUnt 6 ADA",32.60205,-85.49019,5,0.0842
"jAUnt 6 ADA",32.60192,-85.49023,6,0.0935
"jAUnt 6 ADA",32.60179,-85.4902,7,0.1027
"jAUnt 6 ADA",32.60167,-85.49012,8,0.1122
"jAUnt 6 ADA",32.60159,-85.49002,9,0.1202
"jAUnt 6 ADA",32.60151,-85.48987,10,0.1306
"jAUnt 6 ADA",32.60126,-85.48939,11,0.1635
"jAUnt 6 ADA",32.60122,-85.48925,12,0.1721
"jAUnt 6 ADA",32.60121,-85.48909,13,0.1814
"jAUnt 6 ADA",32.60123,-85.48897,14,0.1886
"jAUnt 6 ADA",32.60129,-85.48886,15,0.1962
"jAUnt 6 ADA",32.60161,-85.48849,16,0.2271
"jAUnt 6 ADA",32.60198,-85.48823,17,0.2568
"jAUnt 6 ADA",32.602138655603156,-85.4881594863986,18,0.2686
"jAUnt 6 ADA",32.60252,-85.48799,19,0.2967
"jAUnt 6 ADA",32.60267,-85.48803,20,0.3074
"jAUnt 6 ADA",32.60281,-85.48809,21,0.3176
"jAUnt 6 ADA",32.60293,-85.4882,22,0.3281
"jAUnt 6 ADA",32.60312,-85.48858,23,0.3539
"jAUnt 6 ADA",32.60323,-85.4888,24,0.3688
"jAUnt 6 ADA",32.60326,-85.48911,25,0.3870
"jAUnt 6 ADA",32.60319,-85.4893,26,0.3991
"jAUnt 6 ADA",32.60308,-85.48942,27,0.4094
"jAUnt 8",32.60307,-85.48942,1,0.0000
"jAUnt 8",32.60281,-85.4897,2,0.0243
"jAUnt 8",32.60257,-85.48989,3,0.0442
"jAUnt 8",32.60228,-85.49006,4,0.0666
"jAUnt 8",32.60205,-85.49019,5,0.0842
"jAUnt 8",32.60192,-85.49023,6,0.0935
"jAUnt 8",32.60179,-85.4902,7,0.1027
"jAUnt 8",32.60167,-85.49012,8,0.1122
"jAUnt 8",32.60159,-85.49002,9,0.1202
"jAUnt 8",32.60151,-85.48987,10,0.1306
"jAUnt 8",32.60126,-85.48939,11,0.1635
"jAUnt 8",32.60122,-85.48925,12,0.1721
"jAUnt 8",32.60121,-85.48909,13,0.1814
"jAUnt 8",32.60123,-85.48897,14,0.1886
"jAUnt 8",32.60129,-85.48886,15,0.1962
"jAUnt 8",32.60161,-85.48849,16,0.2271
"jAUnt 8",32.60198,-85.48823,17,0.2568
"jAUnt 8",32.602138655603156,-85.4881594863986,18,0.2686
"jAUnt 8",32.60252,-85.48799,19,0.2967
"jAUnt 8",32.60267,-85.48803,20,0.3074
"jAUnt 8",32.60281,-85.48809,21,0.3176
"jAUnt 8",32.60293,-85.4882,22,0.3281
"jAUnt 8",32.60312,-85.48858,23,0.3539
"jAUnt 8",32.60323,-85.4888,24,0.3688
"jAUnt 8",32.60326,-85.48911,25,0.3870
"jAUnt 8",32.60319,-85.4893,26,0.3991
"jAUnt 8",32.60308,-85.48942,27,0.4094
"jAUnt 9",32.60307,-85.48942,1,0.0000
"jAUnt 9",32.60281,-85.4897,2,0.0243
"jAUnt 9",32.60257,-85.48989,3,0.0442
"jAUnt 9",32.60228,-85.49006,4,0.0666
"jAUnt 9",32.60205,-85.49019,5,0.0842
"jAUnt 9",32.60192,-85.49023,6,0.0935
"jAUnt 9",32.60179,-85.4902,7,0.1027
"jAUnt 9",32.60167,-85.49012,8,0.1122
"jAUnt 9",32.60159,-85.49002,9,0.1202
"jAUnt 9",32.60151,-85.48987,10,0.1306
"jAUnt 9",32.60126,-85.48939,11,0.1635
"jAUnt 9",32.60122,-85.48925,12,0.1721
"jAUnt 9",32.60121,-85.48909,13,0.1814
"jAUnt 9",32.60123,-85.48897,14,0.1886
"jAUnt 9",32.60129,-85.48886,15,0.1962
"jAUnt 9",32.60161,-85.48849,16,0.2271
"jAUnt 9",32.60198,-85.48823,17,0.2568
"jAUnt 9",32.602138655603156,-85.4881594863986,18,0.2686
"jAUnt 9",32.60252,-85.48799,19,0.2967
"jAUnt 9",32.60267,-85.48803,20,0.3074
"jAUnt 9",32.60281,-85.48809,21,0.3176
"jAUnt 9",32.60293,-85.4882,22,0.3281
"jAUnt 9",32.60312,-85.48858,23,0.3539
"jAUnt 9",32.60323,-85.4888,24,0.3688
"jAUnt 9",32.60326,-85.48911,25,0.3870
"jAUnt 9",32.60319,-85.4893,26,0.3991
"jAUnt 9",32.60308,-85.48942,27,0.4094
"jAUnt 10",32.60307,-85.48942,1,0.0000
"jAUnt 10",32.60281,-85.4897,2,0.0243
"jAUnt 10",32.60257,-85.48989,3,0.0442
"jAUnt 10",32.60228,-85.49006,4,0.0666
"jAUnt 10",32.60205,-85.49019,5,0.0842
"jAUnt 10",32.60192,-85.49023,6,0.0935
"jAUnt 10",32.60179,-85.4902,7,0.1027
"jAUnt 10",32.60167,-85.49012,8,0.1122
"jAUnt 10",32.60159,-85.49002,9,0.1202
"jAUnt 10",32.60151,-85.48987,10,0.1306
"jAUnt 10",32.60126,-85.48939,11,0.1635
"jAUnt 10",32.60122,-85.48925,12,0.1721
"jAUnt 10",32.60121,-85.48909,13,0.1814
"jAUnt 10",32.60123,-85.48897,14,0.1886
"jAUnt 10",32.60129,-85.48886,15,0.1962
"jAUnt 10",32.60161,-85.48849,16,0.2271
"jAUnt 10",32.60198,-85.48823,17,0.2568
"jAUnt 10",32.602138655603156,-85.4881594863986,18,0.2686
"jAUnt 10",32.60252,-85.48799,19,0.2967
"jAUnt 10",32.60267,-85.48803,20,0.3074
"jAUnt 10",32.60281,-85.48809,21,0.3176
"jAUnt 10",32.60293,-85.4882,22,0.3281
"jAUnt 10",32.60312,-85.48858,23,0.3539
"jAUnt 10",32.60323,-85.4888,24,0.3688
"jAUnt 10",32.60326,-85.48911,25,0.3870
"jAUnt 10",32.60319,-85.4893,26,0.3991
"jAUnt 10",32.60308,-85.48942,27,0.4094
"Van 23-404",32.6018,-85.48841,1,0.0000
"Van 23-404",32.60217,-85.48817,2,0.0292
"Van 23-404",32.60253,-85.48801,3,0.0558
"Van 23-404",32.60263,-85.48802,4,0.0627
"Van 23-404",32.60275,-85.48806,5,0.0713
"Van 23-404",32.60285,-85.48812,6,0.0791
"Van 23-404",32.60291,-85.4882,7,0.0853
"Van 23-404",32.60322,-85.4888,8,0.1263
"Van 23-404",32.60326,-85.48891,9,0.1333
"Van 23-404",32.60326,-85.48905,10,0.1415
"Van 23-404",32.60325,-85.48917,11,0.1485
"Van 23-404",32.60321,-85.48928,12,0.1555
"Van 23-404",32.60316,-85.48938,13,0.1622
"Van 23-404",32.60273,-85.48975,14,0.1990
"Van 23-404",32.602543228500885,-85.48989168872346,15,0.2143
"Van 23-404",32.60244,-85.48997,16,0.2228
"Van 23-404",32.60204,-85.49015,17,0.2524
"Van 23-404",32.6019,-85.49022,18,0.2629
"Van 23-404",32.60181,-85.49021,19,0.2691
"Van 23-404",32.60172,-85.49016,20,0.2760
"Van 23-404",32.60158,-85.49004,21,0.2880
"Van 23-404",32.60127,-85.48939,22,0.3315
"Van 23-404",32.60121,-85.48923,23,0.3417
"Van 23-404",32.60121,-85.48905,24,0.3522
"Van 23-404",32.60126,-85.4889,25,0.3616
"Van 23-404",32.6018,-85.48842,26,0.4082